model,score
8DP3 - model 1.pdb,116.07219532745678
8DP3 - model 2.pdb,116.07219532745678
8DP3 - model 3.pdb,116.07219532745678
