pdb_file,score
4GXY.pdb,9.897348256113903
4R4V.pdb,7.75489472798977
5TPY.pdb,1.964577126775788
7BG9.pdb,-26.400214383815722
7QR4.pdb,-1.866697750266205
PZ18_Chen_1.pdb,12.488786696806446
PZ18_DasORIGINAL_1.pdb,11.821319519668627
PZ18_Das_1.pdb,13.047329190349082
PZ30_Bujnicki_1.pdb,-1.6485185561723612
PZ30_Chen_1.pdb,-1.9765884868161456
PZ30_Ding_1.pdb,11.848170149982664
PZ35_Bujnicki_1.pdb,2.0723217883182783
PZ35_Chen_1.pdb,1.335690562834825
PZ35_Dfold2_1.pdb,29.142284317415562
PZ6_Bujnicki_1.pdb,11.541417031605835
PZ6_Chen_1.pdb,50.15723270017286
PZ6_Das_1.pdb,73.40460640478783
PZ7_Adamiak_1.pdb,76.13518407778699
PZ7_Bujnicki_1.pdb,87.81299682633251
PZ7_Chen_1.pdb,38.491509767576225
