pdb_file,score
4GXY.pdb,9.897334256580935
4R4V.pdb,7.754892163917138
5TPY.pdb,1.9645751568558205
7BG9.pdb,-26.400307802299068
7QR4.pdb,-1.866700472632628
PZ18_Chen_1.pdb,12.488777324266753
PZ18_DasORIGINAL_1.pdb,11.821326314088438
PZ18_Das_1.pdb,13.047330163454523
PZ30_Bujnicki_1.pdb,-1.648461532552015
PZ30_Chen_1.pdb,-1.976540526385317
PZ30_Ding_1.pdb,11.84802146192345
PZ35_Bujnicki_1.pdb,2.072338571785346
PZ35_Chen_1.pdb,1.3356923835488164
PZ35_Dfold2_1.pdb,29.142286444779234
PZ6_Bujnicki_1.pdb,11.54141332534388
PZ6_Chen_1.pdb,50.15721919949876
PZ6_Das_1.pdb,73.40460584049721
PZ7_Adamiak_1.pdb,76.13518201395094
PZ7_Bujnicki_1.pdb,87.81309953451996
PZ7_Chen_1.pdb,38.49150656438488
