structure_file	base_pair	distance
4GXY.pdb	GU	18.099489263304438
4GXY.pdb	GG	15.856546757530332
4GXY.pdb	CG	16.083355523423577
4GXY.pdb	CG	16.776316962568327
4GXY.pdb	GU	18.107721096132067
4GXY.pdb	GG	19.01399047205803
4GXY.pdb	CG	19.29511671477089
4GXY.pdb	CG	17.76109198554526
4GXY.pdb	GG	16.123483014668288
4GXY.pdb	GU	13.435154389974057
4GXY.pdb	CC	19.375084862112665
4GXY.pdb	CU	15.097255151435679
4GXY.pdb	CG	14.39956159470468
4GXY.pdb	CC	16.192518738244132
4GXY.pdb	CC	17.6755103491312
4GXY.pdb	CU	18.91583292073293
4GXY.pdb	CG	19.274206498269784
4GXY.pdb	CC	18.77552834899262
4GXY.pdb	CC	16.564370307027566
4GXY.pdb	CG	14.701990458868575
4GXY.pdb	CU	12.630925350794932
4GXY.pdb	GG	19.69068795154224
4GXY.pdb	CG	19.39587930224434
4GXY.pdb	CG	15.812981842656402
4GXY.pdb	GU	13.4820273182121
4GXY.pdb	GG	14.397840330841053
4GXY.pdb	CG	16.952813661146504
4GXY.pdb	CG	18.287858809379216
4GXY.pdb	GU	18.692953417568642
4GXY.pdb	GG	18.062780788231965
4GXY.pdb	CG	16.647293009668175
4GXY.pdb	CG	14.155379370878753
4GXY.pdb	GG	13.030531474982453
4GXY.pdb	GU	13.092066863424066
4GXY.pdb	GG	19.703917172125987
4GXY.pdb	GG	16.086765592545312
4GXY.pdb	CG	15.596251243736067
4GXY.pdb	CG	18.892585765962934
4GXY.pdb	AG	19.26365516868536
4GXY.pdb	CG	16.922288609866808
4GXY.pdb	CG	14.950787716496881
4GXY.pdb	GU	14.554005748282972
4GXY.pdb	GG	15.777724809195012
4GXY.pdb	CG	17.848727657167988
4GXY.pdb	CG	18.317104900029058
4GXY.pdb	GU	17.60640987417094
4GXY.pdb	GG	16.002479250219153
4GXY.pdb	CG	13.98308257229225
4GXY.pdb	CG	11.992484139756035
4GXY.pdb	GG	12.545485505227413
4GXY.pdb	GU	14.86077726824841
4GXY.pdb	CU	19.851649319592614
4GXY.pdb	CG	16.638816145865256
4GXY.pdb	CG	12.500534253585858
4GXY.pdb	CC	11.956388405677087
4GXY.pdb	CC	15.618747515474015
4GXY.pdb	CC	18.6430247965104
4GXY.pdb	CC	15.789962368159495
4GXY.pdb	CG	16.84246290435541
4GXY.pdb	AC	17.69745638795868
4GXY.pdb	AC	15.515421806567218
4GXY.pdb	CC	14.79189586428455
4GXY.pdb	CC	14.998902457381352
4GXY.pdb	CU	16.11050001618125
4GXY.pdb	CG	17.034639009986748
4GXY.pdb	CC	18.232374403949027
4GXY.pdb	CC	17.79632067782132
4GXY.pdb	CU	16.171458482156996
4GXY.pdb	CG	14.080094029427302
4GXY.pdb	CC	12.391207379485511
4GXY.pdb	CC	12.297193621631765
4GXY.pdb	CG	15.037692290433695
4GXY.pdb	CU	18.825641049746956
4GXY.pdb	AA	19.640939269941654
4GXY.pdb	AG	15.51653476046323
4GXY.pdb	AG	12.431764501552992
4GXY.pdb	AC	12.866848580864627
4GXY.pdb	AC	16.808530875485165
4GXY.pdb	AC	15.635047713550797
4GXY.pdb	AC	11.485120867324596
4GXY.pdb	AG	12.260347580672134
4GXY.pdb	AG	16.176020034181917
4GXY.pdb	AA	19.553086705538735
4GXY.pdb	AA	13.892166510608815
4GXY.pdb	AA	12.781829883532929
4GXY.pdb	AC	14.022129326695687
4GXY.pdb	AC	16.100759282798133
4GXY.pdb	AU	17.667752920914495
4GXY.pdb	AG	17.694123292356178
4GXY.pdb	AC	17.65483869596557
4GXY.pdb	AC	16.293739854726883
4GXY.pdb	AU	14.108819129402995
4GXY.pdb	AG	12.37068830594279
4GXY.pdb	AC	12.327838534098976
4GXY.pdb	AC	14.661074985042864
4GXY.pdb	AG	18.837685992072565
4GXY.pdb	CG	19.37310719643245
4GXY.pdb	GU	17.720631744490095
4GXY.pdb	AG	16.62154687109017
4GXY.pdb	AG	16.10535817741508
4GXY.pdb	AG	17.684399956916472
4GXY.pdb	GU	19.436275202059676
4GXY.pdb	GG	16.423190495768868
4GXY.pdb	GG	15.226412522967939
4GXY.pdb	CG	17.081006551074946
4GXY.pdb	CG	17.040446247234303
4GXY.pdb	CG	11.49438408688644
4GXY.pdb	GG	10.18107169214605
4GXY.pdb	GG	12.9354495899706
4GXY.pdb	GG	18.037513939023707
4GXY.pdb	AG	15.983925406947371
4GXY.pdb	AG	10.094955543442197
4GXY.pdb	AG	11.48339585585801
4GXY.pdb	CG	13.967864723833195
4GXY.pdb	CG	16.942397020062398
4GXY.pdb	GU	18.193635458360845
4GXY.pdb	GG	17.138321766917294
4GXY.pdb	CG	15.868469307468205
4GXY.pdb	CG	14.002829469411381
4GXY.pdb	GU	12.225336747138694
4GXY.pdb	GG	12.25737161709675
4GXY.pdb	CG	14.62527030208115
4GXY.pdb	CG	18.497503688169804
4GXY.pdb	GU	19.48098855393435
4GXY.pdb	GU	17.155488292370396
4GXY.pdb	GU	12.875945884711973
4GXY.pdb	AG	12.799383200555637
4GXY.pdb	AG	11.900306046951648
4GXY.pdb	AG	12.839304520911375
4GXY.pdb	AG	17.657221416087037
4GXY.pdb	GU	16.86395147145361
4GXY.pdb	GG	18.621806801698774
4GXY.pdb	GG	19.01392462942993
4GXY.pdb	CG	15.483501112109497
4GXY.pdb	GG	12.08278222048394
4GXY.pdb	GG	12.275518953348286
4GXY.pdb	GG	16.43159460830243
4GXY.pdb	AG	19.08410890424299
4GXY.pdb	GG	19.5174199748269
4GXY.pdb	AG	13.16217482392922
4GXY.pdb	AG	7.771421433187003
4GXY.pdb	AG	12.190982779629401
4GXY.pdb	CG	14.596934234014327
4GXY.pdb	CG	17.47821500555264
4GXY.pdb	GU	17.956864953047088
4GXY.pdb	GG	15.861015601797806
4GXY.pdb	CG	13.572135100123473
4GXY.pdb	CG	11.944645869379695
4GXY.pdb	GU	11.856936218760952
4GXY.pdb	GG	14.303571574705101
4GXY.pdb	CG	18.362108625675127
4GXY.pdb	GU	19.398561577278535
4GXY.pdb	GU	17.660577042155662
4GXY.pdb	UU	13.643200019434387
4GXY.pdb	UU	10.66774497380115
4GXY.pdb	AU	11.325808535502134
4GXY.pdb	AU	8.56972434965375
4GXY.pdb	AU	7.524051715738887
4GXY.pdb	AU	12.582061728774365
4GXY.pdb	GU	16.813615787415024
4GXY.pdb	GU	19.311504253911597
4GXY.pdb	GU	19.84327111088012
4GXY.pdb	UU	17.44913344694921
4GXY.pdb	GU	15.626362258719938
4GXY.pdb	GU	13.662900568391354
4GXY.pdb	GU	16.578769485214302
4GXY.pdb	AU	17.42716754099649
4GXY.pdb	GU	16.927772688937775
4GXY.pdb	AU	11.182113583250873
4GXY.pdb	AU	7.7469011629107865
4GXY.pdb	AU	13.53068594568375
4GXY.pdb	CU	14.852442816580137
4GXY.pdb	CU	17.027523748350074
4GXY.pdb	UU	16.756654293164342
4GXY.pdb	GU	14.135469382095911
4GXY.pdb	CU	11.740549064679968
4GXY.pdb	CU	11.831695446784028
4GXY.pdb	UU	14.20255123758851
4GXY.pdb	GU	18.23831414318669
4GXY.pdb	GG	13.594546931674545
4GXY.pdb	GU	14.29874611488553
4GXY.pdb	CG	16.392538928214826
4GXY.pdb	GG	18.788594653746934
4GXY.pdb	GG	19.9902936506679
4GXY.pdb	AG	19.322829191278576
4GXY.pdb	GG	17.218080900242676
4GXY.pdb	GU	14.930045819052275
4GXY.pdb	GU	13.970275148501099
4GXY.pdb	AG	15.446227222418296
4GXY.pdb	AG	11.500940801859752
4GXY.pdb	AG	7.140418027737767
4GXY.pdb	AG	10.326672849508611
4GXY.pdb	GG	14.21755886312519
4GXY.pdb	GG	16.624839668627605
4GXY.pdb	GG	19.324749627565605
4GXY.pdb	GG	18.019625174888688
4GXY.pdb	GU	17.246828460691457
4GXY.pdb	GG	17.836749171380923
4GXY.pdb	GG	14.044989814751961
4GXY.pdb	GG	15.273592450498944
4GXY.pdb	AG	14.120744515423521
4GXY.pdb	AG	17.968037652267643
4GXY.pdb	GG	16.877445911211755
4GXY.pdb	GG	12.941129164812963
4GXY.pdb	AG	8.627270391894333
4GXY.pdb	AG	8.85804947462675
4GXY.pdb	AG	14.462589787551307
4GXY.pdb	CG	15.386578607291062
4GXY.pdb	CG	17.642802946531223
4GXY.pdb	GU	17.880584443897973
4GXY.pdb	GG	16.043635362246288
4GXY.pdb	CG	14.841892240796719
4GXY.pdb	CG	16.56715392283129
4GXY.pdb	GU	19.85187255777587
4GXY.pdb	CG	14.483246244148797
4GXY.pdb	CU	15.90911404363308
4GXY.pdb	CC	17.807456939458707
4GXY.pdb	CG	19.07172829572877
4GXY.pdb	CG	18.85585402339559
4GXY.pdb	CG	17.669961804814438
4GXY.pdb	AC	16.062555062274697
4GXY.pdb	CG	13.32220138279078
4GXY.pdb	CU	10.941665399630688
4GXY.pdb	CU	11.54267649561995
4GXY.pdb	AC	14.642242980710904
4GXY.pdb	AC	12.143619361018656
4GXY.pdb	AC	8.552063987349934
4GXY.pdb	AC	12.803073977269177
4GXY.pdb	CG	18.041493550433625
4GXY.pdb	CG	17.58222160328846
4GXY.pdb	CU	17.39312338593822
4GXY.pdb	CG	17.820782091758556
4GXY.pdb	CG	18.238300641521683
4GXY.pdb	AC	17.544332795794098
4GXY.pdb	CG	17.36965207375093
4GXY.pdb	AC	13.297441547788875
4GXY.pdb	AC	13.565992892270783
4GXY.pdb	AC	19.599864075881555
4GXY.pdb	CG	19.814758870102953
4GXY.pdb	CC	17.204528440658304
4GXY.pdb	CC	17.79062473194892
4GXY.pdb	GU	15.553855140155003
4GXY.pdb	UU	17.28340278729257
4GXY.pdb	CU	18.85142661371832
4GXY.pdb	GU	19.07711306025007
4GXY.pdb	GU	17.67204417031607
4GXY.pdb	GU	15.780603244739527
4GXY.pdb	AU	13.831827917064498
4GXY.pdb	GU	11.62417718477548
4GXY.pdb	UU	10.98379398179693
4GXY.pdb	UU	13.991675796086923
4GXY.pdb	AU	17.992861188025035
4GXY.pdb	AU	16.474729655888762
4GXY.pdb	AU	13.280066512394452
4GXY.pdb	AU	16.65698308059435
4GXY.pdb	GU	19.232056311585374
4GXY.pdb	AU	18.702365172235496
4GXY.pdb	AU	19.744220415400008
4GXY.pdb	AC	19.678304038364175
4GXY.pdb	CG	16.447031621313297
4GXY.pdb	CU	17.70927011282961
4GXY.pdb	CC	18.634946303396507
4GXY.pdb	CG	17.978305845927043
4GXY.pdb	CG	15.949272859333407
4GXY.pdb	CG	14.229066863033033
4GXY.pdb	AC	13.095289731609212
4GXY.pdb	CG	12.866544607236492
4GXY.pdb	CU	14.639430994286876
4GXY.pdb	CU	18.69387633841081
4GXY.pdb	AC	17.423823643590136
4GXY.pdb	AC	19.439458414551066
4GXY.pdb	CC	19.832278094588965
4GXY.pdb	CG	18.186742946635917
4GXY.pdb	CU	18.247770839413924
4GXY.pdb	CC	17.98118577085705
4GXY.pdb	CG	16.155638817400668
4GXY.pdb	CG	13.588419957664671
4GXY.pdb	CG	12.55161279020721
4GXY.pdb	AC	12.976445297406755
4GXY.pdb	CG	15.05330241964417
4GXY.pdb	CU	18.721804719218245
4GXY.pdb	CG	18.28942287403223
4GXY.pdb	CU	17.20063108006164
4GXY.pdb	CC	16.045981327462652
4GXY.pdb	CG	13.841994480557217
4GXY.pdb	CG	12.163284932098797
4GXY.pdb	CG	13.205072740072154
4GXY.pdb	AC	15.603479489114939
4GXY.pdb	CG	19.089823468432357
4GXY.pdb	GU	15.792030653909363
4GXY.pdb	CG	14.103942753723189
4GXY.pdb	GG	12.489106459144065
4GXY.pdb	GG	13.00039478650972
4GXY.pdb	GG	16.164197670283084
4GXY.pdb	AG	19.776710880567286
4GXY.pdb	AC	12.64803479097817
4GXY.pdb	AG	12.996045216393478
4GXY.pdb	AG	15.85621143951488
4GXY.pdb	CG	16.672552182862884
4GXY.pdb	AC	18.634592102866453
4GXY.pdb	AG	18.64399389964095
4GXY.pdb	AG	17.997603468010382
4GXY.pdb	GG	18.993093761605206
4GXY.pdb	GG	19.55691955872196
4GXY.pdb	GG	19.45445384892238
4GXY.pdb	GU	18.25771984242425
4GXY.pdb	GG	18.199969812062246
4GXY.pdb	GU	19.503902706817357
4GXY.pdb	GG	17.773961658964048
4GXY.pdb	GG	17.446709719970634
4GXY.pdb	AG	12.415477281113356
4GXY.pdb	AG	11.675913145490707
4GXY.pdb	GG	15.85528560558619
4GXY.pdb	CG	18.85890128809971
4GXY.pdb	AG	13.087712838886622
4GXY.pdb	GG	10.030520211741049
4GXY.pdb	GG	11.182815564585942
4GXY.pdb	AG	13.50045042610802
4GXY.pdb	AG	18.65324768876577
4GXY.pdb	GU	19.73307173744948
4GXY.pdb	AU	17.452064935968707
4GXY.pdb	AU	14.94915220258303
4GXY.pdb	GU	14.82984300968506
4GXY.pdb	GU	15.56965481832751
4GXY.pdb	GU	16.04811008282922
4GXY.pdb	AU	19.18484469744623
4GXY.pdb	AU	15.874915958243262
4GXY.pdb	AU	14.908066744187158
4GXY.pdb	GU	19.771599734875284
4GXY.pdb	CU	16.886200806568585
4GXY.pdb	AU	11.852921575157598
4GXY.pdb	GU	10.289069533006952
4GXY.pdb	GU	12.4213079849554
4GXY.pdb	AU	15.427037680089338
4GXY.pdb	AC	19.93576783627672
4GXY.pdb	AC	17.163302219238638
4GXY.pdb	AC	13.116409729919793
4GXY.pdb	CG	12.456027043650085
4GXY.pdb	CG	14.230584709351719
4GXY.pdb	CG	16.0547485012917
4GXY.pdb	AC	18.5250932112437
4GXY.pdb	CC	18.84884310907636
4GXY.pdb	AC	15.089846136788386
4GXY.pdb	CG	14.663162440459928
4GXY.pdb	CG	16.691815431237657
4GXY.pdb	AC	19.224304451272815
4GXY.pdb	GG	19.76904211383556
4GXY.pdb	AG	17.31601626714294
4GXY.pdb	AG	13.00969777677934
4GXY.pdb	GG	13.575501140074737
4GXY.pdb	GG	17.02657119899144
4GXY.pdb	AG	17.01607063855055
4GXY.pdb	AG	13.930992812882039
4GXY.pdb	GG	16.59924596912967
4GXY.pdb	AG	18.667188130204472
4GXY.pdb	AG	15.99825364389306
4GXY.pdb	AG	14.696339473014136
4GXY.pdb	GG	19.05925698463786
4GXY.pdb	AA	18.039904547659678
4GXY.pdb	AA	16.417194440521317
4GXY.pdb	AA	14.935124703124039
4GXY.pdb	AA	15.619511639657478
4GXY.pdb	AG	13.174647076222145
4GXY.pdb	AG	12.958069561653787
4GXY.pdb	AG	15.886378779039806
4GXY.pdb	CG	18.387415402205416
4GXY.pdb	CG	18.417892714204644
4GXY.pdb	AU	11.740607534087909
4GXY.pdb	AU	16.780042984570482
4GXY.pdb	CU	16.498105388967677
4GXY.pdb	CU	14.851551515892249
4GXY.pdb	UU	17.64465865365094
4GXY.pdb	AU	16.76091919846971
4GXY.pdb	AU	18.251822971439456
4GXY.pdb	GU	18.73734578264732
4GXY.pdb	CU	13.527802230043234
4GXY.pdb	CU	10.634503661504807
4GXY.pdb	UU	12.622141038123198
4GXY.pdb	GU	17.826680660485493
4GXY.pdb	AA	18.57358291638002
4GXY.pdb	AG	15.35253085652189
4GXY.pdb	AC	9.71756469281462
4GXY.pdb	AC	6.0771659276044305
4GXY.pdb	AU	8.997959702089343
4GXY.pdb	AG	14.702124988959609
4GXY.pdb	AA	18.66211350877114
4GXY.pdb	AA	15.466163410242615
4GXY.pdb	AC	19.52896934719014
4GXY.pdb	AC	19.05806041325507
4GXY.pdb	AU	15.808277828493399
4GXY.pdb	AG	10.935850410066415
4GXY.pdb	AC	6.073710639404971
4GXY.pdb	AC	6.656958360699688
4GXY.pdb	AU	11.716424542936318
4GXY.pdb	AG	17.280524703278985
4GXY.pdb	AG	19.86626361350891
4GXY.pdb	AG	18.662158004141276
4GXY.pdb	AA	14.955285720286577
4GXY.pdb	AA	13.476141361270836
4GXY.pdb	AA	18.488320501787314
4GXY.pdb	AC	17.750044444187825
4GXY.pdb	AC	17.759269342991868
4GXY.pdb	AU	15.474557215234825
4GXY.pdb	AG	11.835676650103675
4GXY.pdb	AC	9.41109241700742
4GXY.pdb	AC	11.963332895059535
4GXY.pdb	AU	16.73502504499629
4GXY.pdb	AG	18.047614302629853
4GXY.pdb	AA	16.397114213132937
4GXY.pdb	AA	16.244199851534393
4GXY.pdb	AA	19.9782667286248
4GXY.pdb	AC	17.74811766654636
4GXY.pdb	AC	16.390747229381144
4GXY.pdb	AU	13.661031423519578
4GXY.pdb	AG	11.152176527231159
4GXY.pdb	AC	11.335332649246862
4GXY.pdb	AC	15.92252553604154
4GXY.pdb	AG	19.91182476386396
4GXY.pdb	GG	18.08003510537704
4GXY.pdb	GG	16.982544789000052
4GXY.pdb	AG	17.251577590310266
4GXY.pdb	AG	17.87451107859884
4GXY.pdb	AG	19.740319572287838
4GXY.pdb	CG	16.11802640481984
4GXY.pdb	CG	13.565301020719525
4GXY.pdb	GU	11.477620868077837
4GXY.pdb	GG	11.629484836011716
4GXY.pdb	CG	14.624839051630039
4GXY.pdb	GG	16.090666348879594
4GXY.pdb	GG	15.08824096303281
4GXY.pdb	GU	19.161719879569986
4GXY.pdb	GG	19.83957344262383
4GXY.pdb	GU	19.22810515496462
4GXY.pdb	CG	19.53787679576907
4GXY.pdb	AG	16.89104435887799
4GXY.pdb	GG	15.655589784525041
4GXY.pdb	GG	15.019298479386144
4GXY.pdb	AG	16.747096098174943
4GXY.pdb	AG	18.02053674453073
4GXY.pdb	AG	18.16296537588867
4GXY.pdb	CG	13.88748179508576
4GXY.pdb	CG	11.280300997505174
4GXY.pdb	GU	11.458131098363646
4GXY.pdb	GG	14.018969931781152
4GXY.pdb	CG	18.206513901756153
4GXY.pdb	CG	16.468331643794894
4GXY.pdb	GG	11.642074512673055
4GXY.pdb	GG	11.247443860789584
4GXY.pdb	GU	16.305625698080277
4GXY.pdb	CG	15.994204116633316
4GXY.pdb	AG	17.460863780448026
4GXY.pdb	CG	18.223091634899784
4GXY.pdb	GU	19.99577636476197
4GXY.pdb	GU	18.928636423010985
4GXY.pdb	GG	18.90002506843509
4GXY.pdb	AG	18.902371154548174
4GXY.pdb	AG	18.530675722960538
4GXY.pdb	AG	18.934313950558767
4GXY.pdb	GG	13.930489054314027
4GXY.pdb	GU	13.66447077942211
4GXY.pdb	CG	14.839624810679481
4GXY.pdb	AG	13.044818688687439
4GXY.pdb	GG	12.726509084618147
4GXY.pdb	GG	13.161669388154005
4GXY.pdb	AG	16.785728347605616
4GXY.pdb	AG	19.211368352993333
4GXY.pdb	AG	17.96722803127465
4GXY.pdb	CG	14.033669074684598
4GXY.pdb	CG	12.780235027985677
4GXY.pdb	GU	15.353834326155031
4GXY.pdb	GG	18.911780424862343
4GXY.pdb	AG	18.270960738453127
4GXY.pdb	AA	15.980377503377694
4GXY.pdb	AC	10.493018408938665
4GXY.pdb	AG	6.619563911029323
4GXY.pdb	AG	9.109320591651615
4GXY.pdb	AU	13.409738962655988
4GXY.pdb	AC	17.605054486462663
4GXY.pdb	AC	19.79230610443474
4GXY.pdb	AC	18.950989506056615
4GXY.pdb	AC	15.563680893163255
4GXY.pdb	AA	18.95866722408633
4GXY.pdb	AA	17.259731218961544
4GXY.pdb	AG	11.911952263321043
4GXY.pdb	AU	10.125076313742415
4GXY.pdb	AC	12.821632352062286
4GXY.pdb	AA	13.776041590866237
4GXY.pdb	AG	15.764570904889158
4GXY.pdb	AG	17.922487189056106
4GXY.pdb	AC	19.71382939734688
4GXY.pdb	AC	17.99334110815901
4GXY.pdb	AA	18.157029778821638
4GXY.pdb	AG	13.899633774630933
4GXY.pdb	AU	16.18752683570614
4GXY.pdb	AG	19.004980534000033
4GXY.pdb	AC	15.602843996112153
4GXY.pdb	AA	11.074284860459333
4GXY.pdb	AC	6.779660378885432
4GXY.pdb	AG	6.861118398908333
4GXY.pdb	AG	11.898490901319153
4GXY.pdb	AU	15.236879639784865
4GXY.pdb	AC	17.33197637724091
4GXY.pdb	AC	18.308209175809413
4GXY.pdb	AC	19.71540567164875
4GXY.pdb	AC	18.673526728233153
4GXY.pdb	AC	15.732079943421422
4GXY.pdb	AA	15.023652185705291
4GXY.pdb	AG	10.520536446186862
4GXY.pdb	AU	6.656269977729304
4GXY.pdb	AC	10.314412261203849
4GXY.pdb	AA	13.873503994680075
4GXY.pdb	AG	17.570674608439436
4GXY.pdb	AG	18.421246097659402
4GXY.pdb	AG	12.64516501574408
4GXY.pdb	GG	9.152189888632028
4GXY.pdb	GU	12.745001259958263
4GXY.pdb	CG	17.723213930462588
4GXY.pdb	CG	19.56056357612739
4GXY.pdb	GG	19.239505867282414
4GXY.pdb	GG	16.40414082810465
4GXY.pdb	CG	13.962311867350788
4GXY.pdb	AG	11.338630986829532
4GXY.pdb	CG	10.12609315560902
4GXY.pdb	GG	12.5904075119593
4GXY.pdb	GG	17.783751963281638
4GXY.pdb	CG	18.57024180426399
4GXY.pdb	GU	19.298618443344154
4GXY.pdb	GG	19.249636634989606
4GXY.pdb	AG	14.963895609767281
4GXY.pdb	GG	12.486965354544775
4GXY.pdb	GU	6.911094041134263
4GXY.pdb	CG	8.100844932489593
4GXY.pdb	AG	13.491116808819541
4GXY.pdb	GG	18.444943084914645
4GXY.pdb	CU	19.112459158383356
4GXY.pdb	AC	16.099674552202305
4GXY.pdb	AC	11.06127047602145
4GXY.pdb	CG	9.94090938639418
4GXY.pdb	CU	13.572567615353497
4GXY.pdb	CC	17.070229802585118
4GXY.pdb	CC	17.54447227530588
4GXY.pdb	CG	16.46696060376477
4GXY.pdb	CG	13.82431967395057
4GXY.pdb	CC	12.085280570126708
4GXY.pdb	AC	11.878274469079956
4GXY.pdb	CC	13.669446747814508
4GXY.pdb	CG	17.86697281727828
4GXY.pdb	AC	18.679867357620527
4GXY.pdb	CG	17.61232409075038
4GXY.pdb	CU	12.393894994621382
4GXY.pdb	CC	12.730842643895222
4GXY.pdb	AC	18.54101514149416
4GXY.pdb	CG	18.73235255480253
4GXY.pdb	CC	19.438337675664975
4GXY.pdb	AC	15.892464630650542
4GXY.pdb	AC	12.240890972458866
4GXY.pdb	CG	12.917859046714039
4GXY.pdb	CU	15.35847825945862
4GXY.pdb	CC	16.96962076804228
4GXY.pdb	CC	15.903117095694869
4GXY.pdb	CG	14.076643706636677
4GXY.pdb	CG	12.185396348471617
4GXY.pdb	CC	11.963266144468944
4GXY.pdb	AC	14.217359680350842
4GXY.pdb	CC	17.790313656357636
4GXY.pdb	CU	17.246910412216238
4GXY.pdb	CC	17.64962841908027
4GXY.pdb	CG	16.74737594882631
4GXY.pdb	AG	14.632411079325058
4GXY.pdb	AG	12.6253954984899
4GXY.pdb	GG	14.633049470478936
4GXY.pdb	GU	15.825711803449725
4GXY.pdb	CG	15.5752172898735
4GXY.pdb	CG	13.578712467348913
4GXY.pdb	GG	12.212736655529433
4GXY.pdb	GG	12.677880246104987
4GXY.pdb	CG	14.700005499492931
4GXY.pdb	AG	18.333667478335524
4GXY.pdb	AG	19.183817655374575
4GXY.pdb	AG	12.774814434601526
4GXY.pdb	AG	12.516221267236809
4GXY.pdb	GG	15.3897133244636
4GXY.pdb	GU	15.332724177458887
4GXY.pdb	CG	13.383530403124897
4GXY.pdb	CG	11.384704243449486
4GXY.pdb	GG	11.94573829267774
4GXY.pdb	GG	15.066107299131236
4GXY.pdb	CG	18.593281741591014
4GXY.pdb	GG	19.349907794041897
4GXY.pdb	AG	15.49124542583096
4GXY.pdb	CG	16.83701461367699
4GXY.pdb	AU	12.783380790512487
4GXY.pdb	GU	16.101816512417926
4GXY.pdb	UU	15.179063352983844
4GXY.pdb	CU	12.173459849212191
4GXY.pdb	CU	11.449057693795915
4GXY.pdb	GU	14.308689185616304
4GXY.pdb	GU	18.831247768566826
4GXY.pdb	GU	16.65600617684052
4GXY.pdb	AU	11.60899695211167
4GXY.pdb	CU	13.385231919714586
4GXY.pdb	GU	18.853966929914115
4GXY.pdb	GU	19.216248563849067
4GXY.pdb	GG	15.72646717891365
4GXY.pdb	GU	15.658741755729311
4GXY.pdb	CG	13.73367010271114
4GXY.pdb	CG	15.155703561159793
4GXY.pdb	GG	18.9592439396135
4GXY.pdb	GU	18.33559624048734
4GXY.pdb	GG	14.414704059606127
4GXY.pdb	AG	9.935501910996278
4GXY.pdb	CG	13.71809105926349
4GXY.pdb	GG	19.20117488377951
4GXY.pdb	CG	19.682999165007885
4GXY.pdb	GG	19.931029022168886
4GXY.pdb	GG	16.27224300271103
4GXY.pdb	GG	17.650082886012722
4GXY.pdb	AG	19.730617663336275
4GXY.pdb	CU	17.42844725546068
4GXY.pdb	CC	17.024719855442974
4GXY.pdb	CC	19.1446752098563
4GXY.pdb	CU	18.092277835732187
4GXY.pdb	CG	15.491844720255019
4GXY.pdb	AC	12.792908687953224
4GXY.pdb	CC	17.533267514009996
4GXY.pdb	CC	19.46359160202806
4GXY.pdb	CG	18.64909650842143
4GXY.pdb	AC	14.815860486180354
4GXY.pdb	AC	17.560517146581603
4GXY.pdb	AU	14.940862184935252
4GXY.pdb	AG	12.995197294498304
4GXY.pdb	AA	12.183951079803375
4GXY.pdb	AC	17.044903222757544
4GXY.pdb	AC	16.17125462440453
4GXY.pdb	AA	19.673263103762057
4GXY.pdb	AC	14.840666329894647
4GXY.pdb	AG	17.334044586235418
4GXY.pdb	AG	18.63410963701668
4GXY.pdb	AC	19.91995389921553
4GXY.pdb	AG	18.1471758702227
4GXY.pdb	AU	13.308248305938111
4GXY.pdb	AG	11.508846083646826
4GXY.pdb	AA	12.249837173409187
4GXY.pdb	AC	16.13351409358287
4GXY.pdb	AG	18.384400969977463
4GXY.pdb	AA	16.545703213761925
4GXY.pdb	AG	18.351315986264865
4GXY.pdb	AU	14.282582847502914
4GXY.pdb	AC	11.10412998192789
4GXY.pdb	AA	15.76746264326511
4GXY.pdb	GG	16.576896134598943
4GXY.pdb	GG	16.974534624871513
4GXY.pdb	CG	17.61003873281832
4GXY.pdb	AG	17.54203829409631
4GXY.pdb	CG	17.614727591335434
4GXY.pdb	GG	19.588010620955973
4GXY.pdb	CG	18.997605199070442
4GXY.pdb	GG	15.751866739502946
4GXY.pdb	GU	11.907930722712683
4GXY.pdb	GG	10.744827801355845
4GXY.pdb	AG	13.218211533021368
4GXY.pdb	CG	16.072488581631585
4GXY.pdb	GG	15.151381065138592
4GXY.pdb	AG	12.118517892480597
4GXY.pdb	GG	13.362023347514429
4GXY.pdb	GU	9.335632505815635
4GXY.pdb	CG	7.064858976138609
4GXY.pdb	AG	12.486864501149588
4GXY.pdb	GG	17.594976306505018
4GXY.pdb	GU	15.002842540538941
4GXY.pdb	CU	17.028121655143433
4GXY.pdb	AU	17.850416477992315
4GXY.pdb	CU	18.41464741065135
4GXY.pdb	CU	19.136286333390682
4GXY.pdb	CU	16.44203229466735
4GXY.pdb	AU	18.897511517481636
4GXY.pdb	UU	19.143081962586656
4GXY.pdb	GU	15.061306260131515
4GXY.pdb	UU	11.564294627231025
4GXY.pdb	GU	8.473300498999787
4GXY.pdb	AU	10.138077181843551
4GXY.pdb	CU	11.258124827227366
4GXY.pdb	GU	15.916956584129636
4GXY.pdb	CU	19.61587354103941
4GXY.pdb	GU	15.575264408439429
4GXY.pdb	GU	10.371359252144023
4GXY.pdb	AU	8.590747511957876
4GXY.pdb	GU	11.948694509724866
4GXY.pdb	UU	10.329098335104794
4GXY.pdb	CU	10.768496557295894
4GXY.pdb	AU	15.505758442433446
4GXY.pdb	GU	19.741119512758274
4GXY.pdb	CC	18.213988205589196
4GXY.pdb	CC	19.709167339850406
4GXY.pdb	CG	18.358504512413823
4GXY.pdb	CU	14.572305240497048
4GXY.pdb	CG	9.720062795535837
4GXY.pdb	AC	7.684210196119862
4GXY.pdb	CC	6.643591717684324
4GXY.pdb	CG	11.638184804787812
4GXY.pdb	CG	16.99712650485207
4GXY.pdb	CG	18.450849332152043
4GXY.pdb	CC	19.24312083347028
4GXY.pdb	CG	15.397655949273277
4GXY.pdb	CG	11.220434804660485
4GXY.pdb	AC	11.989813182492183
4GXY.pdb	CG	16.3618908388728
4GXY.pdb	CU	15.671568428199436
4GXY.pdb	CC	16.52312258866404
4GXY.pdb	AC	19.6986194468036
4GXY.pdb	CG	15.16404795175606
4GXY.pdb	AC	11.863447378029026
4GXY.pdb	CC	9.619711172653092
4GXY.pdb	CG	13.759148150991942
4GXY.pdb	CG	19.364683925440982
4GXY.pdb	CG	19.554401605331282
4GXY.pdb	CG	15.616880945102409
4GXY.pdb	AC	15.829140803998492
4GXY.pdb	CG	19.48887430193398
4GXY.pdb	CU	18.605724933946977
4GXY.pdb	GG	19.976280008475147
4GXY.pdb	AG	17.23240560252455
4GXY.pdb	CG	15.17961559170265
4GXY.pdb	GG	18.812973759895637
4GXY.pdb	GG	19.473826529158504
4GXY.pdb	AG	18.255718899818916
4GXY.pdb	GU	19.367154014375796
4GXY.pdb	CG	19.051305086423184
4GXY.pdb	CG	18.319443361844606
4GXY.pdb	AG	18.662932249009124
4GXY.pdb	GG	19.257618107859212
4GXY.pdb	GU	17.492891401625265
4GXY.pdb	CC	18.565642313907755
4GXY.pdb	CC	16.112036407768766
4GXY.pdb	CC	17.08411438540855
4GXY.pdb	AC	19.521223403089568
4GXY.pdb	CG	18.424249195358307
4GXY.pdb	CU	16.073968293817185
4GXY.pdb	AU	16.71598877056469
4GXY.pdb	AC	14.326003593622337
4GXY.pdb	AC	13.393814628934923
4GXY.pdb	AC	15.60482819977457
4GXY.pdb	AG	18.86270630941994
4GXY.pdb	AA	18.56865964838551
4GXY.pdb	AG	15.856200246530001
4GXY.pdb	AU	13.378631968487603
4GXY.pdb	AC	18.30471769568289
4GXY.pdb	CC	11.864904456416484
4GXY.pdb	CC	12.57434967592255
4GXY.pdb	CC	15.122870071372835
4GXY.pdb	CG	17.545795632728524
4GXY.pdb	CC	17.744191840676773
4GXY.pdb	CC	16.848571663451324
4GXY.pdb	AC	17.06144931085001
4GXY.pdb	CG	12.835463419806118
4GXY.pdb	CU	10.755336101418928
4GXY.pdb	CC	16.060314350524425
4GXY.pdb	CG	13.223428309341392
4GXY.pdb	CG	15.44406566478504
4GXY.pdb	GG	16.644569480516644
4GXY.pdb	CG	15.62171934694003
4GXY.pdb	CG	14.113023073054682
4GXY.pdb	AG	19.14274207199628
4GXY.pdb	AG	16.668010786894165
4GXY.pdb	GG	11.28891356268288
4GXY.pdb	GU	10.824358332246385
4GXY.pdb	CG	16.022029065144206
4GXY.pdb	AG	18.529994208106434
4GXY.pdb	CG	15.392915441514791
4GXY.pdb	GG	15.784591886684233
4GXY.pdb	CG	14.365913430912492
4GXY.pdb	CG	13.40805762213298
4GXY.pdb	AG	17.810829591710466
4GXY.pdb	AG	18.51733239467396
4GXY.pdb	GG	13.044645817299202
4GXY.pdb	GU	14.606178671110866
4GXY.pdb	CG	19.627619904219245
4GXY.pdb	CG	19.070060821622143
4GXY.pdb	CG	16.618494455457412
4GXY.pdb	GU	19.842950447033385
4GXY.pdb	GU	16.92748451354853
4GXY.pdb	CU	17.328224088095258
4GXY.pdb	CU	17.879948915471147
4GXY.pdb	GU	17.693114105420833
4GXY.pdb	UU	18.877071623456867
4GXY.pdb	CC	17.995224152740533
4GXY.pdb	CC	19.927952827341397
4GXY.pdb	CG	19.53409503378184
4GXY.pdb	CC	17.88441558314014
4GXY.pdb	CG	17.9623446418533
4GXY.pdb	CU	19.6931610713945
4GXY.pdb	AC	17.997134744133724
4GXY.pdb	CG	16.089010081867723
4GXY.pdb	CU	19.066656338412823
4GXY.pdb	GG	17.90254269829331
4GXY.pdb	AG	14.956281919568548
4GXY.pdb	GG	13.871374121805657
4GXY.pdb	GU	18.240708715102066
4GXY.pdb	CC	18.84883104851468
4GXY.pdb	CU	18.149603168718382
4GXY.pdb	CG	16.895047154830877
4GXY.pdb	CG	14.465483837381372
4GXY.pdb	AC	11.427535111480717
4GXY.pdb	CG	10.248008008085842
4GXY.pdb	CU	15.578152782427209
4GXY.pdb	CG	17.296855086337352
4GXY.pdb	CU	19.25836081138482
4GXY.pdb	CG	19.782005986979925
4GXY.pdb	AC	19.448078628010798
4GXY.pdb	CC	15.139933741220498
4GXY.pdb	CU	14.732368788452439
4GXY.pdb	CG	17.412896157129993
4GXY.pdb	AC	19.50157127077342
4GXY.pdb	CC	19.895931408974732
4GXY.pdb	CG	15.111328342431861
4GXY.pdb	CG	12.111296691793521
4GXY.pdb	AC	8.113712209149305
4GXY.pdb	CG	6.183623085923173
4GXY.pdb	CU	11.878489141454132
4GXY.pdb	CC	16.3104533062369
4GXY.pdb	AC	17.230905777360423
4GXY.pdb	CG	17.814962255570165
4GXY.pdb	CG	18.47611349956755
4GXY.pdb	CC	19.73052286006351
4GXY.pdb	AU	17.974937423491188
4GXY.pdb	AG	19.578920665732902
4GXY.pdb	AC	18.770629456269628
4GXY.pdb	AA	13.403395472546773
4GXY.pdb	AC	9.041758260410383
4GXY.pdb	AU	9.469664859665558
4GXY.pdb	AG	13.599973367221011
4GXY.pdb	AG	18.459219859265296
4GXY.pdb	AG	19.819646336861844
4GXY.pdb	AG	19.492223074056596
4GXY.pdb	AA	16.967870514815825
4GXY.pdb	AA	15.735919839483346
4GXY.pdb	AG	17.007264881697797
4GXY.pdb	AC	16.595340389283354
4GXY.pdb	AG	13.148212003899417
4GXY.pdb	AG	12.087867756375873
4GXY.pdb	AA	10.593400513102727
4GXY.pdb	AG	10.45774345283214
4GXY.pdb	AU	15.603203760906807
4GXY.pdb	AC	18.110899899640774
4GXY.pdb	AA	17.163640914788992
4GXY.pdb	AG	16.10827547641797
4GXY.pdb	AG	15.483864832220423
4GXY.pdb	AA	19.290170784622557
4GXY.pdb	AA	17.66298909156351
4GXY.pdb	AC	17.486156117789296
4GXY.pdb	CG	18.514723992806136
4GXY.pdb	CC	18.66680106753601
4GXY.pdb	CC	14.180592885909013
4GXY.pdb	AC	9.096879276992189
4GXY.pdb	CC	4.961491699888819
4GXY.pdb	CU	7.706014544390668
4GXY.pdb	CG	13.356236179305498
4GXY.pdb	CG	18.849961770753133
4GXY.pdb	CG	19.01733518013705
4GXY.pdb	CG	15.9453477485967
4GXY.pdb	CG	14.536954004291173
4GXY.pdb	AC	11.969602390102214
4GXY.pdb	AC	10.816939547231335
4GXY.pdb	CG	11.76527820624312
4GXY.pdb	CG	15.57507824549656
4GXY.pdb	CC	19.818262453807318
4GXY.pdb	CC	18.366660101834892
4GXY.pdb	CC	15.126596071462236
4GXY.pdb	CG	13.466348223228575
4GXY.pdb	CG	13.303902812072975
4GXY.pdb	AC	13.011755013344025
4GXY.pdb	CG	13.56850808618112
4GXY.pdb	CU	17.499133744876723
4GXY.pdb	CC	17.98280710944038
4GXY.pdb	AC	15.432828600044907
4GXY.pdb	CG	13.12254224545561
4GXY.pdb	CG	11.905063584564685
4GXY.pdb	AC	15.557029889435192
4GXY.pdb	AC	19.177126480822732
4GXY.pdb	AC	15.671669080113924
4GXY.pdb	CC	16.976922779302075
4GXY.pdb	CU	17.509069420396106
4GXY.pdb	CU	13.51878616558037
4GXY.pdb	AU	9.30280755578773
4GXY.pdb	CU	7.934572324030878
4GXY.pdb	UU	11.973230931142211
4GXY.pdb	GU	17.685491749215252
4GXY.pdb	GU	16.63057321522568
4GXY.pdb	GU	13.468741500148004
4GXY.pdb	AU	9.781285505202806
4GXY.pdb	AU	6.72942024772043
4GXY.pdb	GU	6.264491007002695
4GXY.pdb	GU	10.888981959864859
4GXY.pdb	CU	15.933521707721885
4GXY.pdb	UU	17.936124452998158
4GXY.pdb	CU	15.549698449339468
4GXY.pdb	CU	13.986948674164628
4GXY.pdb	GU	13.724072232091176
4GXY.pdb	GU	13.62640277048373
4GXY.pdb	AU	14.243106364936425
4GXY.pdb	GU	15.739983129536443
4GXY.pdb	UU	18.204366303624568
4GXY.pdb	CU	16.72585314632292
4GXY.pdb	AU	13.423110010821619
4GXY.pdb	GU	11.016572833999415
4GXY.pdb	GU	10.988836081001002
4GXY.pdb	AU	15.316182422475304
4GXY.pdb	AU	18.21588407465527
4GXY.pdb	CG	18.718301889592333
4GXY.pdb	GU	19.9893431067992
4GXY.pdb	CG	18.160199694158216
4GXY.pdb	CG	18.40870979296428
4GXY.pdb	AG	14.46255308326162
4GXY.pdb	CG	14.004394001390862
4GXY.pdb	GU	18.038247665852055
4GXY.pdb	GG	18.50920607640589
4GXY.pdb	AG	13.839035765395522
4GXY.pdb	AG	8.754691929768766
4GXY.pdb	GG	6.787525289243969
4GXY.pdb	GG	11.867321861325019
4GXY.pdb	CG	17.425823672638224
4GXY.pdb	AG	17.065771019382524
4GXY.pdb	GU	14.79543021733959
4GXY.pdb	CG	13.909574120223713
4GXY.pdb	CG	13.364594442698273
4GXY.pdb	GG	13.078018295966196
4GXY.pdb	GG	11.906619617068786
4GXY.pdb	AG	13.061263310287192
4GXY.pdb	GG	15.758911420638057
4GXY.pdb	GU	16.66786817828376
4GXY.pdb	CG	13.827276482990966
4GXY.pdb	AG	11.678072550987961
4GXY.pdb	GG	11.543719778396797
4GXY.pdb	GG	14.244277748787585
4GXY.pdb	AG	19.655904214371827
4GXY.pdb	GU	18.25379296442638
4GXY.pdb	CU	18.916105195526058
4GXY.pdb	AU	19.640868809415114
4GXY.pdb	CU	19.19677532978225
4GXY.pdb	AU	18.683814401170853
4GXY.pdb	AU	13.246024260270593
4GXY.pdb	GU	11.512464201393836
4GXY.pdb	GU	15.995186636035525
4GXY.pdb	CU	18.543377852740317
4GXY.pdb	GU	18.248142448897813
4GXY.pdb	AU	15.091748346381717
4GXY.pdb	UU	14.825067722931431
4GXY.pdb	CU	15.175804172598848
4GXY.pdb	CU	15.011048083996466
4GXY.pdb	GU	14.170614150388088
4GXY.pdb	GU	11.807345476039792
4GXY.pdb	AU	12.937170780371849
4GXY.pdb	GU	16.296076992900066
4GXY.pdb	UU	15.775281883802785
4GXY.pdb	CU	12.212542002375727
4GXY.pdb	AU	12.098994432725105
4GXY.pdb	GU	14.141536790540806
4GXY.pdb	GU	18.264089175071508
4GXY.pdb	GG	17.011612683868616
4GXY.pdb	AG	18.400854930079777
4GXY.pdb	GG	16.387623930226447
4GXY.pdb	CG	17.78744614559619
4GXY.pdb	GG	18.66949150989747
4GXY.pdb	GG	18.608859184495717
4GXY.pdb	GG	14.982902751393675
4GXY.pdb	AG	13.699084717766
4GXY.pdb	GU	15.137838017133005
4GXY.pdb	CG	15.333185571554866
4GXY.pdb	CG	14.548637646197644
4GXY.pdb	GG	12.901705407404208
4GXY.pdb	GG	10.040566694940246
4GXY.pdb	AG	12.19602119049392
4GXY.pdb	GG	16.68946149779471
4GXY.pdb	GU	16.142742823601235
4GXY.pdb	CG	13.89233853897494
4GXY.pdb	AG	15.873689013302315
4GXY.pdb	GG	18.792373192727247
4GXY.pdb	AG	18.665958109446695
4GXY.pdb	AC	17.06377816167677
4GXY.pdb	AG	16.5193637180328
4GXY.pdb	AA	18.236445183516462
4GXY.pdb	AG	14.322119124020798
4GXY.pdb	AG	12.04467222440718
4GXY.pdb	AA	13.496161308643421
4GXY.pdb	AU	17.052891873857753
4GXY.pdb	AC	17.812902444198038
4GXY.pdb	AC	17.277647519781514
4GXY.pdb	AG	15.691299590602544
4GXY.pdb	AG	13.28578257427964
4GXY.pdb	AA	16.067339521923373
4GXY.pdb	AC	18.51796681048199
4GXY.pdb	CG	19.981526029677024
4GXY.pdb	CG	18.22478647271144
4GXY.pdb	AC	18.422370920845974
4GXY.pdb	CG	15.267603767502832
4GXY.pdb	CG	12.354445223325976
4GXY.pdb	AC	15.235934729690756
4GXY.pdb	CU	18.43434288025589
4GXY.pdb	CC	17.85162939520267
4GXY.pdb	CC	16.070241288095815
4GXY.pdb	CG	13.744865235180379
4GXY.pdb	CG	11.909316482663828
4GXY.pdb	AC	15.614507406815338
4GXY.pdb	GG	18.180106033262852
4GXY.pdb	AG	17.395538734902885
4GXY.pdb	GG	15.751413033507426
4GXY.pdb	GG	11.722218834545583
4GXY.pdb	AG	15.103773127129275
4GXY.pdb	GU	17.522264166949125
4GXY.pdb	CG	15.789648947006093
4GXY.pdb	CG	13.489574885003796
4GXY.pdb	GG	11.868856501946118
4GXY.pdb	GG	12.400028442588082
4GXY.pdb	AG	17.62654905921255
4GXY.pdb	GG	18.58324893972673
4GXY.pdb	GU	19.720904361757462
4GXY.pdb	GG	17.756717277281385
4GXY.pdb	AG	16.750758659564042
4GXY.pdb	GG	16.699942747899357
4GXY.pdb	GG	11.807967364524108
4GXY.pdb	AG	14.57568542171493
4GXY.pdb	GU	15.846931656303665
4GXY.pdb	CG	13.296106153057611
4GXY.pdb	CG	11.32178917267753
4GXY.pdb	GG	11.645415436528385
4GXY.pdb	GG	14.544821773322882
4GXY.pdb	GU	16.77739565975152
4GXY.pdb	GG	15.824724372960416
4GXY.pdb	AG	14.481482436521125
4GXY.pdb	GG	15.98894277038034
4GXY.pdb	GG	11.212232916909946
4GXY.pdb	AG	13.596400721919533
4GXY.pdb	GU	14.495358547771044
4GXY.pdb	CG	12.565329497116041
4GXY.pdb	CG	12.623201069487996
4GXY.pdb	GG	15.110306044985775
4GXY.pdb	GG	18.90127842500982
4GXY.pdb	CG	18.449403570877973
4GXY.pdb	GG	13.485260549493978
4GXY.pdb	AG	11.189791931003633
4GXY.pdb	GG	14.4878637839611
4GXY.pdb	GG	11.268020864017135
4GXY.pdb	AG	13.726914355504134
4GXY.pdb	GU	15.257239988809486
4GXY.pdb	CG	15.246261769699911
4GXY.pdb	CG	17.380950514395437
4GXY.pdb	AG	19.441464514774836
4GXY.pdb	AC	16.249001320733658
4GXY.pdb	AG	12.448691901826061
4GXY.pdb	AA	12.5058426649415
4GXY.pdb	AG	16.148323153151637
4GXY.pdb	AG	12.970043575404853
4GXY.pdb	AA	12.732094354039091
4GXY.pdb	AU	12.910820735332516
4GXY.pdb	AC	14.140847729345996
4GXY.pdb	AC	18.095999133594137
4GXY.pdb	AG	18.9815563903574
4GXY.pdb	GG	17.239462451560374
4GXY.pdb	GG	18.29579637181427
4GXY.pdb	GG	18.201791709562347
4GXY.pdb	GG	18.4364544963876
4GXY.pdb	CG	19.232059884159078
4GXY.pdb	GG	16.51554379318675
4GXY.pdb	GG	15.468920259612977
4GXY.pdb	CG	13.34509232325952
4GXY.pdb	GG	11.484447821759872
4GXY.pdb	AG	14.200464548165302
4GXY.pdb	GG	16.98072795855188
4GXY.pdb	GG	13.584064182486133
4GXY.pdb	AG	10.792559042574146
4GXY.pdb	GU	9.656071333548333
4GXY.pdb	CG	12.344958567691748
4GXY.pdb	CG	17.563470596989575
4GXY.pdb	GU	19.35475599733971
4GXY.pdb	GU	15.771294738682139
4GXY.pdb	CU	15.31457482134893
4GXY.pdb	GU	17.982459536852737
4GXY.pdb	GU	17.327024053532146
4GXY.pdb	AU	17.15980743574555
4GXY.pdb	GU	16.59898212195467
4GXY.pdb	GU	18.200640424256594
4GXY.pdb	GU	18.41417554880646
4GXY.pdb	GU	18.334990124867673
4GXY.pdb	CU	18.43402173266936
4GXY.pdb	GU	15.153493353164492
4GXY.pdb	GU	13.563083332797293
4GXY.pdb	CU	12.200152200453747
4GXY.pdb	GU	12.655340487814598
4GXY.pdb	AU	17.223775807985387
4GXY.pdb	GU	18.6642415867795
4GXY.pdb	GU	14.623567148808725
4GXY.pdb	AU	9.576721620890366
4GXY.pdb	UU	6.066836119624912
4GXY.pdb	CU	9.734496973350216
4GXY.pdb	CU	15.596704926217203
4GXY.pdb	CC	19.753445492988504
4GXY.pdb	CG	16.31108302294983
4GXY.pdb	CG	12.526980987704441
4GXY.pdb	CC	12.371780159167463
4GXY.pdb	CG	15.004523594763121
4GXY.pdb	CG	16.039338210137693
4GXY.pdb	AC	17.387635392704777
4GXY.pdb	CG	17.391096892770506
4GXY.pdb	CG	18.52310102459152
4GXY.pdb	CG	18.349948619076986
4GXY.pdb	CG	17.591811067033408
4GXY.pdb	CC	16.795384525205233
4GXY.pdb	CG	13.364917793681599
4GXY.pdb	CG	11.878899138231148
4GXY.pdb	CC	12.351566964059137
4GXY.pdb	CG	15.151655916315738
4GXY.pdb	CG	17.730520299591515
4GXY.pdb	AC	11.687135222480041
4GXY.pdb	CU	7.9681756869485225
4GXY.pdb	CC	12.172736411875148
4GXY.pdb	CC	17.806724929942103
4GXY.pdb	CG	19.784929368469882
4GXY.pdb	AG	19.54047124366748
4GXY.pdb	GU	17.00656829333362
4GXY.pdb	GG	17.14089252720559
4GXY.pdb	GG	13.383808698955026
4GXY.pdb	CG	12.979417090361732
4GXY.pdb	GG	14.427137912474254
4GXY.pdb	GG	16.56612606164308
4GXY.pdb	AG	18.728313057326133
4GXY.pdb	GG	18.649127732981366
4GXY.pdb	GG	18.72735682967314
4GXY.pdb	GG	17.880286233976637
4GXY.pdb	GG	16.44126671499038
4GXY.pdb	CG	14.924615550516554
4GXY.pdb	GG	12.230998108808912
4GXY.pdb	GG	11.960540931548508
4GXY.pdb	CG	14.653794411574049
4GXY.pdb	GG	18.82168771332425
4GXY.pdb	AG	16.153132399465825
4GXY.pdb	GU	13.21665707970976
4GXY.pdb	CG	17.39120143465807
4GXY.pdb	CU	19.79693635871232
4GXY.pdb	CG	19.8842458713535
4GXY.pdb	AC	18.234679745525497
4GXY.pdb	CU	16.7543352463811
4GXY.pdb	CG	17.414106018228367
4GXY.pdb	CC	16.04701186435474
4GXY.pdb	CG	15.636181316369733
4GXY.pdb	CG	17.562537449082125
4GXY.pdb	AC	19.660840588250196
4GXY.pdb	CG	19.04755597731466
4GXY.pdb	CG	17.845197543719813
4GXY.pdb	CG	16.43504064580003
4GXY.pdb	CG	14.762614930218293
4GXY.pdb	CC	13.356474706328624
4GXY.pdb	CG	12.754497402710312
4GXY.pdb	CG	14.557420453427678
4GXY.pdb	CC	18.690642637266414
4GXY.pdb	CU	18.85675599991509
4GXY.pdb	CG	19.55033267920426
4GXY.pdb	CG	18.95710542881023
4GXY.pdb	AC	18.906744238825702
4GXY.pdb	CU	18.98194965126887
4GXY.pdb	CC	19.946444833602055
4GXY.pdb	CG	17.99426975096854
4GXY.pdb	CG	18.96375915774921
4GXY.pdb	CG	19.19607791693809
4GXY.pdb	CG	16.750168492361258
4GXY.pdb	CG	15.067967728397162
4GXY.pdb	CG	13.763589899468318
4GXY.pdb	CC	13.391448718808734
4GXY.pdb	CG	15.242762213104779
4GXY.pdb	CG	18.62728102255952
4GXY.pdb	CG	17.114288062680515
4GXY.pdb	CG	17.715532582632225
4GXY.pdb	CG	19.179354108869177
4GXY.pdb	CG	19.481656702224754
4GXY.pdb	CG	18.636438640781847
4GXY.pdb	AC	18.94514072889609
4GXY.pdb	CG	16.88374599460486
4GXY.pdb	CG	13.530030566881829
4GXY.pdb	CG	12.613585814217497
4GXY.pdb	CG	13.090879956970038
4GXY.pdb	CC	15.075341133336234
4GXY.pdb	CG	18.677057482290497
4GXY.pdb	CG	15.792677601097218
4GXY.pdb	CG	18.993594786496534
4GXY.pdb	CG	17.830231759347487
4GXY.pdb	AC	17.279310281876057
4GXY.pdb	CG	15.13969615262394
4GXY.pdb	CG	12.055641612388191
4GXY.pdb	CG	13.129115901584768
4GXY.pdb	CG	15.538429040666788
4GXY.pdb	CC	18.99158781070754
4GXY.pdb	GU	18.52804129286721
4GXY.pdb	GU	19.631928689033877
4GXY.pdb	GU	16.130607003514015
4GXY.pdb	AU	14.926282230758712
4GXY.pdb	GU	13.521966411793334
4GXY.pdb	GU	12.224356031005964
4GXY.pdb	GU	15.757817271785589
4GXY.pdb	GU	19.535984917052776
4GXY.pdb	CG	18.40953315125907
4GXY.pdb	CG	14.439295396947486
4GXY.pdb	AC	13.557164705120794
4GXY.pdb	CG	14.052436083622643
4GXY.pdb	CG	15.24570533018283
4GXY.pdb	GG	15.957505702260368
4GXY.pdb	GG	13.976801348168324
4GXY.pdb	AG	15.487162807474386
4GXY.pdb	GG	17.674826784963948
4GXY.pdb	GG	19.643259157753562
4GXY.pdb	GG	15.395646251698007
4GXY.pdb	GG	15.861710209754744
4GXY.pdb	AG	18.95863015074995
4GXY.pdb	GU	16.642877696583625
4GXY.pdb	GG	16.0007745429631
4GXY.pdb	CG	19.218357765703544
4GXY.pdb	CG	17.81704745068109
4GXY.pdb	GG	13.241430356725344
4GXY.pdb	GG	16.33698862073344
4GXY.pdb	AG	12.204507622890887
4GXY.pdb	AC	15.635328600413498
4GXY.pdb	AC	19.8489029898095
4GXY.pdb	AG	18.427596298046943
4GXY.pdb	AG	16.972816488096
4GXY.pdb	AC	14.071005022613777
4GXY.pdb	AG	10.897992673667785
4GXY.pdb	AG	16.007246131732966
4GXY.pdb	CU	15.069877513586894
4GXY.pdb	CU	18.134379905696257
4GXY.pdb	GU	19.94105715643197
4GXY.pdb	GU	15.15783154338967
4GXY.pdb	AU	16.32558485785252
4GXY.pdb	AU	17.62306649459159
4GXY.pdb	GU	16.055269455957806
4GXY.pdb	GU	13.023276054526132
4GXY.pdb	CU	12.08235556011465
4GXY.pdb	GU	11.442243923254132
4GXY.pdb	GU	17.732374547533976
4GXY.pdb	CG	16.82847506073143
4GXY.pdb	GG	18.603556010866814
4GXY.pdb	GG	14.532994868706577
4GXY.pdb	GG	10.636777584122333
4GXY.pdb	AG	13.12381330998792
4GXY.pdb	AG	16.329457184513597
4GXY.pdb	GG	16.62288788345939
4GXY.pdb	GG	15.065921720136664
4GXY.pdb	CG	15.012514627108946
4GXY.pdb	GG	15.084871941849055
4GXY.pdb	GG	18.252346374414643
4GXY.pdb	AG	15.368060777507303
4GXY.pdb	AG	17.79232476575331
4GXY.pdb	AU	19.892266347787672
4GXY.pdb	CU	18.581746296919682
4GXY.pdb	GU	14.38502558021557
4GXY.pdb	GU	11.499436759223963
4GXY.pdb	GU	9.324864928095176
4GXY.pdb	AU	13.961874546894693
4GXY.pdb	AU	18.427703413502453
4GXY.pdb	GU	19.33058832613683
4GXY.pdb	GU	17.920249611665913
4GXY.pdb	CU	17.474445772348638
4GXY.pdb	GU	17.3059422637637
4GXY.pdb	GU	18.904608655334616
4GXY.pdb	AU	14.482636890845361
4GXY.pdb	AU	15.12095228272066
4GXY.pdb	AU	18.382431392744042
4GXY.pdb	CG	18.327286924836358
4GXY.pdb	GU	19.735124272042725
4GXY.pdb	CG	17.272599598317647
4GXY.pdb	GG	14.021265398169787
4GXY.pdb	GG	12.05643550704901
4GXY.pdb	GG	9.343354160169081
4GXY.pdb	AG	14.813614165594625
4GXY.pdb	AG	18.725993422725804
4GXY.pdb	GG	18.255728774198424
4GXY.pdb	GG	15.538531626030597
4GXY.pdb	CG	13.918781453459056
4GXY.pdb	GG	13.5210420538293
4GXY.pdb	GG	18.60092948702885
4GXY.pdb	AG	16.829826443453655
4GXY.pdb	AG	17.66895090260348
4GXY.pdb	AG	19.098590421672334
4GXY.pdb	CU	16.878231133961535
4GXY.pdb	CG	19.89389097520296
4GXY.pdb	CC	18.649319751069196
4GXY.pdb	CC	16.944203935748064
4GXY.pdb	CG	14.275824345087393
4GXY.pdb	CG	12.829511283848452
4GXY.pdb	CG	9.991700233700175
4GXY.pdb	AC	14.972381816136533
4GXY.pdb	AC	17.999572759808835
4GXY.pdb	CG	16.493952262275577
4GXY.pdb	CG	13.289378677736437
4GXY.pdb	CC	11.44889473177623
4GXY.pdb	CG	12.228597420224503
4GXY.pdb	CG	16.306035696627372
4GXY.pdb	AC	18.173584637572905
4GXY.pdb	AC	19.47377216798632
4GXY.pdb	AC	19.030729612487576
4GXY.pdb	CG	18.19876395413478
4GXY.pdb	CG	19.5151324875632
4GXY.pdb	CC	19.382457845020255
4GXY.pdb	CC	18.537830779372204
4GXY.pdb	CG	15.70879840408574
4GXY.pdb	CG	13.998173379987707
4GXY.pdb	CG	11.119818556315295
4GXY.pdb	AC	14.317124971895895
4GXY.pdb	AC	16.054932448158198
4GXY.pdb	CG	13.895339744884417
4GXY.pdb	CG	11.343678559275574
4GXY.pdb	CC	10.891354939940744
4GXY.pdb	CG	13.828136177738758
4GXY.pdb	CG	17.18115240788673
4GXY.pdb	CC	18.4288424557077
4GXY.pdb	CC	18.299777912591654
4GXY.pdb	CG	19.060773452476536
4GXY.pdb	AC	18.515203960956587
4GXY.pdb	AC	18.71025096527892
4GXY.pdb	AG	17.36422032541951
4GXY.pdb	AG	15.162226350181635
4GXY.pdb	AG	12.621789198516323
4GXY.pdb	AA	13.515545782576066
4GXY.pdb	AA	13.85821856040115
4GXY.pdb	AG	11.861049533523037
4GXY.pdb	AG	11.470097378487543
4GXY.pdb	AC	13.316410024437895
4GXY.pdb	AG	17.71815287660494
4GXY.pdb	AU	19.393196313133917
4GXY.pdb	AC	15.53676893250549
4GXY.pdb	AC	13.975084360162743
4GXY.pdb	AG	15.624204195862596
4GXY.pdb	AG	18.33568025788966
4GXY.pdb	AG	19.2962030659456
4GXY.pdb	AG	16.928925352186628
4GXY.pdb	AA	18.1216489798932
4GXY.pdb	AA	18.025809177110457
4GXY.pdb	CC	19.4540198496885
4GXY.pdb	CG	15.58741285591621
4GXY.pdb	CG	13.272371569924907
4GXY.pdb	CG	12.060057188176426
4GXY.pdb	AC	11.810262794430175
4GXY.pdb	AC	12.43857290328865
4GXY.pdb	CG	12.639311653168413
4GXY.pdb	CG	14.628410579436432
4GXY.pdb	CC	17.677914861900828
4GXY.pdb	CC	18.763516432046064
4GXY.pdb	CC	16.02998971252789
4GXY.pdb	CG	15.740471456884677
4GXY.pdb	CG	17.039216795377687
4GXY.pdb	AC	17.68539222229293
4GXY.pdb	CG	18.337783232749256
4GXY.pdb	AC	19.548258176074842
4GXY.pdb	CG	16.293956747486444
4GXY.pdb	CG	13.582515026557568
4GXY.pdb	AC	15.2175708467231
4GXY.pdb	AC	17.920606737914383
4GXY.pdb	AC	14.174499730409162
4GXY.pdb	CC	16.907845881707146
4GXY.pdb	GU	19.70981593470773
4GXY.pdb	GU	19.35444510921723
4GXY.pdb	CU	18.10441388929373
4GXY.pdb	CU	16.323786142749285
4GXY.pdb	GU	12.555336070887128
4GXY.pdb	GU	11.270579339974734
4GXY.pdb	GU	12.464593835285923
4GXY.pdb	AU	12.70122303689923
4GXY.pdb	AU	14.75714413788552
4GXY.pdb	GU	16.80145694527559
4GXY.pdb	GU	19.409889754274822
4GXY.pdb	GU	19.998451280123955
4GXY.pdb	AU	19.475521681409067
4GXY.pdb	GU	18.482405091229474
4GXY.pdb	GU	16.864837255504124
4GXY.pdb	GU	13.016048711072747
4GXY.pdb	AU	13.384871471262482
4GXY.pdb	AU	14.613180174590234
4GXY.pdb	AU	9.59989036016391
4GXY.pdb	CU	11.807258966496493
4GXY.pdb	CU	17.007951379567906
4GXY.pdb	GG	19.296804703727734
4GXY.pdb	GG	18.05685282358761
4GXY.pdb	CG	15.863864455764148
4GXY.pdb	CG	13.751169240927096
4GXY.pdb	GG	10.997880200562324
4GXY.pdb	GG	11.763911029356162
4GXY.pdb	GG	15.213828439134629
4GXY.pdb	AG	16.260679829975448
4GXY.pdb	AG	19.313387376889484
4GXY.pdb	GG	15.642513311851141
4GXY.pdb	AG	14.282469352323377
4GXY.pdb	AG	13.132361180300583
4GXY.pdb	AG	6.934879286301752
4GXY.pdb	CG	8.096604167967621
4GXY.pdb	CG	12.971460466643677
4GXY.pdb	GU	18.85408388125852
4GXY.pdb	GG	15.948595412153091
4GXY.pdb	CG	13.473562404157805
4GXY.pdb	CG	12.206021065761854
4GXY.pdb	GG	12.010271021443208
4GXY.pdb	GG	14.973438277585698
4GXY.pdb	GG	19.34417179966518
4GXY.pdb	AG	18.485315090752582
4GXY.pdb	AG	15.648049130634071
4GXY.pdb	AG	9.888383688503934
4GXY.pdb	CG	10.442723015991671
4GXY.pdb	CG	13.90375729620989
4GXY.pdb	GU	19.094949505102704
4GXY.pdb	CC	11.948869991151062
4GXY.pdb	CC	12.626188832409067
4GXY.pdb	CG	15.06036403013625
4GXY.pdb	CG	19.299411040205044
4GXY.pdb	AC	15.033709793166267
4GXY.pdb	CC	15.723621911518016
4GXY.pdb	CC	18.287551905139615
4GXY.pdb	CC	15.221721812407907
4GXY.pdb	CG	19.11847850960846
4GXY.pdb	AC	17.255864878033055
4GXY.pdb	AC	18.881759371626856
4GXY.pdb	AC	15.096958074578842
4GXY.pdb	AC	12.821958564664305
4GXY.pdb	CC	17.311924318081427
4GXY.pdb	GG	17.538457797407528
4GXY.pdb	AG	12.599980717871741
4GXY.pdb	AG	9.434946718722191
4GXY.pdb	AG	7.849274398875619
4GXY.pdb	CG	13.224298631029141
4GXY.pdb	CG	18.735802134562025
4GXY.pdb	GG	17.797245230099666
4GXY.pdb	GG	19.091554546098028
4GXY.pdb	GG	18.090766767997906
4GXY.pdb	GG	12.467604448468698
4GXY.pdb	AG	7.5581612320617095
4GXY.pdb	AG	6.8339804866826945
4GXY.pdb	AG	7.1202808086788565
4GXY.pdb	CG	12.491131873804658
4GXY.pdb	CG	18.23761270687689
4GXY.pdb	GG	13.951091596705407
4GXY.pdb	CG	15.884639905948154
4GXY.pdb	GG	18.550382402616446
4GXY.pdb	GG	16.041823557790188
4GXY.pdb	GG	11.265754560111166
4GXY.pdb	AG	8.226420856941116
4GXY.pdb	AG	10.726604920102838
4GXY.pdb	AG	11.619927940692865
4GXY.pdb	CG	16.38567932332265
4GXY.pdb	AC	16.941003609631117
4GXY.pdb	AA	15.030345318182018
4GXY.pdb	AG	9.821110883891631
4GXY.pdb	AG	5.8537615825260305
4GXY.pdb	AA	6.718115672609118
4GXY.pdb	AA	12.072485281979514
4GXY.pdb	AA	12.978952905456012
4GXY.pdb	AC	15.967368711444099
4GXY.pdb	AG	19.078758554978023
4GXY.pdb	AA	18.3945797944095
4GXY.pdb	AG	18.59279891941129
4GXY.pdb	AU	19.47494559396155
4GXY.pdb	AC	16.285548976300223
4GXY.pdb	AA	11.072276205090953
4GXY.pdb	AG	6.9675403974937336
4GXY.pdb	AG	6.915427896219216
4GXY.pdb	AA	11.390155695742735
4GXY.pdb	AA	17.10941805330655
4GXY.pdb	AA	17.338908443461687
4GXY.pdb	AC	19.311432793673305
4GXY.pdb	AG	19.631580381488586
4GXY.pdb	GU	15.753528237458614
4GXY.pdb	CG	15.185049911429074
4GXY.pdb	CG	16.02026615375405
4GXY.pdb	GG	17.440422621702872
4GXY.pdb	GG	17.7330022010526
4GXY.pdb	AG	18.98896283144836
4GXY.pdb	CG	18.83626082339135
4GXY.pdb	AG	14.742246209267027
4GXY.pdb	GG	12.064455533488593
4GXY.pdb	GG	12.529582745046085
4GXY.pdb	AG	16.149607518873083
4GXY.pdb	AG	19.05900011764721
4GXY.pdb	GU	14.003452141480114
4GXY.pdb	CG	13.760868157678306
4GXY.pdb	CG	16.208250589371183
4GXY.pdb	GG	19.44689358367273
4GXY.pdb	GG	18.089180386604585
4GXY.pdb	GG	17.556732764743643
4GXY.pdb	AG	19.494799422069324
4GXY.pdb	CG	18.932005817847624
4GXY.pdb	CU	15.700233681605988
4GXY.pdb	CC	15.534530615765064
4GXY.pdb	CC	18.758255146015316
4GXY.pdb	GU	19.915365556439436
4GXY.pdb	CG	19.87352764701663
4GXY.pdb	AG	19.928711304629324
4GXY.pdb	AG	16.941475674962284
4GXY.pdb	GU	17.92501094537724
4GXY.pdb	GG	16.21626561852797
4GXY.pdb	GG	16.237195253918358
4GXY.pdb	AG	12.377504379390754
4GXY.pdb	GU	14.37101715472935
4GXY.pdb	CG	19.979263160821098
4GXY.pdb	CG	10.561239046983106
4GXY.pdb	AC	7.455656966322462
4GXY.pdb	CU	11.295604060264935
4GXY.pdb	CC	16.57888261211737
4GXY.pdb	AG	6.729931442673489
4GXY.pdb	GU	11.773481892757614
4GXY.pdb	CG	16.04515742351455
4GXY.pdb	AU	16.462922799635383
4GXY.pdb	AC	19.43079907920696
4GXY.pdb	CG	19.612398417271375
4GXY.pdb	CG	16.10238236291105
4GXY.pdb	GG	18.134444124024625
4GXY.pdb	GG	19.501053435229284
4GXY.pdb	AG	17.126137364413612
4GXY.pdb	AG	18.8380534343317
4GXY.pdb	GU	18.279467004063427
4GXY.pdb	CG	16.248110812188326
4GXY.pdb	AG	18.02855709921763
4GXY.pdb	GG	19.714006166658407
4GXY.pdb	AA	14.432658510825286
4GXY.pdb	AG	16.834115552139707
4GXY.pdb	AG	19.659033589581913
4GXY.pdb	GG	15.32187192826472
4GXY.pdb	GG	17.80788009504663
4GXY.pdb	GU	18.74478292363827
4GXY.pdb	AG	18.036440563550602
4GXY.pdb	CG	17.957480541028414
4GXY.pdb	CG	13.341356876377537
4GXY.pdb	CG	17.08968589380154
4GXY.pdb	AC	15.822836540727806
4GXY.pdb	AU	18.99778865520693
4GXY.pdb	AG	19.53792726642012
4GXY.pdb	AU	16.432597926968327
4GXY.pdb	AG	16.37302760324827
4GXY.pdb	AC	16.454542204928707
4GXY.pdb	AC	17.42134945109435
4GXY.pdb	AU	18.79073046870584
4GXY.pdb	AG	17.9058205045467
4GXY.pdb	AC	19.568363640454695
4GXY.pdb	CC	17.52056515353665
4GXY.pdb	CC	19.467273780824904
4GXY.pdb	UU	19.628776163693868
4GXY.pdb	GG	19.264458024631736
4GXY.pdb	CC	19.86950033213412
4GXY.pdb	GU	19.69556950376056
4R4V.pdb	AG	16.671390222098065
4R4V.pdb	GU	13.061041127768238
4R4V.pdb	GU	13.687818794760421
4R4V.pdb	AG	15.367209430820658
4R4V.pdb	CG	17.25401621152937
4R4V.pdb	AG	18.108918979604265
4R4V.pdb	GG	18.32228786572856
4R4V.pdb	CG	17.399221970546538
4R4V.pdb	GG	15.61458936309435
4R4V.pdb	CG	13.95089466454704
4R4V.pdb	CG	19.376390935687645
4R4V.pdb	CG	16.408085192630438
4R4V.pdb	AC	14.425007129526623
4R4V.pdb	CU	12.352601501510849
4R4V.pdb	CU	15.240244573897959
4R4V.pdb	AC	16.64512228234049
4R4V.pdb	CC	18.240738230143297
4R4V.pdb	AC	18.528575231306327
4R4V.pdb	CG	17.82003741466691
4R4V.pdb	CC	16.08904304272809
4R4V.pdb	CG	13.661431422523634
4R4V.pdb	CC	12.468800422449164
4R4V.pdb	GU	18.94618282736935
4R4V.pdb	AG	17.02485788394729
4R4V.pdb	GG	14.441480652534507
4R4V.pdb	AG	14.22927563536324
4R4V.pdb	GU	13.351189491856063
4R4V.pdb	GU	17.388754640679174
4R4V.pdb	AG	17.532066820840132
4R4V.pdb	CG	18.139671734359407
4R4V.pdb	AG	17.557449196572584
4R4V.pdb	GG	15.972081423226406
4R4V.pdb	CG	13.866916085857477
4R4V.pdb	GG	11.873773786216619
4R4V.pdb	CG	12.45629302303596
4R4V.pdb	CG	19.35634646281177
4R4V.pdb	CC	18.8915484710725
4R4V.pdb	CG	18.803316808460224
4R4V.pdb	AC	16.25255011415422
4R4V.pdb	CG	14.94024614779621
4R4V.pdb	AC	15.915725497451701
4R4V.pdb	CU	15.547181781919813
4R4V.pdb	CU	19.706470701220546
4R4V.pdb	AC	18.31658421464966
4R4V.pdb	CC	17.633789643824823
4R4V.pdb	AC	16.10650517054124
4R4V.pdb	CG	13.85290137219604
4R4V.pdb	CC	12.039846648329
4R4V.pdb	CG	11.778869527271851
4R4V.pdb	CC	14.566070879704894
4R4V.pdb	UU	19.76517682571503
4R4V.pdb	GU	18.43089011924905
4R4V.pdb	GU	17.4752363623164
4R4V.pdb	CU	17.027751797746955
4R4V.pdb	CU	13.884095700060737
4R4V.pdb	AU	16.10994873453582
4R4V.pdb	AU	18.50063488687048
4R4V.pdb	GU	18.615131653250085
4R4V.pdb	AU	17.279128606689735
4R4V.pdb	GU	16.40808900455856
4R4V.pdb	AU	17.496920610548106
4R4V.pdb	UU	17.07326029009532
4R4V.pdb	AU	17.89570330601317
4R4V.pdb	CU	16.072981906794908
4R4V.pdb	AU	14.104339980582555
4R4V.pdb	GU	12.187275829761235
4R4V.pdb	CU	12.114627328693706
4R4V.pdb	GU	14.450362734669977
4R4V.pdb	CU	18.62217797408492
4R4V.pdb	CG	18.820363948958722
4R4V.pdb	GG	19.7889444502835
4R4V.pdb	GU	17.561498920488873
4R4V.pdb	GG	18.00776986007191
4R4V.pdb	GG	15.592536363570666
4R4V.pdb	CG	17.50654433698372
4R4V.pdb	CG	18.299729074844507
4R4V.pdb	CG	13.145111592125312
4R4V.pdb	CG	12.022715879413918
4R4V.pdb	AG	16.18789356225168
4R4V.pdb	GG	19.453943161139122
4R4V.pdb	AG	18.454658514382263
4R4V.pdb	GG	16.938129594682845
4R4V.pdb	AG	17.195026308492963
4R4V.pdb	GU	16.40954049730438
4R4V.pdb	GU	19.1598184340149
4R4V.pdb	AG	15.30195111863444
4R4V.pdb	CG	13.073045001002805
4R4V.pdb	AG	12.056347164313497
4R4V.pdb	GG	12.300311711367328
4R4V.pdb	CG	14.732737838795781
4R4V.pdb	GG	18.697833062450258
4R4V.pdb	GU	18.192878148709003
4R4V.pdb	UU	16.837928889163255
4R4V.pdb	GU	17.5018422117523
4R4V.pdb	CU	17.67254435664924
4R4V.pdb	CU	17.10667883736989
4R4V.pdb	CU	12.996029495512444
4R4V.pdb	CU	14.150062706854472
4R4V.pdb	AU	19.250385232487098
4R4V.pdb	GU	17.97589645108063
4R4V.pdb	AU	17.120999389653115
4R4V.pdb	UU	15.86692724788772
4R4V.pdb	UU	17.429677398702673
4R4V.pdb	AU	12.959364447519432
4R4V.pdb	CU	10.924641813514446
4R4V.pdb	AU	11.701669640229362
4R4V.pdb	GU	14.208189999125924
4R4V.pdb	CU	18.08540571349092
4R4V.pdb	CG	19.241252467457777
4R4V.pdb	AG	19.40059406456056
4R4V.pdb	GU	16.237225933508835
4R4V.pdb	CG	19.19247780858243
4R4V.pdb	CG	15.98502873533223
4R4V.pdb	CG	18.076902643966793
4R4V.pdb	GG	17.502917587278304
4R4V.pdb	AG	15.5837960185813
4R4V.pdb	GU	14.32588868957141
4R4V.pdb	GU	14.915136281754759
4R4V.pdb	AG	11.129684836019369
4R4V.pdb	CG	11.147152667757682
4R4V.pdb	AG	14.348899063595137
4R4V.pdb	GG	18.267146218292623
4R4V.pdb	AU	18.945157234304787
4R4V.pdb	AU	16.847722805057256
4R4V.pdb	UU	15.274586333587763
4R4V.pdb	CU	19.493887471427207
4R4V.pdb	CU	19.90468889774629
4R4V.pdb	AU	19.073825235345176
4R4V.pdb	GU	15.282045219886706
4R4V.pdb	AU	12.815493339564288
4R4V.pdb	UU	12.624778483108232
4R4V.pdb	UU	13.225819908724416
4R4V.pdb	AU	12.06055145701682
4R4V.pdb	CU	14.735258893815963
4R4V.pdb	AU	19.086479596215753
4R4V.pdb	AC	14.460618765855275
4R4V.pdb	CU	14.35593843264362
4R4V.pdb	CC	18.93157034012861
4R4V.pdb	CG	18.78675298791071
4R4V.pdb	AC	16.346334276092822
4R4V.pdb	CG	12.615660601147669
4R4V.pdb	AC	10.672318774910371
4R4V.pdb	CU	12.503670731045837
4R4V.pdb	CU	14.199199209385528
4R4V.pdb	AC	15.398634213310359
4R4V.pdb	CC	19.19186413630663
4R4V.pdb	GU	11.405661916613488
4R4V.pdb	CG	16.38037680637571
4R4V.pdb	AG	18.126499073525988
4R4V.pdb	GG	15.164418469566913
4R4V.pdb	GU	16.147938135780606
4R4V.pdb	CG	16.974161576646928
4R4V.pdb	GG	14.18678027213647
4R4V.pdb	AG	12.23264318287339
4R4V.pdb	GG	10.05735263294353
4R4V.pdb	AG	10.765688742291896
4R4V.pdb	GU	14.608228338766004
4R4V.pdb	GU	17.879746477356466
4R4V.pdb	AG	19.51705848993883
4R4V.pdb	CC	14.272727054945133
4R4V.pdb	CU	19.152564942723956
4R4V.pdb	CU	18.10124644110727
4R4V.pdb	AC	13.782454652414064
4R4V.pdb	CG	10.631263019688923
4R4V.pdb	CU	11.290359112259964
4R4V.pdb	AC	15.473083744435659
4R4V.pdb	CG	16.537410707412487
4R4V.pdb	CC	11.552759262019082
4R4V.pdb	CG	10.010225037609892
4R4V.pdb	AC	9.716896622371339
4R4V.pdb	CG	10.669150047403539
4R4V.pdb	AC	14.002512933532461
4R4V.pdb	CU	18.704625438863108
4R4V.pdb	AU	16.567526069510407
4R4V.pdb	AG	18.58530915654385
4R4V.pdb	AG	16.21847648235803
4R4V.pdb	AU	13.664051836712988
4R4V.pdb	AA	9.273308439570688
4R4V.pdb	AG	6.614082255841483
4R4V.pdb	AU	8.651344890052526
4R4V.pdb	AA	13.50014846165551
4R4V.pdb	AA	18.5334422745416
4R4V.pdb	AU	17.877151046265855
4R4V.pdb	AG	14.599141843185445
4R4V.pdb	AC	10.689127094423332
4R4V.pdb	AG	10.84428653002305
4R4V.pdb	AA	12.52641001687312
4R4V.pdb	AG	14.863679863606613
4R4V.pdb	AA	18.58131895122306
4R4V.pdb	AG	17.516086291138155
4R4V.pdb	AC	18.780077896276385
4R4V.pdb	AC	19.287570101615366
4R4V.pdb	AG	18.017162963023836
4R4V.pdb	AG	15.317515542719692
4R4V.pdb	AU	12.73850809713171
4R4V.pdb	AA	9.618367381782344
4R4V.pdb	AG	9.98339909628293
4R4V.pdb	AU	13.999237125376071
4R4V.pdb	AA	19.157852005805655
4R4V.pdb	AG	18.745012066195546
4R4V.pdb	AC	15.068285066203604
4R4V.pdb	AG	13.500893946489397
4R4V.pdb	AA	15.709540146371427
4R4V.pdb	AG	17.376377223442688
4R4V.pdb	CU	19.504123653896922
4R4V.pdb	CU	17.275039186183243
4R4V.pdb	CU	13.972911820052966
4R4V.pdb	CU	14.095826104746186
4R4V.pdb	AU	16.083389684776034
4R4V.pdb	AU	18.591504403695353
4R4V.pdb	GU	19.315057285502576
4R4V.pdb	CU	19.37737972344681
4R4V.pdb	GU	17.536877042004708
4R4V.pdb	GU	16.427711535073954
4R4V.pdb	UU	15.570689723082848
4R4V.pdb	AU	14.075463211264433
4R4V.pdb	GU	14.596829312159981
4R4V.pdb	UU	17.760769347857778
4R4V.pdb	GU	19.282456340191565
4R4V.pdb	CU	15.162619532290162
4R4V.pdb	GU	11.63291148690997
4R4V.pdb	AU	14.00624589675561
4R4V.pdb	GU	15.715968702354935
4R4V.pdb	AU	18.828033490853375
4R4V.pdb	CG	19.214567405897935
4R4V.pdb	CG	19.147294381696447
4R4V.pdb	CC	15.878028220693402
4R4V.pdb	CC	14.625870003706781
4R4V.pdb	CC	16.028481993918263
4R4V.pdb	AC	17.72133516104042
4R4V.pdb	CC	19.004469915320836
4R4V.pdb	CG	15.754821317396072
4R4V.pdb	CG	13.46010071808884
4R4V.pdb	CU	12.256523284717591
4R4V.pdb	AC	12.363342356923495
4R4V.pdb	CG	15.094455173993566
4R4V.pdb	CU	19.580441185683338
4R4V.pdb	CC	18.74525434556677
4R4V.pdb	CG	16.543355299448365
4R4V.pdb	AC	19.80991854103686
4R4V.pdb	GU	19.642334892950107
4R4V.pdb	GU	16.757931490228163
4R4V.pdb	CU	15.016355591223494
4R4V.pdb	CU	14.77494720609572
4R4V.pdb	CU	15.819597748644151
4R4V.pdb	AU	16.321344406136543
4R4V.pdb	AU	18.984938868474803
4R4V.pdb	GU	18.018703497730023
4R4V.pdb	CU	16.001114530072062
4R4V.pdb	GU	12.625288140826221
4R4V.pdb	GU	11.047347118120364
4R4V.pdb	UU	11.802748414852072
4R4V.pdb	AU	14.689129463709353
4R4V.pdb	GU	18.55593903732566
4R4V.pdb	GU	19.069234574768096
4R4V.pdb	GG	17.530803896994872
4R4V.pdb	GG	16.381928776080205
4R4V.pdb	CG	16.215978740168794
4R4V.pdb	CG	16.45779383456383
4R4V.pdb	CG	16.58273674529197
4R4V.pdb	AG	15.512136246674109
4R4V.pdb	AG	17.51954823830063
4R4V.pdb	GG	15.837327002793064
4R4V.pdb	CG	13.361821310784569
4R4V.pdb	GG	10.782129216992725
4R4V.pdb	GG	11.158895413224068
4R4V.pdb	GU	14.194811219318755
4R4V.pdb	AG	18.765349576029124
4R4V.pdb	CG	16.497474496397295
4R4V.pdb	CC	18.080334288540325
4R4V.pdb	CG	16.219302330238257
4R4V.pdb	CG	16.53307304115344
4R4V.pdb	CC	17.06971461892069
4R4V.pdb	CC	17.065834682995046
4R4V.pdb	CC	16.066037268475103
4R4V.pdb	AC	13.647963906595068
4R4V.pdb	AC	15.158527985808815
4R4V.pdb	CG	13.588035362124002
4R4V.pdb	CC	12.018171787791008
4R4V.pdb	CG	11.920487463266323
4R4V.pdb	CG	14.579256995458271
4R4V.pdb	CU	18.772638836834243
4R4V.pdb	GG	14.839132434060181
4R4V.pdb	GG	18.43453375941883
4R4V.pdb	GU	18.350093006584345
4R4V.pdb	CG	14.927980970293605
4R4V.pdb	GG	14.579871217297686
4R4V.pdb	GG	15.356507797525941
4R4V.pdb	CG	15.679527502814091
4R4V.pdb	CG	15.07142287747774
4R4V.pdb	CG	13.19892829591159
4R4V.pdb	AG	10.332719442067983
4R4V.pdb	AG	12.619139994012723
4R4V.pdb	GG	12.865624331544755
4R4V.pdb	CG	13.749049515972178
4R4V.pdb	GG	15.806489453473937
4R4V.pdb	GG	19.343537878289094
4R4V.pdb	AG	16.322401732181365
4R4V.pdb	AC	19.446394199909307
4R4V.pdb	AG	17.551344458475672
4R4V.pdb	AU	13.010294573880238
4R4V.pdb	AC	11.083401559005583
4R4V.pdb	AG	13.314833644570836
4R4V.pdb	AG	15.803938888131906
4R4V.pdb	AC	17.269942430568946
4R4V.pdb	AC	17.37472081445848
4R4V.pdb	AC	15.776733036624048
4R4V.pdb	AA	13.517264232070755
4R4V.pdb	AA	16.185015349380144
4R4V.pdb	AG	17.616575644957305
4R4V.pdb	AC	19.53539784447139
4R4V.pdb	AC	18.152886640942057
4R4V.pdb	AG	18.876505869272975
4R4V.pdb	AU	19.20072268115492
4R4V.pdb	AC	18.877873937274178
4R4V.pdb	AG	13.790545040676063
4R4V.pdb	AU	9.73208609606739
4R4V.pdb	AC	9.716465524225423
4R4V.pdb	AG	13.651475069958561
4R4V.pdb	AG	16.760478458154562
4R4V.pdb	AC	18.631548519943163
4R4V.pdb	AC	19.089809918175224
4R4V.pdb	AC	17.835395449896982
4R4V.pdb	AA	16.272237069353483
4R4V.pdb	AA	19.262647965023103
4R4V.pdb	GG	17.874226555363318
4R4V.pdb	GU	19.65818414098522
4R4V.pdb	CG	19.71861978218381
4R4V.pdb	GG	15.549852332119459
4R4V.pdb	GU	12.94136995779827
4R4V.pdb	CG	13.178484421574284
4R4V.pdb	GG	15.863629252818708
4R4V.pdb	GG	16.978906781835487
4R4V.pdb	CG	16.80708334724875
4R4V.pdb	CG	15.492438517694993
4R4V.pdb	CG	13.03415335683758
4R4V.pdb	AG	11.48758909938168
4R4V.pdb	AG	14.924851542410824
4R4V.pdb	GG	18.29155001751757
4R4V.pdb	GU	17.67357717054504
4R4V.pdb	CG	18.097091387864356
4R4V.pdb	GG	15.27271797518962
4R4V.pdb	GU	14.393664136146713
4R4V.pdb	CG	15.422459882328289
4R4V.pdb	GG	17.520814388836797
4R4V.pdb	GG	17.183157790862712
4R4V.pdb	CG	15.599028626389485
4R4V.pdb	CG	13.401207619969906
4R4V.pdb	CG	11.175912961243423
4R4V.pdb	AG	11.714241233831059
4R4V.pdb	AG	16.212391755915238
4R4V.pdb	CG	16.092006672447887
4R4V.pdb	GG	14.759575268734153
4R4V.pdb	GU	15.010395845793191
4R4V.pdb	CG	16.12276668278269
4R4V.pdb	GG	17.34304737101588
4R4V.pdb	GG	15.797963454999259
4R4V.pdb	CG	13.49425936363594
4R4V.pdb	CG	11.754938329567718
4R4V.pdb	CG	11.637149015568664
4R4V.pdb	AG	14.647245903855126
4R4V.pdb	CG	13.8705852414431
4R4V.pdb	CU	14.744811663116856
4R4V.pdb	CC	15.687065698481709
4R4V.pdb	CG	16.10866928816916
4R4V.pdb	CG	13.982570845676394
4R4V.pdb	CC	12.202894847834811
4R4V.pdb	CC	12.528675628752667
4R4V.pdb	CC	14.872418678696322
4R4V.pdb	AC	18.98466685819177
4R4V.pdb	GU	12.569357657360998
4R4V.pdb	CG	13.955818331154664
4R4V.pdb	GG	14.669994528368672
4R4V.pdb	GG	13.61565091404195
4R4V.pdb	CG	13.977690262806513
4R4V.pdb	CG	16.317303859606
4R4V.pdb	CG	19.430265558544843
4R4V.pdb	CU	13.81702346277966
4R4V.pdb	GU	16.03850168995243
4R4V.pdb	GU	16.84512537161488
4R4V.pdb	CU	18.703330648404382
4R4V.pdb	CG	19.1553415579708
4R4V.pdb	GG	18.320000593955044
4R4V.pdb	CU	17.997800437414593
4R4V.pdb	CC	18.00705037886942
4R4V.pdb	CC	19.773068925699153
4R4V.pdb	CG	18.529880892994527
4R4V.pdb	AG	18.512094610918858
4R4V.pdb	CC	18.973046219175288
4R4V.pdb	CG	17.63020927450915
4R4V.pdb	AG	17.554545462238686
4R4V.pdb	AG	16.623151861448008
4R4V.pdb	AA	19.99653247117777
4R4V.pdb	AG	19.712096780725602
4R4V.pdb	AC	18.52571987854892
4R4V.pdb	AG	15.264471310551505
4R4V.pdb	AA	19.137698339229598
4R4V.pdb	GU	17.91626915172438
4R4V.pdb	GG	16.773555481879033
4R4V.pdb	CG	17.030166434139677
4R4V.pdb	GG	15.5764028645485
4R4V.pdb	CC	19.731426121641007
4R4V.pdb	CG	16.383983217942966
4R4V.pdb	CG	17.623655442331533
4R4V.pdb	CC	19.421552257168408
4R4V.pdb	CU	16.566988252899083
4R4V.pdb	CU	14.772479700531912
4R4V.pdb	CG	15.253336402824424
4R4V.pdb	CC	16.710135320504367
4R4V.pdb	CG	16.896617687266694
4R4V.pdb	GG	19.1958726474396
4R4V.pdb	GG	17.21893274230286
4R4V.pdb	GG	17.984445794557356
4R4V.pdb	GG	18.980770137660084
4R4V.pdb	GG	17.969566913776013
4R4V.pdb	CG	19.87168277598794
4R4V.pdb	GG	18.27072251408393
4R4V.pdb	CG	14.908575637269267
4R4V.pdb	GU	13.65357124605125
4R4V.pdb	GU	13.431033656489168
4R4V.pdb	GG	14.829472315266285
4R4V.pdb	CG	16.34780339124791
4R4V.pdb	GG	17.445920583909277
4R4V.pdb	GU	18.438880557353446
4R4V.pdb	GG	18.741201487877834
4R4V.pdb	AG	19.72139621777616
4R4V.pdb	GG	17.22407092221869
4R4V.pdb	CG	18.009027103107535
4R4V.pdb	GG	14.1370497702509
4R4V.pdb	CG	12.325062205080322
4R4V.pdb	GU	13.169988034694539
4R4V.pdb	GU	14.239882807798168
4R4V.pdb	GG	15.86363319798793
4R4V.pdb	CG	16.948251992829142
4R4V.pdb	GG	18.596188667701696
4R4V.pdb	AU	18.819723838046876
4R4V.pdb	GU	18.550752584431837
4R4V.pdb	CU	18.33400218972244
4R4V.pdb	CU	14.378057716074442
4R4V.pdb	GU	12.177522466568405
4R4V.pdb	CU	12.401321482289376
4R4V.pdb	UU	14.655153714433665
4R4V.pdb	UU	16.028246369427023
4R4V.pdb	GU	17.14101329484211
4R4V.pdb	CU	17.422949935372067
4R4V.pdb	GU	19.337654288648952
4R4V.pdb	AA	18.94479501816484
4R4V.pdb	AC	19.511655343899697
4R4V.pdb	AC	16.29284218876353
4R4V.pdb	AC	14.242039580507287
4R4V.pdb	AG	14.043617446867394
4R4V.pdb	AC	15.026123419903499
4R4V.pdb	AU	16.845451365044735
4R4V.pdb	AU	17.18785538480441
4R4V.pdb	AG	16.898233413892093
4R4V.pdb	AC	15.892330760794877
4R4V.pdb	AG	17.905075937142087
4R4V.pdb	GG	18.846285382140543
4R4V.pdb	CG	18.488612405812614
4R4V.pdb	CG	16.791823069050857
4R4V.pdb	CG	16.216673486907343
4R4V.pdb	GG	16.544857680161584
4R4V.pdb	CG	17.04877223160572
4R4V.pdb	GU	17.774425310120264
4R4V.pdb	GU	16.972817937945944
4R4V.pdb	GG	15.497728797183262
4R4V.pdb	CG	13.696455821284962
4R4V.pdb	GG	16.18900028182771
4R4V.pdb	AG	18.26888161891286
4R4V.pdb	CU	19.824872237369746
4R4V.pdb	GU	19.979917734137707
4R4V.pdb	CU	18.09838512011491
4R4V.pdb	CU	17.786709394063855
4R4V.pdb	CU	17.911661765511656
4R4V.pdb	GU	17.929536356771436
4R4V.pdb	CU	17.533627517105685
4R4V.pdb	UU	17.017312732499033
4R4V.pdb	UU	15.32264635559191
4R4V.pdb	GU	13.260107773346713
4R4V.pdb	CU	11.777912674821062
4R4V.pdb	GU	15.63193377078815
4R4V.pdb	AU	16.92345951022311
4R4V.pdb	GU	19.720223011643895
4R4V.pdb	AG	19.837075167894287
4R4V.pdb	AC	17.64100307662521
4R4V.pdb	AA	18.932580270840194
4R4V.pdb	AG	18.90108874862257
4R4V.pdb	AC	18.46591473585831
4R4V.pdb	AC	19.048981148432503
4R4V.pdb	AC	19.26395906944669
4R4V.pdb	AG	18.5899861802862
4R4V.pdb	AC	17.193044185597
4R4V.pdb	AU	15.492911714963961
4R4V.pdb	AU	13.36882648944315
4R4V.pdb	AG	11.675002863704114
4R4V.pdb	AC	11.901809522317574
4R4V.pdb	AG	17.179863492180573
4R4V.pdb	AA	18.289613506036744
4R4V.pdb	AG	18.07766116878358
4R4V.pdb	AG	16.931941917035203
4R4V.pdb	AC	13.629214864273827
4R4V.pdb	AA	13.782434653070466
4R4V.pdb	AC	17.09074172618699
4R4V.pdb	AA	19.161790189452546
4R4V.pdb	AG	18.555165418744885
4R4V.pdb	AC	19.121360418503944
4R4V.pdb	AC	19.957045556609504
4R4V.pdb	AC	19.83392177889566
4R4V.pdb	AG	18.368670778542448
4R4V.pdb	AC	16.145031491618774
4R4V.pdb	AU	13.676238343508608
4R4V.pdb	AU	12.032010436742022
4R4V.pdb	AG	11.992913060070162
4R4V.pdb	AC	14.41490003162631
4R4V.pdb	GG	17.278623912572904
4R4V.pdb	GG	18.933674217288058
4R4V.pdb	GG	18.330039843528006
4R4V.pdb	GG	19.60387263281822
4R4V.pdb	AG	16.034232166274425
4R4V.pdb	GG	12.234156140870503
4R4V.pdb	CG	9.115474935284379
4R4V.pdb	AG	9.193857315379576
4R4V.pdb	CG	12.549824219557234
4R4V.pdb	AG	14.91389475946252
4R4V.pdb	GG	18.977938897212237
4R4V.pdb	AG	19.897206896426145
4R4V.pdb	GG	17.664529923809233
4R4V.pdb	CG	18.261896017921647
4R4V.pdb	CG	18.551380357092828
4R4V.pdb	CG	17.690470188280017
4R4V.pdb	GG	15.503973353878266
4R4V.pdb	CG	13.018959236389135
4R4V.pdb	GU	11.073458542141884
4R4V.pdb	GU	11.770266794057763
4R4V.pdb	GG	14.36598954330191
4R4V.pdb	CG	18.28807989482948
4R4V.pdb	CG	17.689437084922638
4R4V.pdb	CG	15.874949996602183
4R4V.pdb	CG	13.914948612133006
4R4V.pdb	CC	16.262308383492254
4R4V.pdb	CU	17.268582299671323
4R4V.pdb	AC	16.971161815839398
4R4V.pdb	AC	17.397574896135414
4R4V.pdb	CG	16.093802261863548
4R4V.pdb	CU	17.032597196843064
4R4V.pdb	CG	17.71709639021279
4R4V.pdb	AC	17.954785219075376
4R4V.pdb	CC	18.880637652383445
4R4V.pdb	CG	15.459651923276667
4R4V.pdb	CC	15.78834375113509
4R4V.pdb	AC	11.135244212029262
4R4V.pdb	CG	8.829143494024922
4R4V.pdb	CC	7.546034315697886
4R4V.pdb	AC	8.236731168008967
4R4V.pdb	CC	11.067873818481585
4R4V.pdb	AC	13.489309505480076
4R4V.pdb	CG	17.116421483454406
4R4V.pdb	CC	19.2722457009169
4R4V.pdb	CG	18.1835035194846
4R4V.pdb	CC	18.474514754544007
4R4V.pdb	CC	17.991803529766738
4R4V.pdb	CC	16.32824500779497
4R4V.pdb	CG	13.588162624283404
4R4V.pdb	CC	11.367073235235628
4R4V.pdb	CU	10.922396012880863
4R4V.pdb	CU	14.049845713236417
4R4V.pdb	CG	18.241919160864335
4R4V.pdb	AA	18.437764460750838
4R4V.pdb	AG	14.889998996035235
4R4V.pdb	AG	11.120340943425107
4R4V.pdb	AC	11.739614101484644
4R4V.pdb	AU	12.034566657118777
4R4V.pdb	AA	11.649240649222579
4R4V.pdb	AA	12.2424741146209
4R4V.pdb	AG	11.006882112682124
4R4V.pdb	AU	13.03230840845197
4R4V.pdb	AG	15.296791420477984
4R4V.pdb	AA	17.111975748540083
4R4V.pdb	AC	19.041943562788926
4R4V.pdb	AC	18.597770809466525
4R4V.pdb	AG	14.761682339231909
4R4V.pdb	AC	14.00961194680839
4R4V.pdb	AA	10.367470200516026
4R4V.pdb	AG	10.22189041073034
4R4V.pdb	AC	9.9612438771819
4R4V.pdb	AA	9.538056759872596
4R4V.pdb	AC	10.254004580850086
4R4V.pdb	AA	11.96791996682321
4R4V.pdb	AG	14.819622203312246
4R4V.pdb	AC	16.606726874912383
4R4V.pdb	AA	17.76150989197479
4R4V.pdb	AC	19.394701507898024
4R4V.pdb	AC	18.943693313321596
4R4V.pdb	AG	16.21346306882303
4R4V.pdb	AC	14.404729399345761
4R4V.pdb	AU	14.577348333994927
4R4V.pdb	AU	18.350351221101004
4R4V.pdb	AG	16.380615001244394
4R4V.pdb	GG	12.663664630636458
4R4V.pdb	GG	10.119519509416142
4R4V.pdb	CG	13.018977683648844
4R4V.pdb	GU	15.197892328660307
4R4V.pdb	AG	13.101140379189939
4R4V.pdb	AG	13.636442006702483
4R4V.pdb	GG	14.94662524604204
4R4V.pdb	GU	17.94308783000655
4R4V.pdb	CG	17.64076621067864
4R4V.pdb	GG	13.436136716414696
4R4V.pdb	CG	10.948619762068327
4R4V.pdb	AG	7.173347832907122
4R4V.pdb	GG	9.597355181456006
4R4V.pdb	CG	12.25024005380869
4R4V.pdb	AG	14.170747744872315
4R4V.pdb	CG	16.167550704004956
4R4V.pdb	AG	17.712082577955066
4R4V.pdb	GG	19.67961934624464
4R4V.pdb	AG	19.55332515705821
4R4V.pdb	CG	19.788459964146707
4R4V.pdb	GG	17.89618912741973
4R4V.pdb	CG	17.20051782973844
4R4V.pdb	CG	15.623027183788146
4R4V.pdb	CG	13.369374443099765
4R4V.pdb	GG	11.191105380696824
4R4V.pdb	CG	11.239420612785159
4R4V.pdb	GU	13.880319729030997
4R4V.pdb	GU	18.70061539257921
4R4V.pdb	CG	18.253302825302217
4R4V.pdb	AG	18.95191835840457
4R4V.pdb	GG	16.52943529953246
4R4V.pdb	AG	13.51216257277223
4R4V.pdb	GG	10.828674973347736
4R4V.pdb	GG	9.538923759799989
4R4V.pdb	CG	13.58945734464797
4R4V.pdb	GU	17.16306313074426
4R4V.pdb	AG	14.219889667580173
4R4V.pdb	AG	15.348640069221098
4R4V.pdb	GG	18.469041655479714
4R4V.pdb	CG	19.631142132632387
4R4V.pdb	GG	16.2476817063191
4R4V.pdb	CG	11.719641616581244
4R4V.pdb	AG	9.755006411761434
4R4V.pdb	GG	14.177999830728972
4R4V.pdb	CG	17.83217699695246
4R4V.pdb	CG	19.595906221012335
4R4V.pdb	AG	19.7667353742865
4R4V.pdb	GG	16.96874793178842
4R4V.pdb	CG	15.468768601733096
4R4V.pdb	CG	13.34522907709267
4R4V.pdb	CG	11.53855801252867
4R4V.pdb	GG	11.40567060618104
4R4V.pdb	CG	13.936551628961746
4R4V.pdb	GU	18.15030539459309
4R4V.pdb	GU	16.40843544787605
4R4V.pdb	CG	18.337214039196596
4R4V.pdb	GU	19.96070323686694
4R4V.pdb	AG	19.238698850221333
4R4V.pdb	GU	16.96508897771559
4R4V.pdb	AG	15.408145776336532
4R4V.pdb	GG	13.83608931059348
4R4V.pdb	AG	12.084951386138485
4R4V.pdb	GG	10.59848527336466
4R4V.pdb	GG	11.623022076852834
4R4V.pdb	CG	16.443582376694895
4R4V.pdb	AG	18.072945297802963
4R4V.pdb	AG	19.809477820381336
4R4V.pdb	CG	16.112248199197374
4R4V.pdb	AG	14.98707652024035
4R4V.pdb	GG	19.563239840773672
4R4V.pdb	CG	19.81826724855945
4R4V.pdb	AG	18.943288323785694
4R4V.pdb	GG	15.997710246622686
4R4V.pdb	CG	13.905527171298258
4R4V.pdb	CG	11.848661860018957
4R4V.pdb	CG	11.588749291523504
4R4V.pdb	GG	13.945703311578201
4R4V.pdb	CG	18.011988794622038
4R4V.pdb	AC	15.245661173575176
4R4V.pdb	AA	17.217590953454554
4R4V.pdb	AC	19.645727433476633
4R4V.pdb	AC	18.178276817070063
4R4V.pdb	AU	15.432791436063603
4R4V.pdb	AA	13.828292771033272
4R4V.pdb	AC	18.09479519282585
4R4V.pdb	AG	19.59785326479012
4R4V.pdb	AG	15.623391355837292
4R4V.pdb	AU	12.893513687617748
4R4V.pdb	AA	13.023225523976242
4R4V.pdb	AG	12.280385496561898
4R4V.pdb	AA	12.12963507259575
4R4V.pdb	AG	12.151785609372793
4R4V.pdb	AG	14.931692885566216
4R4V.pdb	AC	19.9151526056824
4R4V.pdb	AA	19.582093814709694
4R4V.pdb	AA	18.728420930195487
4R4V.pdb	AG	16.231735617957646
4R4V.pdb	AC	14.234957334584744
4R4V.pdb	AC	13.173328149262801
4R4V.pdb	AC	14.785766468770978
4R4V.pdb	AG	18.64233964360329
4R4V.pdb	AA	17.949429462674516
4R4V.pdb	AC	19.021444356702677
4R4V.pdb	AG	18.675067443877914
4R4V.pdb	AU	19.73849395975285
4R4V.pdb	AA	16.6913264081363
4R4V.pdb	AC	12.919347242380203
4R4V.pdb	AU	9.61545594345649
4R4V.pdb	AA	9.350717523336593
4R4V.pdb	AC	14.610843387223591
4R4V.pdb	AG	18.630708191167564
4R4V.pdb	AG	16.536805719029214
4R4V.pdb	AU	15.737159527152109
4R4V.pdb	AA	17.435858941167712
4R4V.pdb	AG	16.42133358302801
4R4V.pdb	AA	15.912871142254579
4R4V.pdb	AG	15.08787850176724
4R4V.pdb	AG	19.22178460422514
4R4V.pdb	AA	19.770604592689185
4R4V.pdb	AA	17.781386585309953
4R4V.pdb	AG	14.741270012360953
4R4V.pdb	AC	12.105322406752274
4R4V.pdb	AC	11.807555060157869
4R4V.pdb	AC	15.167873377449052
4R4V.pdb	CC	19.521603324404687
4R4V.pdb	CU	19.066978786835257
4R4V.pdb	CC	16.181347015863018
4R4V.pdb	CG	15.006126159133668
4R4V.pdb	CU	16.468117336870886
4R4V.pdb	AC	18.919414487080918
4R4V.pdb	AC	19.480791826287497
4R4V.pdb	CC	14.69725235621208
4R4V.pdb	CU	10.3763110751905
4R4V.pdb	AC	11.947472082324834
4R4V.pdb	CC	17.451917975248005
4R4V.pdb	CG	19.847140228056023
4R4V.pdb	CG	18.42378944543017
4R4V.pdb	CU	17.79235021652519
4R4V.pdb	AC	19.799300043174465
4R4V.pdb	CG	17.115100145686796
4R4V.pdb	AC	15.51733192955118
4R4V.pdb	CG	14.02456414628638
4R4V.pdb	CG	19.217653974175246
4R4V.pdb	CC	19.335380722052086
4R4V.pdb	AC	15.685764913754866
4R4V.pdb	AC	13.309958090508639
4R4V.pdb	CG	11.035749215257969
4R4V.pdb	CC	10.012468441781804
4R4V.pdb	CC	12.345787215601352
4R4V.pdb	CC	17.13696360160184
4R4V.pdb	UU	19.826293602993786
4R4V.pdb	GU	16.755224492096513
4R4V.pdb	UU	15.749550228420912
4R4V.pdb	CU	14.374590935473634
4R4V.pdb	GU	13.784727808571915
4R4V.pdb	UU	16.540637394920473
4R4V.pdb	CU	19.77697595876777
4R4V.pdb	UU	14.98883479656096
4R4V.pdb	AU	16.05409264319506
4R4V.pdb	GU	18.632204637503634
4R4V.pdb	UU	17.704814560062612
4R4V.pdb	AU	19.72270594797795
4R4V.pdb	GU	15.709977041154973
4R4V.pdb	AU	13.678238541090852
4R4V.pdb	GU	12.720499467050194
4R4V.pdb	GU	18.296988907373674
4R4V.pdb	CU	15.409044186716462
4R4V.pdb	AU	11.283127874965809
4R4V.pdb	AU	10.241552495451753
4R4V.pdb	GU	10.651401503042207
4R4V.pdb	CU	12.409307271260706
4R4V.pdb	CU	16.184272859203418
4R4V.pdb	CU	19.51722424091277
4R4V.pdb	CU	17.751764341432995
4R4V.pdb	CU	15.535897639221448
4R4V.pdb	CG	13.945960026596385
4R4V.pdb	CU	14.731128494669019
4R4V.pdb	CC	14.798797706404693
4R4V.pdb	CG	15.93313399631281
4R4V.pdb	CU	19.985194797399387
4R4V.pdb	AC	19.872373776214832
4R4V.pdb	CG	19.786952705309606
4R4V.pdb	CG	17.640818633364102
4R4V.pdb	CU	16.10372486350237
4R4V.pdb	AC	17.86042086728942
4R4V.pdb	CG	12.970166846164377
4R4V.pdb	AC	11.35209751140555
4R4V.pdb	CG	12.207803913962133
4R4V.pdb	CG	17.211953013154947
4R4V.pdb	AC	17.05190903191494
4R4V.pdb	CC	12.177357741540273
4R4V.pdb	AC	9.258749431529068
4R4V.pdb	AC	11.367967852488771
4R4V.pdb	CG	14.049914959474714
4R4V.pdb	CC	17.014705704726584
4R4V.pdb	AC	18.12323404297014
4R4V.pdb	AC	19.906954317073353
4R4V.pdb	AC	18.73516915721751
4R4V.pdb	AA	16.466319707703732
4R4V.pdb	AU	14.167168189924734
4R4V.pdb	AU	13.789622239996232
4R4V.pdb	AG	13.79217763025437
4R4V.pdb	AU	15.641097628077404
4R4V.pdb	AC	16.190833876552933
4R4V.pdb	AG	19.042681309444497
4R4V.pdb	AU	19.26928814487314
4R4V.pdb	AG	18.3758182370346
4R4V.pdb	AG	15.550406754720255
4R4V.pdb	AU	13.616511806047535
4R4V.pdb	AA	15.229982880178197
4R4V.pdb	AG	10.568335427825765
4R4V.pdb	AA	10.946753965212215
4R4V.pdb	AG	14.20370193410638
4R4V.pdb	AG	17.886328292468853
4R4V.pdb	AA	16.625903975469917
4R4V.pdb	AC	12.98459280827431
4R4V.pdb	AA	12.494908413825977
4R4V.pdb	AA	16.228817054901718
4R4V.pdb	AG	19.276152816489795
4R4V.pdb	CC	17.48173635139224
4R4V.pdb	AC	19.99641092888306
4R4V.pdb	CC	18.15976932637272
4R4V.pdb	AC	15.459047998102397
4R4V.pdb	CC	14.17769495912092
4R4V.pdb	AC	13.393589710444868
4R4V.pdb	CU	13.094735086126454
4R4V.pdb	CU	14.460357738074505
4R4V.pdb	CG	15.033778485146142
4R4V.pdb	CU	16.81390675054917
4R4V.pdb	CC	17.172906661770266
4R4V.pdb	AC	19.559226551656238
4R4V.pdb	CU	19.6048038635811
4R4V.pdb	CU	17.489915115711526
4R4V.pdb	CG	16.03583049488668
4R4V.pdb	CG	13.103879491589725
4R4V.pdb	CU	11.728168073248916
4R4V.pdb	AC	13.782150903272372
4R4V.pdb	CG	11.151652925957668
4R4V.pdb	AC	13.99496297752154
4R4V.pdb	CG	18.516090612469092
4R4V.pdb	CC	17.622297169955342
4R4V.pdb	AC	18.07614631428715
4R4V.pdb	AC	18.21034621369478
4R4V.pdb	AC	18.422137339167183
4R4V.pdb	CC	13.698452710442119
4R4V.pdb	AC	11.204653702179051
4R4V.pdb	CC	11.943146513536682
4R4V.pdb	AC	13.350063094034182
4R4V.pdb	CU	14.76877707841076
4R4V.pdb	CU	16.67384315398507
4R4V.pdb	CG	16.74769304461358
4R4V.pdb	CU	17.667867313262548
4R4V.pdb	CC	17.462037357167606
4R4V.pdb	AC	18.31733584020971
4R4V.pdb	CU	17.343904029862344
4R4V.pdb	CU	14.8257799359189
4R4V.pdb	CG	13.158554659844842
4R4V.pdb	CG	11.214612897411364
4R4V.pdb	CU	11.76689897066398
4R4V.pdb	AC	14.758835896990758
4R4V.pdb	CG	14.67413757831662
4R4V.pdb	AC	18.762195593912494
4R4V.pdb	AU	18.74489486987623
4R4V.pdb	AU	15.482231970634771
4R4V.pdb	CU	10.196412714794818
4R4V.pdb	AU	9.866076054302996
4R4V.pdb	CU	13.1173466149266
4R4V.pdb	AU	15.463161273544886
4R4V.pdb	UU	17.0786057749063
4R4V.pdb	UU	18.314611383304435
4R4V.pdb	GU	17.25504625758188
4R4V.pdb	UU	16.961215881680427
4R4V.pdb	CU	16.217372085513365
4R4V.pdb	GU	19.782374611683462
4R4V.pdb	AU	15.520280200888832
4R4V.pdb	UU	13.598385083545882
4R4V.pdb	UU	11.349457869337213
4R4V.pdb	GU	10.721140823508366
4R4V.pdb	GU	11.49385507022369
4R4V.pdb	UU	14.454202256960968
4R4V.pdb	AU	18.35831726756256
4R4V.pdb	GU	19.42047924919875
4R4V.pdb	CU	19.047425337936776
4R4V.pdb	AC	19.78119765545643
4R4V.pdb	AC	14.126510400490202
4R4V.pdb	CC	9.442241549294373
4R4V.pdb	AC	11.933406426498832
4R4V.pdb	CC	15.707069098126533
4R4V.pdb	AC	17.347063860390897
4R4V.pdb	CU	18.018700540462756
4R4V.pdb	CU	17.94516769979961
4R4V.pdb	CG	15.604351903281483
4R4V.pdb	CU	14.18436486182217
4R4V.pdb	CC	13.424562481336604
4R4V.pdb	CG	19.13501669613505
4R4V.pdb	CU	18.571870877446667
4R4V.pdb	CG	15.139381650357745
4R4V.pdb	AC	10.95100387915958
4R4V.pdb	CU	8.908751747200018
4R4V.pdb	CU	8.744627862938385
4R4V.pdb	CG	10.974920303886929
4R4V.pdb	CG	14.300167592397496
4R4V.pdb	CU	18.34437093438739
4R4V.pdb	CG	19.330067193487007
4R4V.pdb	AC	17.990569860275805
4R4V.pdb	AC	18.860311741459185
4R4V.pdb	AC	13.420698831265849
4R4V.pdb	CC	10.584043943516132
4R4V.pdb	AC	14.384694094271376
4R4V.pdb	CC	17.431496579554562
4R4V.pdb	AC	17.83430473140804
4R4V.pdb	CU	17.359507262638903
4R4V.pdb	CU	16.0423497242167
4R4V.pdb	CG	12.976066520347771
4R4V.pdb	CU	11.26820566717975
4R4V.pdb	CC	11.889913282634488
4R4V.pdb	CG	17.111616858733218
4R4V.pdb	CG	17.572050969400586
4R4V.pdb	CU	13.604189586596187
4R4V.pdb	CG	9.680633885220676
4R4V.pdb	AC	6.427772383583356
4R4V.pdb	CU	7.233481443314498
4R4V.pdb	CU	10.885077123772723
4R4V.pdb	CG	15.059077284860034
4R4V.pdb	CG	18.9676454477346
4R4V.pdb	AA	15.322955926417757
4R4V.pdb	AA	17.288683404609156
4R4V.pdb	AA	13.202530585956673
4R4V.pdb	AC	12.643428948792417
4R4V.pdb	AA	16.420984673586997
4R4V.pdb	AC	18.167083046810102
4R4V.pdb	AA	17.220893079873033
4R4V.pdb	AU	15.756941000636859
4R4V.pdb	AU	13.639206712701911
4R4V.pdb	AG	11.077892043100839
4R4V.pdb	AU	10.764813343008589
4R4V.pdb	AC	13.75578460512306
4R4V.pdb	AG	17.873239195021537
4R4V.pdb	AG	15.98789317056288
4R4V.pdb	AU	10.754795647272115
4R4V.pdb	AG	6.134865868176869
4R4V.pdb	AA	6.697036422241708
4R4V.pdb	AU	11.301520713926083
4R4V.pdb	AU	16.187754231550453
4R4V.pdb	AA	15.065392970298738
4R4V.pdb	AA	12.731993342143651
4R4V.pdb	AC	14.078207987772558
4R4V.pdb	AA	17.046104761464644
4R4V.pdb	AC	17.366537384080925
4R4V.pdb	AA	15.414233676897883
4R4V.pdb	AU	13.696410519134085
4R4V.pdb	AU	12.038729054356295
4R4V.pdb	AG	11.797978894623817
4R4V.pdb	AU	13.819743184712697
4R4V.pdb	AC	18.102870835209217
4R4V.pdb	AG	19.122742703066358
4R4V.pdb	AU	13.389518102943786
4R4V.pdb	AG	9.481540499942533
4R4V.pdb	AA	11.796172958667352
4R4V.pdb	AU	16.941081106598155
4R4V.pdb	AU	12.3070901249624
4R4V.pdb	CU	15.007362655852639
4R4V.pdb	AU	16.76056285254462
4R4V.pdb	CU	15.731346277225557
4R4V.pdb	AU	13.310676092847741
4R4V.pdb	UU	12.346454807058848
4R4V.pdb	UU	12.491982682103204
4R4V.pdb	GU	14.794452081474855
4R4V.pdb	UU	18.254058107698462
4R4V.pdb	UU	18.61492572009945
4R4V.pdb	GU	15.042800410034998
4R4V.pdb	AU	17.15970412954926
4R4V.pdb	CG	15.280437853498656
4R4V.pdb	AG	15.796674380093721
4R4V.pdb	CG	13.934547303304972
4R4V.pdb	AG	12.239626738276081
4R4V.pdb	GU	13.34201955079056
4R4V.pdb	GU	15.702169879994049
4R4V.pdb	GG	19.31694505970518
4R4V.pdb	AA	13.206917502936978
4R4V.pdb	AC	12.52733206507804
4R4V.pdb	AA	12.530242414468189
4R4V.pdb	AU	14.854625252772307
4R4V.pdb	AU	17.561397301673733
4R4V.pdb	AC	14.9518799407859
4R4V.pdb	AA	16.951380284584957
4R4V.pdb	AA	14.486883032038238
4R4V.pdb	AU	17.472884556502237
4R4V.pdb	AU	19.737170714757845
4R4V.pdb	AG	19.10325173716933
4R4V.pdb	AA	18.831592192960628
4R4V.pdb	CU	16.726076659697924
4R4V.pdb	CU	18.86436393538185
4R4V.pdb	CG	19.231117776866203
4R4V.pdb	CG	18.54973886509616
4R4V.pdb	AC	16.742406200512015
4R4V.pdb	CU	17.072134392228296
4R4V.pdb	CU	18.107698562746727
4R4V.pdb	CG	19.62481535719181
4R4V.pdb	AU	18.482092709268933
4R4V.pdb	CG	19.201770262918323
4R4V.pdb	GU	19.767708918955353
4R4V.pdb	AU	18.876437583143847
4R4V.pdb	GU	19.344111442931307
4R4V.pdb	UU	17.344976852462416
4R4V.pdb	GU	16.03990601749253
4R4V.pdb	AU	15.550322962106977
4R4V.pdb	AU	19.58234271204537
4R4V.pdb	GU	18.424137883242306
4R4V.pdb	GG	16.118550511589845
4R4V.pdb	GU	12.146894934327635
4R4V.pdb	GG	11.701795171177016
4R4V.pdb	AG	10.542240861699224
4R4V.pdb	GU	15.166301310870729
4R4V.pdb	GU	18.12076881083047
4R4V.pdb	AG	19.751459832767548
4R4V.pdb	AU	19.106629713665974
4R4V.pdb	UU	16.47148768496737
4R4V.pdb	GU	11.70944123250477
4R4V.pdb	UU	8.914405023909234
4R4V.pdb	GU	9.418244541322085
4R4V.pdb	AU	6.781324222612743
4R4V.pdb	UU	10.777743960029511
4R4V.pdb	UU	14.231085636867158
4R4V.pdb	GU	18.217763452491745
4R4V.pdb	CU	17.411305690837896
4R4V.pdb	AC	16.583708029915748
4R4V.pdb	CC	18.374819171210337
4R4V.pdb	CU	19.156561022126592
4R4V.pdb	AC	18.040227247222152
4R4V.pdb	CU	15.11123371079874
4R4V.pdb	CG	12.253531452329371
4R4V.pdb	CU	11.549330153468158
4R4V.pdb	CG	12.255672781577646
4R4V.pdb	AC	7.835934806261111
4R4V.pdb	CU	8.116192081115097
4R4V.pdb	CU	10.181082548798992
4R4V.pdb	CG	14.214737189292904
4R4V.pdb	CG	17.380560371801455
4R4V.pdb	GU	15.282239113137123
4R4V.pdb	AG	16.471473814676276
4R4V.pdb	CG	19.1174904002588
4R4V.pdb	GU	19.510461827248665
4R4V.pdb	GU	17.767837406486308
4R4V.pdb	AG	15.731932766543595
4R4V.pdb	GU	12.65082770894311
4R4V.pdb	GG	10.347034645377276
4R4V.pdb	GU	11.948533619826687
4R4V.pdb	GG	14.696443725337065
4R4V.pdb	AG	11.824271503872687
4R4V.pdb	GU	12.78362546768539
4R4V.pdb	GU	14.948968978957005
4R4V.pdb	GG	18.723748129557524
4R4V.pdb	CU	18.09037628120317
4R4V.pdb	UU	14.255559694824608
4R4V.pdb	AU	17.100412848892635
4R4V.pdb	CU	19.800626442515185
4R4V.pdb	UU	18.21910884442805
4R4V.pdb	UU	15.834530507247429
4R4V.pdb	AU	13.329383974729845
4R4V.pdb	UU	11.128184503297613
4R4V.pdb	GU	10.964773279003085
4R4V.pdb	UU	14.783661471847656
4R4V.pdb	GU	18.5052268168293
4R4V.pdb	AU	16.4610125302875
4R4V.pdb	UU	17.014281114300005
4R4V.pdb	UU	19.079511069562777
4R4V.pdb	AC	15.810656240988527
4R4V.pdb	AU	13.570451278317
4R4V.pdb	AA	17.23852958021876
4R4V.pdb	AC	19.369653365651693
4R4V.pdb	AU	19.876347873213067
4R4V.pdb	AG	18.65904994955386
4R4V.pdb	AU	15.986107471150273
4R4V.pdb	AU	13.709600395930634
4R4V.pdb	AA	11.940656155779147
4R4V.pdb	AU	12.059379135879647
4R4V.pdb	AG	14.450626957039727
4R4V.pdb	AU	19.259110096985847
4R4V.pdb	GU	19.401302329706965
4R4V.pdb	AG	18.4964925775804
4R4V.pdb	CG	14.785486403997117
4R4V.pdb	GU	14.432639223207854
4R4V.pdb	AG	17.63068682455023
4R4V.pdb	CG	18.37565059650634
4R4V.pdb	GU	17.624736840951464
4R4V.pdb	GG	15.552420170696884
4R4V.pdb	GU	12.74196961470589
4R4V.pdb	GU	11.461739260265457
4R4V.pdb	AG	11.844443601471024
4R4V.pdb	GU	14.635575083566891
4R4V.pdb	GG	18.790222041405176
4R4V.pdb	CU	19.655159260140334
4R4V.pdb	AC	17.372546844837892
4R4V.pdb	CC	15.152266730031917
4R4V.pdb	CU	16.2568025959204
4R4V.pdb	AC	18.62170761013456
4R4V.pdb	CC	18.091870732690094
4R4V.pdb	CU	16.28153398480279
4R4V.pdb	CG	13.708000539187
4R4V.pdb	CU	11.461016731055425
4R4V.pdb	CU	11.944571809552501
4R4V.pdb	AC	14.352626159832935
4R4V.pdb	CU	18.442264552354914
4R4V.pdb	AG	16.817033707437897
4R4V.pdb	AA	14.972556987702259
4R4V.pdb	AC	14.239303011583072
4R4V.pdb	AU	16.356195445744238
4R4V.pdb	AA	17.32094630503352
4R4V.pdb	AC	15.497889375506789
4R4V.pdb	AU	13.117616189485329
4R4V.pdb	AG	11.276565982211809
4R4V.pdb	AU	11.445093656573139
4R4V.pdb	AU	14.652257001585577
4R4V.pdb	AA	18.651348688413606
4R4V.pdb	AG	13.581941929628826
4R4V.pdb	CG	14.089387818382043
4R4V.pdb	GU	16.628643348322694
4R4V.pdb	AG	16.07642290291425
4R4V.pdb	CG	13.195992144912779
4R4V.pdb	GU	10.871848548190835
4R4V.pdb	GG	10.865039849457894
4R4V.pdb	GU	13.574998823651507
4R4V.pdb	GU	18.295707935924543
4R4V.pdb	CU	12.60763105018129
4R4V.pdb	UU	15.668967034355632
4R4V.pdb	AU	14.367064422738949
4R4V.pdb	CU	11.821946568061398
4R4V.pdb	UU	11.521729972398088
4R4V.pdb	GU	13.984377471443507
4R4V.pdb	UU	17.886326214095707
4R4V.pdb	UU	15.29549680553254
4R4V.pdb	AU	14.590070829764265
4R4V.pdb	CU	13.776165262517084
4R4V.pdb	UU	15.518217148168956
4R4V.pdb	GU	18.890128527771306
4R4V.pdb	AG	17.169232138408994
4R4V.pdb	CG	17.705307417580762
4R4V.pdb	GU	19.84922225858852
4R4V.pdb	AC	15.397521686491672
4R4V.pdb	AU	18.168490020262926
4R4V.pdb	AC	18.626406900123673
4R4V.pdb	CU	15.80397228796214
4R4V.pdb	CG	18.432305643484927
4R4V.pdb	CC	18.265521301562696
4R4V.pdb	CC	16.927387561939526
4R4V.pdb	GU	17.57189756577112
4R4V.pdb	UU	19.130245438395875
4R4V.pdb	UU	19.68489399658
4R4V.pdb	GU	19.79343128212495
4R4V.pdb	GU	19.60259946643075
4R4V.pdb	CU	16.43791714331294
4R4V.pdb	CU	16.44770296831464
4R4V.pdb	AU	18.060198659830444
4R4V.pdb	AU	19.595468413240145
4R4V.pdb	AU	15.74797987785635
4R4V.pdb	AG	14.753587404573267
4R4V.pdb	AG	15.724786329742711
4R4V.pdb	AU	18.048730389032364
4R4V.pdb	AC	19.825560436503775
4R4V.pdb	AC	19.366321489466102
4R4V.pdb	CU	19.41846158411316
4R4V.pdb	CU	18.99160299523352
4R4V.pdb	CU	14.653988813697486
4R4V.pdb	CG	13.565745400380129
4R4V.pdb	CG	15.929530603692557
4R4V.pdb	CU	19.526371727339633
4R4V.pdb	UU	18.787721830378743
4R4V.pdb	UU	15.290577922729891
4R4V.pdb	GU	15.439942644414346
4R4V.pdb	GU	19.364103726654413
4R4V.pdb	GU	18.639291641688036
4R4V.pdb	GU	16.850145468088606
4R4V.pdb	GG	18.637630259308168
4R4V.pdb	UU	18.12448700355746
4R4V.pdb	UU	18.2689178808048
4R4V.pdb	UU	17.823992968570742
4R4V.pdb	UU	19.901445458845817
4R4V.pdb	AG	19.377989001937745
4R4V.pdb	AA	18.738205124927628
4R4V.pdb	AU	17.955733694184207
4R4V.pdb	AU	15.086589735929268
4R4V.pdb	UU	16.08232380217081
4R4V.pdb	GU	14.444343214863972
4R4V.pdb	GU	19.651365977279717
4R4V.pdb	UU	18.638129955419743
4R4V.pdb	GG	19.544052545982897
4R4V.pdb	AG	18.542442096187226
4R4V.pdb	GU	18.264305640505313
4R4V.pdb	AG	17.19693549418424
4R4V.pdb	AC	18.759370845094715
4R4V.pdb	CG	14.348737383964794
4R4V.pdb	GU	19.462639952417305
4R4V.pdb	AG	18.462634454705007
4R4V.pdb	AG	16.260883613980823
4R4V.pdb	CG	15.017331463662568
4R4V.pdb	AG	17.12438816642394
4R4V.pdb	AG	19.97415505028852
4R4V.pdb	AU	16.630044888612407
4R4V.pdb	AA	16.35558240741712
4R4V.pdb	AC	16.56625017214041
4R4V.pdb	AA	11.827078849444018
4R4V.pdb	AC	10.211379929690501
4R4V.pdb	AA	12.557038896869777
4R4V.pdb	AA	15.21837095193806
4R4V.pdb	AG	16.409158017627885
4R4V.pdb	AC	18.322298366248255
4R4V.pdb	AC	19.92053862925721
4R4V.pdb	AG	16.63706412196928
4R4V.pdb	AG	19.380981514611925
4R4V.pdb	GG	18.63536751837565
4R4V.pdb	CG	15.676115315853986
4R4V.pdb	AG	11.635400943478585
4R4V.pdb	CG	9.267314391233194
4R4V.pdb	AG	10.407390374740247
4R4V.pdb	AG	11.346901968267511
4R4V.pdb	GG	11.682599643246647
4R4V.pdb	CG	13.792549048643727
4R4V.pdb	CG	15.720122698387497
4R4V.pdb	CG	17.762527147128328
4R4V.pdb	GG	19.785265558116983
4R4V.pdb	AG	14.837435966685254
4R4V.pdb	GG	16.63692929382581
4R4V.pdb	CG	18.63684988265635
4R4V.pdb	AG	16.471424246130585
4R4V.pdb	GG	19.398207710064682
4R4V.pdb	CG	19.129328259655683
4R4V.pdb	AG	17.43069844822837
4R4V.pdb	GG	15.822824805682762
4R4V.pdb	CG	13.429973111076333
4R4V.pdb	AG	10.948231882295474
4R4V.pdb	CG	11.402824675591505
4R4V.pdb	AG	14.715765601909338
4R4V.pdb	AG	16.24413009713226
4R4V.pdb	GG	16.482716288646877
4R4V.pdb	CG	18.10395510829032
4R4V.pdb	CG	18.900451120094832
4R4V.pdb	CG	19.352784632254753
4R4V.pdb	GG	19.763137725467747
4R4V.pdb	CG	12.664188058490508
4R4V.pdb	CU	17.458549877578292
4R4V.pdb	CC	19.341389280117426
4R4V.pdb	AC	17.996259183244778
4R4V.pdb	CC	18.126704879553085
4R4V.pdb	AC	16.066264632169887
4R4V.pdb	CG	13.946327683262751
4R4V.pdb	CC	11.733556254874362
4R4V.pdb	AC	11.151376050678186
4R4V.pdb	CC	14.155906387458455
4R4V.pdb	AC	18.99187408573611
4R4V.pdb	UU	13.110346242464152
4R4V.pdb	GU	18.52527230456273
4R4V.pdb	CU	19.814552973188373
4R4V.pdb	AU	18.796441051177034
4R4V.pdb	AU	19.017886003361003
4R4V.pdb	CU	16.09216243290792
4R4V.pdb	AU	14.382671377350647
4R4V.pdb	GU	13.015078238009433
4R4V.pdb	CU	12.469261437406008
4R4V.pdb	AU	14.208078973100271
4R4V.pdb	CU	18.3262552326323
4R4V.pdb	AG	18.850976076528966
4R4V.pdb	AC	19.657266545669387
4R4V.pdb	AG	19.053198441154567
4R4V.pdb	AC	15.558283498483753
4R4V.pdb	AA	15.443685754572387
4R4V.pdb	AG	18.863224398528317
4R4V.pdb	AA	19.73168327120987
4R4V.pdb	AC	18.218785265045085
4R4V.pdb	AA	17.85162810138733
4R4V.pdb	AG	17.484965042284905
4R4V.pdb	AC	16.860804715238046
4R4V.pdb	AA	17.46645605264426
4R4V.pdb	AA	19.981578483098765
4R4V.pdb	AU	19.365625980916658
4R4V.pdb	AA	16.761869282577738
4R4V.pdb	AC	15.182133087882452
4R4V.pdb	AC	15.364373131300345
4R4V.pdb	AG	15.670997314784758
4R4V.pdb	AC	12.785826130645127
4R4V.pdb	AA	13.571449034440544
4R4V.pdb	AG	16.985611803061165
4R4V.pdb	AC	19.02972555093377
4R4V.pdb	AA	19.146315391684837
4R4V.pdb	AC	18.489557367406146
4R4V.pdb	AA	19.53734176989814
4R4V.pdb	CG	19.17715757574478
4R4V.pdb	GU	17.9688793839865
4R4V.pdb	AG	17.06498559087601
4R4V.pdb	CG	16.716758704511694
4R4V.pdb	CG	17.087955373588084
4R4V.pdb	GG	16.688595345697525
4R4V.pdb	CG	15.950220162038132
4R4V.pdb	AG	15.394550707086298
4R4V.pdb	GG	16.564949628639308
4R4V.pdb	CG	16.67572821028042
4R4V.pdb	AG	15.377038727091756
4R4V.pdb	CG	13.770914000443133
4R4V.pdb	AG	15.17142403320921
4R4V.pdb	GG	17.1711669215051
4R4V.pdb	CG	19.05707945580906
4R4V.pdb	GU	19.466672540770116
4R4V.pdb	AU	18.661642200587433
4R4V.pdb	AU	16.50283936505377
4R4V.pdb	UU	15.983358806202105
4R4V.pdb	AU	16.66845895771332
4R4V.pdb	CU	17.364196636942488
4R4V.pdb	CU	17.9985974895399
4R4V.pdb	GU	17.453094062791113
4R4V.pdb	CU	18.69783425594535
4R4V.pdb	AU	17.650972183874305
4R4V.pdb	GU	16.895859398399708
4R4V.pdb	CU	15.508653814242233
4R4V.pdb	AU	13.45520929467373
4R4V.pdb	CU	11.768779742654045
4R4V.pdb	AU	14.488207769384056
4R4V.pdb	GU	18.039828141986316
4R4V.pdb	GG	19.438868863708098
4R4V.pdb	CG	17.247343405035785
4R4V.pdb	AG	14.769137335239133
4R4V.pdb	AG	14.31835915336479
4R4V.pdb	GU	15.532269272770646
4R4V.pdb	AG	17.196907555616214
4R4V.pdb	CG	18.111629089619736
4R4V.pdb	CG	18.320714499958534
4R4V.pdb	GG	17.311782274226495
4R4V.pdb	AG	18.918940258936225
4R4V.pdb	GG	16.346047426462206
4R4V.pdb	CG	13.808625655895836
4R4V.pdb	AG	11.909315525121793
4R4V.pdb	CG	11.6085310394051
4R4V.pdb	AG	15.99863804881965
4R4V.pdb	GU	19.87183434995718
4R4V.pdb	AU	19.638104560756727
4R4V.pdb	AC	16.716829699294053
4R4V.pdb	AC	14.049494281318339
4R4V.pdb	AA	13.388919912805893
4R4V.pdb	AA	14.73129209249773
4R4V.pdb	AU	16.642739007296615
4R4V.pdb	AA	18.124892383136295
4R4V.pdb	AC	18.3868798407841
4R4V.pdb	AC	17.625548162336184
4R4V.pdb	AG	15.9617901094817
4R4V.pdb	AA	18.784471011597876
4R4V.pdb	AG	14.806402709394161
4R4V.pdb	AC	11.93956600804967
4R4V.pdb	AA	11.565753247664478
4R4V.pdb	AC	13.620813461076287
4R4V.pdb	AA	19.041589119383033
4R4V.pdb	AU	16.92487523456457
4R4V.pdb	AU	17.816923305209766
4R4V.pdb	AC	19.397317271388612
4R4V.pdb	CG	16.710040475455042
4R4V.pdb	CC	14.079425765734417
4R4V.pdb	CC	13.290120533333544
4R4V.pdb	AC	14.134370096818182
4R4V.pdb	AC	16.120023711756893
4R4V.pdb	CU	17.602328100509784
4R4V.pdb	AC	18.215033240630905
4R4V.pdb	CC	17.51108936524484
4R4V.pdb	CC	15.777354514457379
4R4V.pdb	CG	13.823492370431511
4R4V.pdb	CC	19.576177423116835
4R4V.pdb	AC	17.94600327965832
4R4V.pdb	CG	13.460817730258164
4R4V.pdb	CC	11.76439046361305
4R4V.pdb	AC	13.73663567058138
4R4V.pdb	CC	17.45573959727696
4R4V.pdb	CC	18.601091582273916
4R4V.pdb	CU	14.476534178371883
4R4V.pdb	CU	15.223456288127151
4R4V.pdb	CG	19.6100738608319
4R4V.pdb	GU	19.471764830225066
4R4V.pdb	AG	18.556709850584237
4R4V.pdb	GG	14.361859667166312
4R4V.pdb	CG	13.72863402037893
4R4V.pdb	CG	14.581085238859409
4R4V.pdb	AG	15.883674082119454
4R4V.pdb	AG	17.520987649310207
4R4V.pdb	GU	17.984015406242513
4R4V.pdb	AG	17.4460494991356
4R4V.pdb	CG	15.776085356633175
4R4V.pdb	CG	13.382443266151018
4R4V.pdb	GG	11.985655474817392
4R4V.pdb	CG	18.292773768710067
4R4V.pdb	AG	17.50338509521866
4R4V.pdb	GG	13.741429030831894
4R4V.pdb	CG	14.243058108427556
4R4V.pdb	AG	17.833536687504406
4R4V.pdb	CG	17.619171389072488
4R4V.pdb	GU	14.416202819494428
4R4V.pdb	GU	15.834979405440246
4R4V.pdb	GU	19.30867970903548
4R4V.pdb	AG	17.06124269920388
4R4V.pdb	GG	14.039786462376977
4R4V.pdb	CG	14.94751211402981
4R4V.pdb	CG	16.269940311703213
4R4V.pdb	AG	17.08869695874876
4R4V.pdb	AG	17.819729033022035
4R4V.pdb	GU	17.11005824103156
4R4V.pdb	AG	15.562624691406068
4R4V.pdb	CG	13.446246439209514
4R4V.pdb	CG	11.463209459318705
4R4V.pdb	GG	12.08970010956827
4R4V.pdb	CG	17.921640913031585
4R4V.pdb	AG	18.54893468234258
4R4V.pdb	GG	16.438896950600753
4R4V.pdb	CG	18.591569432613312
4R4V.pdb	CG	19.506411825439866
4R4V.pdb	GU	17.776101709083733
4R4V.pdb	GU	19.293042767004934
4R4V.pdb	AU	17.052584033200755
4R4V.pdb	GU	15.062057725106516
4R4V.pdb	CU	16.53594336047046
4R4V.pdb	CU	17.54935262974599
4R4V.pdb	AU	17.534314040531175
4R4V.pdb	AU	17.253759573494214
4R4V.pdb	UU	15.597015403897318
4R4V.pdb	AU	13.59554930372523
4R4V.pdb	CU	12.125661870009779
4R4V.pdb	CU	12.077433751086454
4R4V.pdb	GU	15.074648215485565
4R4V.pdb	CU	19.735361376777707
4R4V.pdb	AG	19.177770610239257
4R4V.pdb	AA	19.822402098567338
4R4V.pdb	AA	18.244676480497407
4R4V.pdb	AG	16.603012211135145
4R4V.pdb	AC	17.64051534641445
4R4V.pdb	AC	17.805909338559818
4R4V.pdb	AA	16.82500644819032
4R4V.pdb	AA	15.653984188771885
4R4V.pdb	AU	13.602274476327125
4R4V.pdb	AA	12.169656005485159
4R4V.pdb	AC	12.59899902595368
4R4V.pdb	AC	14.836234162673454
4R4V.pdb	AG	19.08324723617533
4R4V.pdb	CU	19.212447489336814
4R4V.pdb	AU	19.727443075875673
4R4V.pdb	AU	19.62728782460465
4R4V.pdb	GU	17.926328073285468
4R4V.pdb	CU	18.093062570043095
4R4V.pdb	CU	17.283343794154657
4R4V.pdb	AU	15.50067354918083
4R4V.pdb	AU	13.855501926465143
4R4V.pdb	UU	12.350227560205601
4R4V.pdb	AU	12.667197767892796
4R4V.pdb	CU	15.241532740777625
4R4V.pdb	CU	18.862389051860173
4R4V.pdb	GU	19.08587942242583
4R4V.pdb	AU	19.5901161579397
4R4V.pdb	GU	18.437285019112437
4R4V.pdb	CU	17.40622945363245
4R4V.pdb	CU	15.577173640835255
4R4V.pdb	AU	13.321256596560676
4R4V.pdb	AU	11.985242091208207
4R4V.pdb	UU	12.298733250803686
4R4V.pdb	AU	14.863407356388528
4R4V.pdb	CU	18.820692973991623
4R4V.pdb	GU	17.717542737097606
4R4V.pdb	AG	18.33039690432071
4R4V.pdb	GG	17.65254747961922
4R4V.pdb	CG	15.636255836787221
4R4V.pdb	CG	13.368281335563811
4R4V.pdb	AG	11.776768725662373
4R4V.pdb	AG	12.242704508432354
4R4V.pdb	GU	14.942055849061793
4R4V.pdb	AG	18.881036602437177
4R4V.pdb	AG	16.096194507532346
4R4V.pdb	AG	18.324473857700855
4R4V.pdb	GG	15.806815417076518
4R4V.pdb	CG	13.30092871864897
4R4V.pdb	CG	11.611503979440183
4R4V.pdb	AG	12.015227067112452
4R4V.pdb	AG	14.727977352343252
4R4V.pdb	GU	18.816041090111675
4R4V.pdb	AC	15.327977448871264
4R4V.pdb	CG	13.337388253613135
4R4V.pdb	CC	11.411404392864476
4R4V.pdb	CC	11.78166231593457
4R4V.pdb	AC	14.561796426838931
4R4V.pdb	AC	18.663037549543926
4R4V.pdb	GG	11.949756808375742
4R4V.pdb	CG	12.231749083493632
4R4V.pdb	CG	14.901944264221813
4R4V.pdb	AG	18.775900567830348
4R4V.pdb	CU	15.594323530166381
4R4V.pdb	CU	19.06991042783231
4R4V.pdb	AC	17.99269670352966
4R4V.pdb	AG	19.822639663373597
4R4V.pdb	CU	19.722927946000514
4R4V.pdb	AC	19.54878216586575
4R4V.pdb	AC	19.08092726682497
4R4V.pdb	AC	19.248168461031984
4R4V.pdb	GU	19.397792455053875
4R4V.pdb	AC	17.533087109196803
4R4V.pdb	AC	15.711759618690468
4R4V.pdb	CG	17.76807287631876
4R4V.pdb	CG	13.065715088216061
4R4V.pdb	CC	17.479096378328357
4R4V.pdb	CG	19.15821048562115
4R4V.pdb	CC	16.617428809955825
4R4V.pdb	CU	17.76701454118886
4R4V.pdb	CG	12.457070587485406
4R4V.pdb	AG	16.965422615187226
4R4V.pdb	CG	19.568316671645075
4R4V.pdb	GG	14.127004392683746
4R4V.pdb	CG	10.92182679014174
4R4V.pdb	GU	12.059681011282501
4R4V.pdb	GU	17.139459875246835
4R4V.pdb	AC	19.583869802616075
4R4V.pdb	CC	17.300164105716764
4R4V.pdb	CG	13.141589272160008
4R4V.pdb	CC	12.455597236310705
4R4V.pdb	CU	15.702539974853458
4R4V.pdb	AC	18.90723552058249
4R4V.pdb	AC	18.890097875403644
4R4V.pdb	AC	14.607480467095074
4R4V.pdb	AG	10.10360467170077
4R4V.pdb	AC	8.664317551522203
4R4V.pdb	AU	11.702961522016782
4R4V.pdb	AU	17.342080967384696
4R4V.pdb	CG	16.358316672634665
4R4V.pdb	GG	11.096092956582803
4R4V.pdb	CG	6.583633303909997
4R4V.pdb	GU	6.207766018612587
4R4V.pdb	GU	11.460068709190166
4R4V.pdb	GG	17.035297725070574
4R4V.pdb	CG	15.462734841169452
4R4V.pdb	CC	10.702138469248748
4R4V.pdb	CU	6.941861651151522
4R4V.pdb	CU	9.31681761885651
4R4V.pdb	CG	14.407925001361537
4R4V.pdb	CC	19.801684045912758
4R4V.pdb	AC	15.907389181361607
4R4V.pdb	AU	12.34838069490453
4R4V.pdb	AU	13.229934708821169
4R4V.pdb	AG	17.156158269471124
4R4V.pdb	CU	17.936159776229665
4R4V.pdb	CU	18.894836965332345
4R4V.pdb	AC	19.365704795425767
4R4V.pdb	AG	19.69735327494445
4R4V.pdb	AC	19.757158306538216
4R4V.pdb	AG	19.482330244189523
4R4V.pdb	CC	19.630937378892522
4R4V.pdb	GG	19.345360895953913
4R4V.pdb	CC	19.44561953415746
4R4V.pdb	GG	19.89823689067209
4R4V.pdb	CC	19.49714554970706
4R4V.pdb	AG	18.25974531008934
4R4V.pdb	AC	17.74921597163197
4R4V.pdb	AU	17.156366214458064
4R4V.pdb	GU	19.805241226179692
4R4V.pdb	AC	19.226589051349738
4R4V.pdb	CG	19.966236200834743
5TPY.cif	GG	16.866458160505136
5TPY.cif	CG	15.258354851808049
5TPY.cif	CG	19.023465292885184
5TPY.cif	AG	16.97033661699902
5TPY.cif	GG	14.480331925428345
5TPY.cif	CG	14.068369834296487
5TPY.cif	GU	15.767169553420866
5TPY.cif	GG	18.005763229326266
5TPY.cif	GU	19.71671826442372
5TPY.cif	GG	19.430519703721973
5TPY.cif	CG	18.196799088427014
5TPY.cif	AG	14.997147580331323
5TPY.cif	GG	12.125941564926272
5TPY.cif	CG	10.494815804162945
5TPY.cif	CG	13.179009474630595
5TPY.cif	GU	16.640986507510046
5TPY.cif	GG	19.74712899388338
5TPY.cif	AG	17.993999359319478
5TPY.cif	GG	19.168853705411312
5TPY.cif	GG	18.84742991621706
5TPY.cif	CG	18.73569656552489
5TPY.cif	CG	19.492790609863604
5TPY.cif	CG	18.545315524751114
5TPY.cif	GG	13.038190894019163
5TPY.cif	CG	10.611931383349086
5TPY.cif	CG	14.9168083647943
5TPY.cif	AG	19.236400458482382
5TPY.cif	AG	17.408673901250257
5TPY.cif	AG	12.739157250005569
5TPY.cif	GG	12.058737388024591
5TPY.cif	CG	13.659089475943544
5TPY.cif	GU	16.30560633174272
5TPY.cif	GG	18.5929381750527
5TPY.cif	GU	19.937082303734826
5TPY.cif	GG	18.998451805477128
5TPY.cif	CG	16.94301530191715
5TPY.cif	AG	13.428257279578848
5TPY.cif	GG	10.056161867027505
5TPY.cif	CG	7.354689637256795
5TPY.cif	CG	9.569022668975558
5TPY.cif	GU	12.543629458549018
5TPY.cif	GG	15.32079037820647
5TPY.cif	GU	17.69315431326952
5TPY.cif	AG	18.613388136281973
5TPY.cif	GG	16.427452307426346
5TPY.cif	GG	17.369211642421458
5TPY.cif	CG	18.482993088288204
5TPY.cif	CG	19.530617309133707
5TPY.cif	GU	18.6167321593008
5TPY.cif	CG	14.138463274822392
5TPY.cif	GG	9.332725858371317
5TPY.cif	CG	5.970443598858716
5TPY.cif	CG	9.31031648384368
5TPY.cif	AG	13.746291584176571
5TPY.cif	CG	17.186023775841697
5TPY.cif	AG	19.76474138136252
5TPY.cif	AG	18.296666755997443
5TPY.cif	AG	12.460661131119915
5TPY.cif	AG	8.047050604531542
5TPY.cif	GG	9.91865231638536
5TPY.cif	CG	12.70537380509081
5TPY.cif	GU	15.222389424251727
5TPY.cif	GG	16.98281898419241
5TPY.cif	GU	17.858238367194314
5TPY.cif	GG	16.669666222869584
5TPY.cif	CG	14.61115841520958
5TPY.cif	AG	12.279635254436378
5TPY.cif	GG	10.503641368988726
5TPY.cif	CG	9.726627412051423
5TPY.cif	CG	11.940047427332777
5TPY.cif	GU	13.804496552138568
5TPY.cif	GG	15.183277240773144
5TPY.cif	GU	16.687746072163137
5TPY.cif	AG	16.58974281843046
5TPY.cif	AG	19.42937745753836
5TPY.cif	GU	17.452600517332193
5TPY.cif	GU	19.154314269732904
5TPY.cif	UU	15.155115978844147
5TPY.cif	CU	11.979226908179836
5TPY.cif	GU	9.582525174882997
5TPY.cif	CU	6.171857310919666
5TPY.cif	CU	5.779672871297092
5TPY.cif	AU	9.809949938653768
5TPY.cif	CU	13.532263389642221
5TPY.cif	AU	16.889400832496793
5TPY.cif	GU	19.202607548169514
5TPY.cif	UU	19.787766930657554
5TPY.cif	GU	19.964679814850737
5TPY.cif	AU	14.180735028091322
5TPY.cif	AU	8.371280950116839
5TPY.cif	AU	5.710857651422382
5TPY.cif	GU	11.057713145137186
5TPY.cif	CU	14.819431679422564
5TPY.cif	UU	17.17535903452516
5TPY.cif	GU	18.445742906244906
5TPY.cif	UU	18.896199351095884
5TPY.cif	GU	17.645503945341982
5TPY.cif	CU	15.832611138938551
5TPY.cif	AU	14.999421551417871
5TPY.cif	GU	14.630280439221247
5TPY.cif	CU	14.696566206354246
5TPY.cif	CU	16.148748853879074
5TPY.cif	UU	16.636032865570286
5TPY.cif	GU	16.376274907861895
5TPY.cif	UU	16.711163353501533
5TPY.cif	AU	15.536164727708805
5TPY.cif	AU	18.52025407125154
5TPY.cif	CU	19.2707745943985
5TPY.cif	CC	19.562854749742282
5TPY.cif	CG	18.123658385535155
5TPY.cif	CU	15.650505345856892
5TPY.cif	CC	14.36929751639871
5TPY.cif	CG	13.209356749867776
5TPY.cif	CC	9.828770619630582
5TPY.cif	CC	10.024453902745378
5TPY.cif	AC	13.701193630957965
5TPY.cif	CC	17.29821183260876
5TPY.cif	AC	14.4443559367896
5TPY.cif	AC	9.296306784684935
5TPY.cif	AC	7.909901981058186
5TPY.cif	CG	14.129222974267538
5TPY.cif	CC	18.992443612652835
5TPY.cif	AC	19.59318333801301
5TPY.cif	CG	18.452038752461444
5TPY.cif	CC	17.184883990197218
5TPY.cif	CC	16.915502202902353
5TPY.cif	CU	15.681647278944078
5TPY.cif	CG	13.972468581135177
5TPY.cif	CU	13.745676933931492
5TPY.cif	AC	12.931265604616907
5TPY.cif	AC	16.973719052837325
5TPY.cif	CC	17.0112229432031
5TPY.cif	AC	19.801585979462967
5TPY.cif	AG	16.561066454871913
5TPY.cif	AU	15.586091393189285
5TPY.cif	AC	15.452735604577617
5TPY.cif	AG	14.711045724958208
5TPY.cif	AC	11.853609646742806
5TPY.cif	AC	13.698017878570598
5TPY.cif	AA	18.13455077806064
5TPY.cif	AA	19.80869938818149
5TPY.cif	AA	14.956227063317456
5TPY.cif	AA	13.15038817693311
5TPY.cif	AG	18.91635346668039
5TPY.cif	AG	19.295964016896715
5TPY.cif	AC	17.094360755003372
5TPY.cif	AC	15.629960947125896
5TPY.cif	AU	13.69110679433384
5TPY.cif	AG	12.17560918676666
5TPY.cif	AU	13.314300023240337
5TPY.cif	AA	14.633987852092499
5TPY.cif	AA	19.820588296616123
5TPY.cif	GG	19.272933715829883
5TPY.cif	AG	19.510219343181014
5TPY.cif	GG	16.784939032519887
5TPY.cif	GU	16.758692973766763
5TPY.cif	CG	16.907012430610397
5TPY.cif	GG	15.992605912865985
5TPY.cif	CG	13.876703844599039
5TPY.cif	CG	17.1891542892846
5TPY.cif	AG	17.867044465446565
5TPY.cif	GG	19.09909452227812
5TPY.cif	CG	16.155771302897445
5TPY.cif	CG	13.840629881390448
5TPY.cif	GU	12.02129413645724
5TPY.cif	GG	12.017410663801853
5TPY.cif	GU	15.087309909160888
5TPY.cif	AG	18.197209058958506
5TPY.cif	GG	19.212393920180183
5TPY.cif	AG	19.471512375725148
5TPY.cif	GG	17.3666645169705
5TPY.cif	GU	17.22045324022801
5TPY.cif	CG	16.816482435770684
5TPY.cif	GG	15.433152867396128
5TPY.cif	CG	14.346792910449409
5TPY.cif	CG	18.74363929112344
5TPY.cif	GG	16.726715990384186
5TPY.cif	CG	13.785910581736818
5TPY.cif	CG	11.798682872217924
5TPY.cif	GU	11.845820281407734
5TPY.cif	GG	14.326024056322266
5TPY.cif	GU	18.750255720354417
5TPY.cif	CG	19.209431713068202
5TPY.cif	CU	18.505753760485455
5TPY.cif	CC	17.253631647662043
5TPY.cif	CG	15.332801884024622
5TPY.cif	CC	15.35970716376915
5TPY.cif	AC	18.3086661204116
5TPY.cif	CG	14.424931847754022
5TPY.cif	CC	12.083753739071271
5TPY.cif	CC	11.345571251818505
5TPY.cif	CU	13.702498659274093
5TPY.cif	CG	17.8660749867994
5TPY.cif	CG	19.83197743253444
5TPY.cif	AC	19.683787758885536
5TPY.cif	CG	19.488349380469423
5TPY.cif	CU	18.141719867970572
5TPY.cif	CC	16.295415675474544
5TPY.cif	CG	14.528237699566011
5TPY.cif	CC	15.915057649595017
5TPY.cif	AC	15.658755223036865
5TPY.cif	CG	12.462318396679827
5TPY.cif	CC	12.375311540004216
5TPY.cif	CC	13.88702558151278
5TPY.cif	CU	17.765943622154495
5TPY.cif	AG	15.937922346615826
5TPY.cif	AG	16.53518844595298
5TPY.cif	AG	18.98383949239929
5TPY.cif	GG	17.187966271139913
5TPY.cif	GU	15.43079019831941
5TPY.cif	CG	13.716875514730472
5TPY.cif	GG	13.360315811557586
5TPY.cif	CG	16.116671790529512
5TPY.cif	CG	19.421014636028698
5TPY.cif	CG	17.839186759659665
5TPY.cif	AG	13.642787719053112
5TPY.cif	GG	12.587589770948679
5TPY.cif	CG	15.247462964736492
5TPY.cif	CG	18.250055107240744
5TPY.cif	AG	15.546690528532231
5TPY.cif	AG	18.255586112309988
5TPY.cif	GG	16.03421834947406
5TPY.cif	GU	13.473570090506087
5TPY.cif	CG	11.724006296047945
5TPY.cif	GG	12.884991979412575
5TPY.cif	CG	16.59993054665827
5TPY.cif	CG	18.223063432166423
5TPY.cif	CG	14.776962513476056
5TPY.cif	AG	12.3344019739064
5TPY.cif	GG	13.762514063080006
5TPY.cif	CG	18.316666448440653
5TPY.cif	AC	15.795408242245156
5TPY.cif	CG	14.09165424285194
5TPY.cif	CU	12.168427533323163
5TPY.cif	CC	12.233843893795962
5TPY.cif	CG	15.501898900885333
5TPY.cif	CC	19.304089039300685
5TPY.cif	CC	19.308930644153815
5TPY.cif	CC	16.450769352007825
5TPY.cif	AC	15.875002691057382
5TPY.cif	CG	18.401930052268007
5TPY.cif	GG	12.606093092695101
5TPY.cif	GU	12.885318716407895
5TPY.cif	CG	15.229436580196824
5TPY.cif	GG	19.52273094561554
5TPY.cif	AU	15.631432672529511
5TPY.cif	AC	18.803741532493227
5TPY.cif	AC	17.37142286380836
5TPY.cif	CG	17.19588604960208
5TPY.cif	CG	16.16862302332513
5TPY.cif	AG	18.34958796107518
5TPY.cif	CU	11.218942633646618
5TPY.cif	AU	13.42160755454487
5TPY.cif	CU	18.7370610896099
5TPY.cif	CU	16.473437076893696
5TPY.cif	AU	16.25271481630718
5TPY.cif	GU	17.8558364742195
5TPY.cif	AC	10.584301782075697
5TPY.cif	CC	16.222011906864406
5TPY.cif	AC	19.32824678116874
5TPY.cif	AC	17.62724774675202
5TPY.cif	CU	19.87542574771803
5TPY.cif	CG	15.594836512780669
5TPY.cif	CC	11.256705583873028
5TPY.cif	AC	10.792218811376289
5TPY.cif	CG	12.796953140787203
5TPY.cif	CC	16.448113875945047
5TPY.cif	CC	19.76730463668685
5TPY.cif	CG	16.749014278360328
5TPY.cif	AG	17.684694351272938
5TPY.cif	AG	14.794498436574688
5TPY.cif	GG	18.343732579405764
5TPY.cif	GG	19.874615827716564
5TPY.cif	GU	17.882097783270098
5TPY.cif	GG	14.043039085485596
5TPY.cif	CG	9.53387006461224
5TPY.cif	AG	7.039784930251749
5TPY.cif	GG	7.763120902943596
5TPY.cif	CG	11.260711339493605
5TPY.cif	CG	15.124591250392836
5TPY.cif	GU	18.321572101472537
5TPY.cif	AC	14.474817167958372
5TPY.cif	AC	11.144218701217858
5TPY.cif	CG	15.014423103154211
5TPY.cif	CC	17.75404739997914
5TPY.cif	CU	19.221638052241488
5TPY.cif	CG	19.48500915769194
5TPY.cif	CU	18.663733214906003
5TPY.cif	CG	15.876508331630186
5TPY.cif	CC	12.336102248076186
5TPY.cif	AC	9.85539132702822
5TPY.cif	CG	8.995666707237008
5TPY.cif	CC	10.177977863362026
5TPY.cif	CC	13.019669695981754
5TPY.cif	CU	15.36056944136236
5TPY.cif	CG	17.170088967134525
5TPY.cif	CU	19.348093444483478
5TPY.cif	AC	19.767274319434136
5TPY.cif	CG	19.511623505687314
5TPY.cif	AC	17.298715127867673
5TPY.cif	AC	12.38451737954189
5TPY.cif	AC	10.891739606914559
5TPY.cif	CG	15.262370306158536
5TPY.cif	CC	17.509251990775134
5TPY.cif	CU	18.0468779896195
5TPY.cif	CG	17.460683483277126
5TPY.cif	CU	16.181895481427173
5TPY.cif	CG	13.728060051982458
5TPY.cif	CC	11.447867001726927
5TPY.cif	AC	11.860586141116462
5TPY.cif	CG	13.395757289837306
5TPY.cif	CC	15.8574499031943
5TPY.cif	CC	18.769169387234438
5TPY.cif	AU	19.211977209006726
5TPY.cif	AA	16.08298008455163
5TPY.cif	AA	12.852345068187853
5TPY.cif	AA	13.213926022544221
5TPY.cif	AG	16.839302059017584
5TPY.cif	AC	18.033327156703216
5TPY.cif	AU	17.33810186859553
5TPY.cif	AG	15.744538530262316
5TPY.cif	AU	14.068389284974524
5TPY.cif	AG	12.507815226801675
5TPY.cif	AC	12.296617095426205
5TPY.cif	AA	15.074387602352035
5TPY.cif	AG	17.95203613369424
5TPY.cif	CU	19.714731469702425
5TPY.cif	CG	17.591711627128827
5TPY.cif	AC	14.408233289792419
5TPY.cif	AC	13.190926220685085
5TPY.cif	AC	14.909836677415175
5TPY.cif	CG	17.183628882515347
5TPY.cif	CC	17.302993970910094
5TPY.cif	CU	15.756469350351791
5TPY.cif	CG	13.922503240266664
5TPY.cif	CU	13.072629878716015
5TPY.cif	CG	13.625914830070892
5TPY.cif	CC	15.597014466254087
5TPY.cif	AC	19.32460828239881
5TPY.cif	AG	17.662577908336214
5TPY.cif	AG	15.137198194297264
5TPY.cif	AA	13.476694689177505
5TPY.cif	AA	14.053634817906666
5TPY.cif	AA	16.38501415003175
5TPY.cif	AG	16.85354697771526
5TPY.cif	AC	15.78952504295421
5TPY.cif	AU	13.691844113212804
5TPY.cif	AG	12.402452982675344
5TPY.cif	AU	13.356883285957153
5TPY.cif	AG	16.039749949771412
5TPY.cif	AC	19.340307278018493
5TPY.cif	GG	19.01469575397603
5TPY.cif	GG	17.0593174623788
5TPY.cif	GG	13.93560455058569
5TPY.cif	GG	13.198580386967356
5TPY.cif	AG	12.8295543905124
5TPY.cif	AG	14.568329853363188
5TPY.cif	AG	16.954300390836032
5TPY.cif	GG	15.525347262610326
5TPY.cif	CG	13.540392340984193
5TPY.cif	GU	11.76973917926398
5TPY.cif	GG	12.307648342195096
5TPY.cif	GU	15.456098940188822
5TPY.cif	GG	19.385855296337365
5TPY.cif	GU	13.024220855714034
5TPY.cif	GU	10.997104200282026
5TPY.cif	GU	11.571378842587652
5TPY.cif	AU	11.687372378128057
5TPY.cif	AU	13.883909249110625
5TPY.cif	AU	16.063130758579327
5TPY.cif	GU	13.221898843839421
5TPY.cif	CU	11.30474616675448
5TPY.cif	UU	11.388648509646904
5TPY.cif	GU	14.274127796008669
5TPY.cif	UU	18.70138652225494
5TPY.cif	CU	19.785493528831157
5TPY.cif	GU	17.73391072710516
5TPY.cif	GU	10.08648668786716
5TPY.cif	GU	11.399944063019937
5TPY.cif	AU	11.545010456081563
5TPY.cif	AU	13.723103385797366
5TPY.cif	AU	15.475709436176611
5TPY.cif	GU	11.720378322352149
5TPY.cif	CU	11.007591045681593
5TPY.cif	UU	13.611359118721056
5TPY.cif	GU	18.06543252406488
5TPY.cif	AU	19.659224316353576
5TPY.cif	AU	15.817746045092447
5TPY.cif	CU	15.85692420216421
5TPY.cif	CU	16.968805888136934
5TPY.cif	CU	18.161768863287183
5TPY.cif	CU	18.95288634097609
5TPY.cif	GU	18.30032065074289
5TPY.cif	GU	15.458812611377008
5TPY.cif	GU	12.779978208478692
5TPY.cif	GU	12.409621759571843
5TPY.cif	AU	14.141046114119337
5TPY.cif	AU	17.269284244219577
5TPY.cif	AU	19.272366696270737
5TPY.cif	GU	15.817995522282779
5TPY.cif	CU	15.934757946608137
5TPY.cif	UU	19.077367469272197
5TPY.cif	AU	15.256671669695594
5TPY.cif	CU	14.84330481882384
5TPY.cif	CU	14.917032524744808
5TPY.cif	CU	14.79886244457935
5TPY.cif	CU	14.352278842305951
5TPY.cif	CU	14.648904839697941
5TPY.cif	CU	15.939379056825379
5TPY.cif	CU	18.3576421033464
5TPY.cif	GU	19.187798995844457
5TPY.cif	UU	17.191122359335854
5TPY.cif	GU	14.352438109215639
5TPY.cif	GU	11.157893981905191
5TPY.cif	GU	8.176995472794854
5TPY.cif	AG	18.088164154272715
5TPY.cif	AG	19.30060809179022
5TPY.cif	CG	18.472597203622204
5TPY.cif	CG	17.416384290410182
5TPY.cif	CG	15.630439575247465
5TPY.cif	CG	13.311865800309576
5TPY.cif	CG	11.899361190865026
5TPY.cif	CG	12.486170645785538
5TPY.cif	CG	15.349818953221584
5TPY.cif	AG	19.200214863459887
5TPY.cif	GU	18.539536611008668
5TPY.cif	GG	15.188999588069144
5TPY.cif	GG	10.877834077132835
5TPY.cif	GG	6.004299139580342
5TPY.cif	CG	18.87333846215558
5TPY.cif	CG	16.52385131677997
5TPY.cif	CG	13.97461433777111
5TPY.cif	CG	11.98571130701644
5TPY.cif	CG	11.938540141714338
5TPY.cif	CG	14.570555024052036
5TPY.cif	CG	18.900322689055333
5TPY.cif	GG	16.33090965451798
5TPY.cif	GG	11.652380033388441
5TPY.cif	GG	19.42966603626121
5TPY.cif	AG	19.289542183364123
5TPY.cif	CG	16.04769588236552
5TPY.cif	CG	13.586363729535979
5TPY.cif	CG	12.291430375181715
5TPY.cif	CG	12.872363242356723
5TPY.cif	CG	15.287450891029087
5TPY.cif	CG	19.12191839253838
5TPY.cif	GG	19.802876290253735
5TPY.cif	GG	16.127011185241305
5TPY.cif	GG	16.995484090129825
5TPY.cif	CG	18.915469461338898
5TPY.cif	AG	19.821092050324367
5TPY.cif	AG	17.162240947475087
5TPY.cif	CG	13.330185231650718
5TPY.cif	CG	11.512642678010996
5TPY.cif	CG	12.484765749284215
5TPY.cif	CG	15.49438962852851
5TPY.cif	CG	19.343024698395823
5TPY.cif	AC	15.503875890736843
5TPY.cif	AU	18.231700687293255
5TPY.cif	AA	15.733898811998925
5TPY.cif	AA	14.432197882469731
5TPY.cif	AC	11.61877671837955
5TPY.cif	AC	12.304902050953764
5TPY.cif	AC	15.595796618733889
5TPY.cif	AC	19.526401069445534
5TPY.cif	AU	16.188443929686205
5TPY.cif	AG	18.803477919384658
5TPY.cif	AG	19.125255709560605
5TPY.cif	AU	16.864418482973125
5TPY.cif	AA	12.953986024279512
5TPY.cif	AA	13.55213012292274
5TPY.cif	AC	12.74333137300295
5TPY.cif	AC	15.67714525406386
5TPY.cif	AG	17.94556338052
5TPY.cif	AC	19.73081403763665
5TPY.cif	AA	19.125546770124693
5TPY.cif	AG	18.327255363136214
5TPY.cif	AC	17.258363338618707
5TPY.cif	AC	17.800318041626866
5TPY.cif	AU	17.20480984449017
5TPY.cif	AG	15.66947362971075
5TPY.cif	AU	14.400428718127626
5TPY.cif	AA	11.713339619044115
5TPY.cif	AA	13.447696636200423
5TPY.cif	AC	14.57270631717327
5TPY.cif	AC	18.729497894603952
5TPY.cif	GU	18.973620542603232
5TPY.cif	GG	19.826849121484877
5TPY.cif	CG	18.583361025463148
5TPY.cif	CG	19.38398470271574
5TPY.cif	GU	19.20587997987023
5TPY.cif	GG	18.066010119408855
5TPY.cif	GU	16.535719007363276
5TPY.cif	AG	13.490506827430123
5TPY.cif	AG	13.131646286560148
5TPY.cif	CG	15.66885026490122
5TPY.cif	CG	19.885308052524547
5TPY.cif	CG	18.685606658436498
5TPY.cif	AC	18.95218204686577
5TPY.cif	AC	17.76264819316128
5TPY.cif	CU	18.25909632526647
5TPY.cif	AU	19.967501199678203
5TPY.cif	AG	18.104436044709747
5TPY.cif	GU	19.168395013384977
5TPY.cif	CU	19.785304805545827
5TPY.cif	AC	19.595178203198323
5TPY.cif	CG	19.624784040463144
5TPY.cif	AG	17.638049842542582
5TPY.cif	AU	17.784265543366978
5TPY.cif	AC	19.649185872080363
5TPY.cif	AA	17.035699961397277
5TPY.cif	AG	13.272163711139022
5TPY.cif	AU	12.914865138311702
5TPY.cif	AG	14.838855729971666
5TPY.cif	AG	17.457410617401024
5TPY.cif	AG	19.825227747718152
5TPY.cif	CC	19.945286355771902
5TPY.cif	AC	15.970812291608505
5TPY.cif	CG	13.758931058890449
5TPY.cif	CU	15.290806957245156
5TPY.cif	CG	17.5121622914479
5TPY.cif	CG	19.364540918396447
5TPY.cif	AC	19.688677017459966
5TPY.cif	AC	15.256185130305226
5TPY.cif	CG	14.56220974903975
5TPY.cif	CU	17.23504855966556
5TPY.cif	CG	19.342653735469103
5TPY.cif	AC	18.22345299086328
5TPY.cif	AC	15.312010285075674
5TPY.cif	CG	15.517343569802149
5TPY.cif	CU	18.391260114472804
5TPY.cif	CG	19.896789504270906
5TPY.cif	CG	19.221459732362394
5TPY.cif	AC	19.69798818023614
5TPY.cif	AC	17.245412138470304
5TPY.cif	AC	16.069948412545546
5TPY.cif	CG	16.229911579362486
5TPY.cif	CU	18.417522559261645
5TPY.cif	CG	18.923486816476476
5TPY.cif	CG	18.090152769058545
5TPY.cif	CG	16.58235562361806
5TPY.cif	CC	19.165561823383133
5TPY.cif	AC	17.515498339710437
5TPY.cif	AC	17.81008832041283
5TPY.cif	CG	17.426086434574277
5TPY.cif	CU	18.437230176363485
5TPY.cif	CG	17.73099403276067
5TPY.cif	CG	15.906465562355443
5TPY.cif	CG	13.948681390901019
5TPY.cif	CG	18.250395250172986
5TPY.cif	AC	18.650472990878217
5TPY.cif	AC	17.672458858177603
5TPY.cif	AC	18.96553760901754
5TPY.cif	CG	17.852958081409536
5TPY.cif	CU	17.565343272663583
5TPY.cif	CG	15.818502112455906
5TPY.cif	CG	13.49823333333867
5TPY.cif	CG	12.079159230192205
5TPY.cif	AC	16.591263175210962
5TPY.cif	AC	17.097677384248584
5TPY.cif	AC	19.0399115992933
5TPY.cif	CG	17.290764239297985
5TPY.cif	CU	15.86986975388778
5TPY.cif	CG	13.641891430260102
5TPY.cif	CG	11.929584723965784
5TPY.cif	CG	12.5036259132015
5TPY.cif	AA	15.63103637475851
5TPY.cif	AA	17.906335694152116
5TPY.cif	AG	15.817803815555962
5TPY.cif	AU	13.778594417019873
5TPY.cif	AG	12.13133828169112
5TPY.cif	AG	12.395777141956968
5TPY.cif	AG	15.272100415304639
5TPY.cif	AC	15.491290399103253
5TPY.cif	CG	13.815676063629438
5TPY.cif	CU	12.385884437945396
5TPY.cif	CG	12.787664818148938
5TPY.cif	CG	15.316433068064521
5TPY.cif	CG	19.419552531803966
5TPY.cif	GG	12.22752870673631
5TPY.cif	GU	13.012748256447216
5TPY.cif	GG	15.650263984835185
5TPY.cif	GG	19.22923752658235
5TPY.cif	AU	15.901477108801968
5TPY.cif	AG	19.17359310623146
5TPY.cif	AG	17.92338672253538
5TPY.cif	AG	19.964551520721926
5TPY.cif	GG	19.275477177055585
5TPY.pdb	GG	16.866458160505136
5TPY.pdb	CG	15.258354851808049
5TPY.pdb	CG	19.023465292885184
5TPY.pdb	AG	16.97033661699902
5TPY.pdb	GG	14.480331925428345
5TPY.pdb	CG	14.068369834296487
5TPY.pdb	GU	15.767169553420866
5TPY.pdb	GG	18.005763229326266
5TPY.pdb	GU	19.71671826442372
5TPY.pdb	GG	19.430519703721973
5TPY.pdb	CG	18.196799088427014
5TPY.pdb	AG	14.997147580331323
5TPY.pdb	GG	12.125941564926272
5TPY.pdb	CG	10.494815804162945
5TPY.pdb	CG	13.179009474630595
5TPY.pdb	GU	16.640986507510046
5TPY.pdb	GG	19.74712899388338
5TPY.pdb	AG	17.993999359319478
5TPY.pdb	GG	19.168853705411312
5TPY.pdb	GG	18.84742991621706
5TPY.pdb	CG	18.73569656552489
5TPY.pdb	CG	19.492790609863604
5TPY.pdb	CG	18.545315524751114
5TPY.pdb	GG	13.038190894019163
5TPY.pdb	CG	10.611931383349086
5TPY.pdb	CG	14.9168083647943
5TPY.pdb	AG	19.236400458482382
5TPY.pdb	AG	17.408673901250257
5TPY.pdb	AG	12.739157250005569
5TPY.pdb	GG	12.058737388024591
5TPY.pdb	CG	13.659089475943544
5TPY.pdb	GU	16.30560633174272
5TPY.pdb	GG	18.5929381750527
5TPY.pdb	GU	19.937082303734826
5TPY.pdb	GG	18.998451805477128
5TPY.pdb	CG	16.94301530191715
5TPY.pdb	AG	13.428257279578848
5TPY.pdb	GG	10.056161867027505
5TPY.pdb	CG	7.354689637256795
5TPY.pdb	CG	9.569022668975558
5TPY.pdb	GU	12.543629458549018
5TPY.pdb	GG	15.32079037820647
5TPY.pdb	GU	17.69315431326952
5TPY.pdb	AG	18.613388136281973
5TPY.pdb	GG	16.427452307426346
5TPY.pdb	GG	17.369211642421458
5TPY.pdb	CG	18.482993088288204
5TPY.pdb	CG	19.530617309133707
5TPY.pdb	GU	18.6167321593008
5TPY.pdb	CG	14.138463274822392
5TPY.pdb	GG	9.332725858371317
5TPY.pdb	CG	5.970443598858716
5TPY.pdb	CG	9.31031648384368
5TPY.pdb	AG	13.746291584176571
5TPY.pdb	CG	17.186023775841697
5TPY.pdb	AG	19.76474138136252
5TPY.pdb	AG	18.296666755997443
5TPY.pdb	AG	12.460661131119915
5TPY.pdb	AG	8.047050604531542
5TPY.pdb	GG	9.91865231638536
5TPY.pdb	CG	12.70537380509081
5TPY.pdb	GU	15.222389424251727
5TPY.pdb	GG	16.98281898419241
5TPY.pdb	GU	17.858238367194314
5TPY.pdb	GG	16.669666222869584
5TPY.pdb	CG	14.61115841520958
5TPY.pdb	AG	12.279635254436378
5TPY.pdb	GG	10.503641368988726
5TPY.pdb	CG	9.726627412051423
5TPY.pdb	CG	11.940047427332777
5TPY.pdb	GU	13.804496552138568
5TPY.pdb	GG	15.183277240773144
5TPY.pdb	GU	16.687746072163137
5TPY.pdb	AG	16.58974281843046
5TPY.pdb	AG	19.42937745753836
5TPY.pdb	GU	17.452600517332193
5TPY.pdb	GU	19.154314269732904
5TPY.pdb	UU	15.155115978844147
5TPY.pdb	CU	11.979226908179836
5TPY.pdb	GU	9.582525174882997
5TPY.pdb	CU	6.171857310919666
5TPY.pdb	CU	5.779672871297092
5TPY.pdb	AU	9.809949938653768
5TPY.pdb	CU	13.532263389642221
5TPY.pdb	AU	16.889400832496793
5TPY.pdb	GU	19.202607548169514
5TPY.pdb	UU	19.787766930657554
5TPY.pdb	GU	19.964679814850737
5TPY.pdb	AU	14.180735028091322
5TPY.pdb	AU	8.371280950116839
5TPY.pdb	AU	5.710857651422382
5TPY.pdb	GU	11.057713145137186
5TPY.pdb	CU	14.819431679422564
5TPY.pdb	UU	17.17535903452516
5TPY.pdb	GU	18.445742906244906
5TPY.pdb	UU	18.896199351095884
5TPY.pdb	GU	17.645503945341982
5TPY.pdb	CU	15.832611138938551
5TPY.pdb	AU	14.999421551417871
5TPY.pdb	GU	14.630280439221247
5TPY.pdb	CU	14.696566206354246
5TPY.pdb	CU	16.148748853879074
5TPY.pdb	UU	16.636032865570286
5TPY.pdb	GU	16.376274907861895
5TPY.pdb	UU	16.711163353501533
5TPY.pdb	AU	15.536164727708805
5TPY.pdb	AU	18.52025407125154
5TPY.pdb	CU	19.2707745943985
5TPY.pdb	CC	19.562854749742282
5TPY.pdb	CG	18.123658385535155
5TPY.pdb	CU	15.650505345856892
5TPY.pdb	CC	14.36929751639871
5TPY.pdb	CG	13.209356749867776
5TPY.pdb	CC	9.828770619630582
5TPY.pdb	CC	10.024453902745378
5TPY.pdb	AC	13.701193630957965
5TPY.pdb	CC	17.29821183260876
5TPY.pdb	AC	14.4443559367896
5TPY.pdb	AC	9.296306784684935
5TPY.pdb	AC	7.909901981058186
5TPY.pdb	CG	14.129222974267538
5TPY.pdb	CC	18.992443612652835
5TPY.pdb	AC	19.59318333801301
5TPY.pdb	CG	18.452038752461444
5TPY.pdb	CC	17.184883990197218
5TPY.pdb	CC	16.915502202902353
5TPY.pdb	CU	15.681647278944078
5TPY.pdb	CG	13.972468581135177
5TPY.pdb	CU	13.745676933931492
5TPY.pdb	AC	12.931265604616907
5TPY.pdb	AC	16.973719052837325
5TPY.pdb	CC	17.0112229432031
5TPY.pdb	AC	19.801585979462967
5TPY.pdb	AG	16.561066454871913
5TPY.pdb	AU	15.586091393189285
5TPY.pdb	AC	15.452735604577617
5TPY.pdb	AG	14.711045724958208
5TPY.pdb	AC	11.853609646742806
5TPY.pdb	AC	13.698017878570598
5TPY.pdb	AA	18.13455077806064
5TPY.pdb	AA	19.80869938818149
5TPY.pdb	AA	14.956227063317456
5TPY.pdb	AA	13.15038817693311
5TPY.pdb	AG	18.91635346668039
5TPY.pdb	AG	19.295964016896715
5TPY.pdb	AC	17.094360755003372
5TPY.pdb	AC	15.629960947125896
5TPY.pdb	AU	13.69110679433384
5TPY.pdb	AG	12.17560918676666
5TPY.pdb	AU	13.314300023240337
5TPY.pdb	AA	14.633987852092499
5TPY.pdb	AA	19.820588296616123
5TPY.pdb	GG	19.272933715829883
5TPY.pdb	AG	19.510219343181014
5TPY.pdb	GG	16.784939032519887
5TPY.pdb	GU	16.758692973766763
5TPY.pdb	CG	16.907012430610397
5TPY.pdb	GG	15.992605912865985
5TPY.pdb	CG	13.876703844599039
5TPY.pdb	CG	17.1891542892846
5TPY.pdb	AG	17.867044465446565
5TPY.pdb	GG	19.09909452227812
5TPY.pdb	CG	16.155771302897445
5TPY.pdb	CG	13.840629881390448
5TPY.pdb	GU	12.02129413645724
5TPY.pdb	GG	12.017410663801853
5TPY.pdb	GU	15.087309909160888
5TPY.pdb	AG	18.197209058958506
5TPY.pdb	GG	19.212393920180183
5TPY.pdb	AG	19.471512375725148
5TPY.pdb	GG	17.3666645169705
5TPY.pdb	GU	17.22045324022801
5TPY.pdb	CG	16.816482435770684
5TPY.pdb	GG	15.433152867396128
5TPY.pdb	CG	14.346792910449409
5TPY.pdb	CG	18.74363929112344
5TPY.pdb	GG	16.726715990384186
5TPY.pdb	CG	13.785910581736818
5TPY.pdb	CG	11.798682872217924
5TPY.pdb	GU	11.845820281407734
5TPY.pdb	GG	14.326024056322266
5TPY.pdb	GU	18.750255720354417
5TPY.pdb	CG	19.209431713068202
5TPY.pdb	CU	18.505753760485455
5TPY.pdb	CC	17.253631647662043
5TPY.pdb	CG	15.332801884024622
5TPY.pdb	CC	15.35970716376915
5TPY.pdb	AC	18.3086661204116
5TPY.pdb	CG	14.424931847754022
5TPY.pdb	CC	12.083753739071271
5TPY.pdb	CC	11.345571251818505
5TPY.pdb	CU	13.702498659274093
5TPY.pdb	CG	17.8660749867994
5TPY.pdb	CG	19.83197743253444
5TPY.pdb	AC	19.683787758885536
5TPY.pdb	CG	19.488349380469423
5TPY.pdb	CU	18.141719867970572
5TPY.pdb	CC	16.295415675474544
5TPY.pdb	CG	14.528237699566011
5TPY.pdb	CC	15.915057649595017
5TPY.pdb	AC	15.658755223036865
5TPY.pdb	CG	12.462318396679827
5TPY.pdb	CC	12.375311540004216
5TPY.pdb	CC	13.88702558151278
5TPY.pdb	CU	17.765943622154495
5TPY.pdb	AG	15.937922346615826
5TPY.pdb	AG	16.53518844595298
5TPY.pdb	AG	18.98383949239929
5TPY.pdb	GG	17.187966271139913
5TPY.pdb	GU	15.43079019831941
5TPY.pdb	CG	13.716875514730472
5TPY.pdb	GG	13.360315811557586
5TPY.pdb	CG	16.116671790529512
5TPY.pdb	CG	19.421014636028698
5TPY.pdb	CG	17.839186759659665
5TPY.pdb	AG	13.642787719053112
5TPY.pdb	GG	12.587589770948679
5TPY.pdb	CG	15.247462964736492
5TPY.pdb	CG	18.250055107240744
5TPY.pdb	AG	15.546690528532231
5TPY.pdb	AG	18.255586112309988
5TPY.pdb	GG	16.03421834947406
5TPY.pdb	GU	13.473570090506087
5TPY.pdb	CG	11.724006296047945
5TPY.pdb	GG	12.884991979412575
5TPY.pdb	CG	16.59993054665827
5TPY.pdb	CG	18.223063432166423
5TPY.pdb	CG	14.776962513476056
5TPY.pdb	AG	12.3344019739064
5TPY.pdb	GG	13.762514063080006
5TPY.pdb	CG	18.316666448440653
5TPY.pdb	AC	15.795408242245156
5TPY.pdb	CG	14.09165424285194
5TPY.pdb	CU	12.168427533323163
5TPY.pdb	CC	12.233843893795962
5TPY.pdb	CG	15.501898900885333
5TPY.pdb	CC	19.304089039300685
5TPY.pdb	CC	19.308930644153815
5TPY.pdb	CC	16.450769352007825
5TPY.pdb	AC	15.875002691057382
5TPY.pdb	CG	18.401930052268007
5TPY.pdb	GG	12.606093092695101
5TPY.pdb	GU	12.885318716407895
5TPY.pdb	CG	15.229436580196824
5TPY.pdb	GG	19.52273094561554
5TPY.pdb	AU	15.631432672529511
5TPY.pdb	AC	18.803741532493227
5TPY.pdb	AC	17.37142286380836
5TPY.pdb	CG	17.19588604960208
5TPY.pdb	CG	16.16862302332513
5TPY.pdb	AG	18.34958796107518
5TPY.pdb	CU	11.218942633646618
5TPY.pdb	AU	13.42160755454487
5TPY.pdb	CU	18.7370610896099
5TPY.pdb	CU	16.473437076893696
5TPY.pdb	AU	16.25271481630718
5TPY.pdb	GU	17.8558364742195
5TPY.pdb	AC	10.584301782075697
5TPY.pdb	CC	16.222011906864406
5TPY.pdb	AC	19.32824678116874
5TPY.pdb	AC	17.62724774675202
5TPY.pdb	CU	19.87542574771803
5TPY.pdb	CG	15.594836512780669
5TPY.pdb	CC	11.256705583873028
5TPY.pdb	AC	10.792218811376289
5TPY.pdb	CG	12.796953140787203
5TPY.pdb	CC	16.448113875945047
5TPY.pdb	CC	19.76730463668685
5TPY.pdb	CG	16.749014278360328
5TPY.pdb	AG	17.684694351272938
5TPY.pdb	AG	14.794498436574688
5TPY.pdb	GG	18.343732579405764
5TPY.pdb	GG	19.874615827716564
5TPY.pdb	GU	17.882097783270098
5TPY.pdb	GG	14.043039085485596
5TPY.pdb	CG	9.53387006461224
5TPY.pdb	AG	7.039784930251749
5TPY.pdb	GG	7.763120902943596
5TPY.pdb	CG	11.260711339493605
5TPY.pdb	CG	15.124591250392836
5TPY.pdb	GU	18.321572101472537
5TPY.pdb	AC	14.474817167958372
5TPY.pdb	AC	11.144218701217858
5TPY.pdb	CG	15.014423103154211
5TPY.pdb	CC	17.75404739997914
5TPY.pdb	CU	19.221638052241488
5TPY.pdb	CG	19.48500915769194
5TPY.pdb	CU	18.663733214906003
5TPY.pdb	CG	15.876508331630186
5TPY.pdb	CC	12.336102248076186
5TPY.pdb	AC	9.85539132702822
5TPY.pdb	CG	8.995666707237008
5TPY.pdb	CC	10.177977863362026
5TPY.pdb	CC	13.019669695981754
5TPY.pdb	CU	15.36056944136236
5TPY.pdb	CG	17.170088967134525
5TPY.pdb	CU	19.348093444483478
5TPY.pdb	AC	19.767274319434136
5TPY.pdb	CG	19.511623505687314
5TPY.pdb	AC	17.298715127867673
5TPY.pdb	AC	12.38451737954189
5TPY.pdb	AC	10.891739606914559
5TPY.pdb	CG	15.262370306158536
5TPY.pdb	CC	17.509251990775134
5TPY.pdb	CU	18.0468779896195
5TPY.pdb	CG	17.460683483277126
5TPY.pdb	CU	16.181895481427173
5TPY.pdb	CG	13.728060051982458
5TPY.pdb	CC	11.447867001726927
5TPY.pdb	AC	11.860586141116462
5TPY.pdb	CG	13.395757289837306
5TPY.pdb	CC	15.8574499031943
5TPY.pdb	CC	18.769169387234438
5TPY.pdb	AU	19.211977209006726
5TPY.pdb	AA	16.08298008455163
5TPY.pdb	AA	12.852345068187853
5TPY.pdb	AA	13.213926022544221
5TPY.pdb	AG	16.839302059017584
5TPY.pdb	AC	18.033327156703216
5TPY.pdb	AU	17.33810186859553
5TPY.pdb	AG	15.744538530262316
5TPY.pdb	AU	14.068389284974524
5TPY.pdb	AG	12.507815226801675
5TPY.pdb	AC	12.296617095426205
5TPY.pdb	AA	15.074387602352035
5TPY.pdb	AG	17.95203613369424
5TPY.pdb	CU	19.714731469702425
5TPY.pdb	CG	17.591711627128827
5TPY.pdb	AC	14.408233289792419
5TPY.pdb	AC	13.190926220685085
5TPY.pdb	AC	14.909836677415175
5TPY.pdb	CG	17.183628882515347
5TPY.pdb	CC	17.302993970910094
5TPY.pdb	CU	15.756469350351791
5TPY.pdb	CG	13.922503240266664
5TPY.pdb	CU	13.072629878716015
5TPY.pdb	CG	13.625914830070892
5TPY.pdb	CC	15.597014466254087
5TPY.pdb	AC	19.32460828239881
5TPY.pdb	AG	17.662577908336214
5TPY.pdb	AG	15.137198194297264
5TPY.pdb	AA	13.476694689177505
5TPY.pdb	AA	14.053634817906666
5TPY.pdb	AA	16.38501415003175
5TPY.pdb	AG	16.85354697771526
5TPY.pdb	AC	15.78952504295421
5TPY.pdb	AU	13.691844113212804
5TPY.pdb	AG	12.402452982675344
5TPY.pdb	AU	13.356883285957153
5TPY.pdb	AG	16.039749949771412
5TPY.pdb	AC	19.340307278018493
5TPY.pdb	GG	19.01469575397603
5TPY.pdb	GG	17.0593174623788
5TPY.pdb	GG	13.93560455058569
5TPY.pdb	GG	13.198580386967356
5TPY.pdb	AG	12.8295543905124
5TPY.pdb	AG	14.568329853363188
5TPY.pdb	AG	16.954300390836032
5TPY.pdb	GG	15.525347262610326
5TPY.pdb	CG	13.540392340984193
5TPY.pdb	GU	11.76973917926398
5TPY.pdb	GG	12.307648342195096
5TPY.pdb	GU	15.456098940188822
5TPY.pdb	GG	19.385855296337365
5TPY.pdb	GU	13.024220855714034
5TPY.pdb	GU	10.997104200282026
5TPY.pdb	GU	11.571378842587652
5TPY.pdb	AU	11.687372378128057
5TPY.pdb	AU	13.883909249110625
5TPY.pdb	AU	16.063130758579327
5TPY.pdb	GU	13.221898843839421
5TPY.pdb	CU	11.30474616675448
5TPY.pdb	UU	11.388648509646904
5TPY.pdb	GU	14.274127796008669
5TPY.pdb	UU	18.70138652225494
5TPY.pdb	CU	19.785493528831157
5TPY.pdb	GU	17.73391072710516
5TPY.pdb	GU	10.08648668786716
5TPY.pdb	GU	11.399944063019937
5TPY.pdb	AU	11.545010456081563
5TPY.pdb	AU	13.723103385797366
5TPY.pdb	AU	15.475709436176611
5TPY.pdb	GU	11.720378322352149
5TPY.pdb	CU	11.007591045681593
5TPY.pdb	UU	13.611359118721056
5TPY.pdb	GU	18.06543252406488
5TPY.pdb	AU	19.659224316353576
5TPY.pdb	AU	15.817746045092447
5TPY.pdb	CU	15.85692420216421
5TPY.pdb	CU	16.968805888136934
5TPY.pdb	CU	18.161768863287183
5TPY.pdb	CU	18.95288634097609
5TPY.pdb	GU	18.30032065074289
5TPY.pdb	GU	15.458812611377008
5TPY.pdb	GU	12.779978208478692
5TPY.pdb	GU	12.409621759571843
5TPY.pdb	AU	14.141046114119337
5TPY.pdb	AU	17.269284244219577
5TPY.pdb	AU	19.272366696270737
5TPY.pdb	GU	15.817995522282779
5TPY.pdb	CU	15.934757946608137
5TPY.pdb	UU	19.077367469272197
5TPY.pdb	AU	15.256671669695594
5TPY.pdb	CU	14.84330481882384
5TPY.pdb	CU	14.917032524744808
5TPY.pdb	CU	14.79886244457935
5TPY.pdb	CU	14.352278842305951
5TPY.pdb	CU	14.648904839697941
5TPY.pdb	CU	15.939379056825379
5TPY.pdb	CU	18.3576421033464
5TPY.pdb	GU	19.187798995844457
5TPY.pdb	UU	17.191122359335854
5TPY.pdb	GU	14.352438109215639
5TPY.pdb	GU	11.157893981905191
5TPY.pdb	GU	8.176995472794854
5TPY.pdb	AG	18.088164154272715
5TPY.pdb	AG	19.30060809179022
5TPY.pdb	CG	18.472597203622204
5TPY.pdb	CG	17.416384290410182
5TPY.pdb	CG	15.630439575247465
5TPY.pdb	CG	13.311865800309576
5TPY.pdb	CG	11.899361190865026
5TPY.pdb	CG	12.486170645785538
5TPY.pdb	CG	15.349818953221584
5TPY.pdb	AG	19.200214863459887
5TPY.pdb	GU	18.539536611008668
5TPY.pdb	GG	15.188999588069144
5TPY.pdb	GG	10.877834077132835
5TPY.pdb	GG	6.004299139580342
5TPY.pdb	CG	18.87333846215558
5TPY.pdb	CG	16.52385131677997
5TPY.pdb	CG	13.97461433777111
5TPY.pdb	CG	11.98571130701644
5TPY.pdb	CG	11.938540141714338
5TPY.pdb	CG	14.570555024052036
5TPY.pdb	CG	18.900322689055333
5TPY.pdb	GG	16.33090965451798
5TPY.pdb	GG	11.652380033388441
5TPY.pdb	GG	19.42966603626121
5TPY.pdb	AG	19.289542183364123
5TPY.pdb	CG	16.04769588236552
5TPY.pdb	CG	13.586363729535979
5TPY.pdb	CG	12.291430375181715
5TPY.pdb	CG	12.872363242356723
5TPY.pdb	CG	15.287450891029087
5TPY.pdb	CG	19.12191839253838
5TPY.pdb	GG	19.802876290253735
5TPY.pdb	GG	16.127011185241305
5TPY.pdb	GG	16.995484090129825
5TPY.pdb	CG	18.915469461338898
5TPY.pdb	AG	19.821092050324367
5TPY.pdb	AG	17.162240947475087
5TPY.pdb	CG	13.330185231650718
5TPY.pdb	CG	11.512642678010996
5TPY.pdb	CG	12.484765749284215
5TPY.pdb	CG	15.49438962852851
5TPY.pdb	CG	19.343024698395823
5TPY.pdb	AC	15.503875890736843
5TPY.pdb	AU	18.231700687293255
5TPY.pdb	AA	15.733898811998925
5TPY.pdb	AA	14.432197882469731
5TPY.pdb	AC	11.61877671837955
5TPY.pdb	AC	12.304902050953764
5TPY.pdb	AC	15.595796618733889
5TPY.pdb	AC	19.526401069445534
5TPY.pdb	AU	16.188443929686205
5TPY.pdb	AG	18.803477919384658
5TPY.pdb	AG	19.125255709560605
5TPY.pdb	AU	16.864418482973125
5TPY.pdb	AA	12.953986024279512
5TPY.pdb	AA	13.55213012292274
5TPY.pdb	AC	12.74333137300295
5TPY.pdb	AC	15.67714525406386
5TPY.pdb	AG	17.94556338052
5TPY.pdb	AC	19.73081403763665
5TPY.pdb	AA	19.125546770124693
5TPY.pdb	AG	18.327255363136214
5TPY.pdb	AC	17.258363338618707
5TPY.pdb	AC	17.800318041626866
5TPY.pdb	AU	17.20480984449017
5TPY.pdb	AG	15.66947362971075
5TPY.pdb	AU	14.400428718127626
5TPY.pdb	AA	11.713339619044115
5TPY.pdb	AA	13.447696636200423
5TPY.pdb	AC	14.57270631717327
5TPY.pdb	AC	18.729497894603952
5TPY.pdb	GU	18.973620542603232
5TPY.pdb	GG	19.826849121484877
5TPY.pdb	CG	18.583361025463148
5TPY.pdb	CG	19.38398470271574
5TPY.pdb	GU	19.20587997987023
5TPY.pdb	GG	18.066010119408855
5TPY.pdb	GU	16.535719007363276
5TPY.pdb	AG	13.490506827430123
5TPY.pdb	AG	13.131646286560148
5TPY.pdb	CG	15.66885026490122
5TPY.pdb	CG	19.885308052524547
5TPY.pdb	CG	18.685606658436498
5TPY.pdb	AC	18.95218204686577
5TPY.pdb	AC	17.76264819316128
5TPY.pdb	CU	18.25909632526647
5TPY.pdb	AU	19.967501199678203
5TPY.pdb	AG	18.104436044709747
5TPY.pdb	GU	19.168395013384977
5TPY.pdb	CU	19.785304805545827
5TPY.pdb	AC	19.595178203198323
5TPY.pdb	CG	19.624784040463144
5TPY.pdb	AG	17.638049842542582
5TPY.pdb	AU	17.784265543366978
5TPY.pdb	AC	19.649185872080363
5TPY.pdb	AA	17.035699961397277
5TPY.pdb	AG	13.272163711139022
5TPY.pdb	AU	12.914865138311702
5TPY.pdb	AG	14.838855729971666
5TPY.pdb	AG	17.457410617401024
5TPY.pdb	AG	19.825227747718152
5TPY.pdb	CC	19.945286355771902
5TPY.pdb	AC	15.970812291608505
5TPY.pdb	CG	13.758931058890449
5TPY.pdb	CU	15.290806957245156
5TPY.pdb	CG	17.5121622914479
5TPY.pdb	CG	19.364540918396447
5TPY.pdb	AC	19.688677017459966
5TPY.pdb	AC	15.256185130305226
5TPY.pdb	CG	14.56220974903975
5TPY.pdb	CU	17.23504855966556
5TPY.pdb	CG	19.342653735469103
5TPY.pdb	AC	18.22345299086328
5TPY.pdb	AC	15.312010285075674
5TPY.pdb	CG	15.517343569802149
5TPY.pdb	CU	18.391260114472804
5TPY.pdb	CG	19.896789504270906
5TPY.pdb	CG	19.221459732362394
5TPY.pdb	AC	19.69798818023614
5TPY.pdb	AC	17.245412138470304
5TPY.pdb	AC	16.069948412545546
5TPY.pdb	CG	16.229911579362486
5TPY.pdb	CU	18.417522559261645
5TPY.pdb	CG	18.923486816476476
5TPY.pdb	CG	18.090152769058545
5TPY.pdb	CG	16.58235562361806
5TPY.pdb	CC	19.165561823383133
5TPY.pdb	AC	17.515498339710437
5TPY.pdb	AC	17.81008832041283
5TPY.pdb	CG	17.426086434574277
5TPY.pdb	CU	18.437230176363485
5TPY.pdb	CG	17.73099403276067
5TPY.pdb	CG	15.906465562355443
5TPY.pdb	CG	13.948681390901019
5TPY.pdb	CG	18.250395250172986
5TPY.pdb	AC	18.650472990878217
5TPY.pdb	AC	17.672458858177603
5TPY.pdb	AC	18.96553760901754
5TPY.pdb	CG	17.852958081409536
5TPY.pdb	CU	17.565343272663583
5TPY.pdb	CG	15.818502112455906
5TPY.pdb	CG	13.49823333333867
5TPY.pdb	CG	12.079159230192205
5TPY.pdb	AC	16.591263175210962
5TPY.pdb	AC	17.097677384248584
5TPY.pdb	AC	19.0399115992933
5TPY.pdb	CG	17.290764239297985
5TPY.pdb	CU	15.86986975388778
5TPY.pdb	CG	13.641891430260102
5TPY.pdb	CG	11.929584723965784
5TPY.pdb	CG	12.5036259132015
5TPY.pdb	AA	15.63103637475851
5TPY.pdb	AA	17.906335694152116
5TPY.pdb	AG	15.817803815555962
5TPY.pdb	AU	13.778594417019873
5TPY.pdb	AG	12.13133828169112
5TPY.pdb	AG	12.395777141956968
5TPY.pdb	AG	15.272100415304639
5TPY.pdb	AC	15.491290399103253
5TPY.pdb	CG	13.815676063629438
5TPY.pdb	CU	12.385884437945396
5TPY.pdb	CG	12.787664818148938
5TPY.pdb	CG	15.316433068064521
5TPY.pdb	CG	19.419552531803966
5TPY.pdb	GG	12.22752870673631
5TPY.pdb	GU	13.012748256447216
5TPY.pdb	GG	15.650263984835185
5TPY.pdb	GG	19.22923752658235
5TPY.pdb	AU	15.901477108801968
5TPY.pdb	AG	19.17359310623146
5TPY.pdb	AG	17.92338672253538
5TPY.pdb	AG	19.964551520721926
5TPY.pdb	GG	19.275477177055585
5Y85.cif	AG	19.462168710842153
5Y85.cif	CC	19.85398851013639
5Y85.cif	GG	17.269048898215008
5Y85.cif	GG	18.072053758822026
5Y85.cif	CG	19.30696257582758
5Y85.cif	CG	13.862739439604114
5Y85.cif	CC	16.478955411123344
5Y85.cif	CC	19.118262745140125
5Y85.cif	AC	16.927959174107016
5Y85.cif	AC	19.380968932011797
5Y85.cif	AC	19.436943441048143
5Y85.cif	GG	19.51821680849623
5Y85.cif	AG	19.419275132035462
5Y85.cif	CC	18.95071111417136
5Y85.cif	CG	18.743161290325034
5Y85.cif	GG	19.26102539950761
5Y85.cif	AC	19.478203542739944
5Y85.cif	CG	18.61245826006516
5Y85.cif	AC	18.920042146423754
5Y85.cif	CG	18.067138886043626
5Y85.cif	CG	16.9966470657969
5Y85.cif	AG	16.660766154097278
5Y85.cif	AG	14.12186266620729
5Y85.cif	GG	12.406910589498247
5Y85.cif	GU	17.066431963105217
5Y85.cif	GG	17.485166268692677
5Y85.cif	GG	17.201853367189877
5Y85.cif	CU	16.679707003674523
5Y85.cif	AC	16.16829357654413
5Y85.cif	AC	11.754014793227153
5Y85.cif	CG	8.284134823494686
5Y85.cif	CU	13.02357619007796
5Y85.cif	CC	18.758851678841598
5Y85.cif	CU	17.698338137501164
5Y85.cif	CG	12.236230474735422
5Y85.cif	CG	13.232069150033107
5Y85.cif	CG	17.431830840946194
5Y85.cif	CG	18.986466058826096
5Y85.cif	AC	17.138703273646772
5Y85.cif	AC	11.337908571692497
5Y85.cif	CG	6.417838692612018
5Y85.cif	CU	9.210127381903325
5Y85.cif	CC	14.85114451183416
5Y85.cif	CC	18.355074377260422
5Y85.cif	AC	19.878908521229103
5Y85.cif	CG	19.812458463875362
5Y85.cif	CC	18.301976477747456
5Y85.cif	CC	16.414847155917897
5Y85.cif	AC	15.753800005419038
5Y85.cif	CC	17.4167219190031
5Y85.cif	CG	16.796535582123727
5Y85.cif	CU	11.783221931712403
5Y85.cif	CG	6.282481226382539
5Y85.cif	CG	8.633976019364662
5Y85.cif	CG	13.93644067519014
5Y85.cif	CC	18.447873067373667
5Y85.cif	GG	19.263233767916013
5Y85.cif	AG	19.001566527375385
5Y85.cif	AG	13.14964108098232
5Y85.cif	GG	8.18438484434836
5Y85.cif	GU	11.721874915290192
5Y85.cif	CG	16.215883018017127
5Y85.cif	CG	17.87596206694327
5Y85.cif	AG	17.604404000971098
5Y85.cif	GG	16.03108435617312
5Y85.cif	CG	13.45268952586709
5Y85.cif	CG	11.364824071866739
5Y85.cif	AG	11.976024636243189
5Y85.cif	CG	15.472840490959982
5Y85.cif	GG	19.84995686512258
5Y85.cif	GG	17.703891177208675
5Y85.cif	GU	13.656842512851236
5Y85.cif	GG	8.433593801978066
5Y85.cif	GG	13.582460291852632
5Y85.cif	GG	19.256659079362464
5Y85.cif	CU	19.88867755405883
5Y85.cif	AC	18.422377581756418
5Y85.cif	AC	13.44690314425048
5Y85.cif	CG	9.988017272229353
5Y85.cif	CU	13.958244233756348
5Y85.cif	CC	17.1902835712142
5Y85.cif	CC	17.333913227174648
5Y85.cif	AC	15.888759539197318
5Y85.cif	CG	13.783881590658142
5Y85.cif	CC	11.539974450560306
5Y85.cif	CC	11.248725299377664
5Y85.cif	AC	14.314736631694899
5Y85.cif	CC	19.0710075719004
5Y85.cif	CU	18.264602106613506
5Y85.cif	CG	13.656219011018813
5Y85.cif	CG	18.479964747618258
5Y85.cif	GU	19.44870560943125
5Y85.cif	AU	17.22839351293289
5Y85.cif	AU	13.553013993136085
5Y85.cif	GU	12.137848106309457
5Y85.cif	UU	15.355525005834737
5Y85.cif	CU	16.96374262948155
5Y85.cif	CU	15.737943429901181
5Y85.cif	AU	13.686759766647192
5Y85.cif	GU	12.187123158721828
5Y85.cif	CU	11.893218172887776
5Y85.cif	CU	14.09367828264341
5Y85.cif	AU	18.56007371455751
5Y85.cif	GU	17.913592399365584
5Y85.cif	CG	16.66160285309641
5Y85.cif	AG	15.258811393158785
5Y85.cif	AG	13.214760618125272
5Y85.cif	GG	13.924935370172994
5Y85.cif	GU	15.873243683255264
5Y85.cif	CG	15.778554929811916
5Y85.cif	CG	13.652297582801777
5Y85.cif	AG	12.078956237684713
5Y85.cif	GG	12.615440943911333
5Y85.cif	CG	14.780960118942119
5Y85.cif	CG	18.44479173205708
5Y85.cif	AG	13.243371831869755
5Y85.cif	AG	12.715855743791092
5Y85.cif	GG	15.14556254118459
5Y85.cif	GU	15.425351301444623
5Y85.cif	CG	13.642244348850886
5Y85.cif	CG	11.268408127769066
5Y85.cif	AG	11.427082894945308
5Y85.cif	GG	14.426439371681468
5Y85.cif	CG	18.218297095539963
5Y85.cif	AU	12.470517762571184
5Y85.cif	GU	16.232962190412916
5Y85.cif	UU	15.089279062606165
5Y85.cif	CU	12.201902634875927
5Y85.cif	CU	10.941360793779857
5Y85.cif	AU	13.546252321195157
5Y85.cif	GU	18.062189662667986
5Y85.cif	UU	17.83065216193836
5Y85.cif	GU	16.0923094666807
5Y85.cif	GU	16.89656622882746
5Y85.cif	GG	16.778356761802275
5Y85.cif	GU	15.886101031734269
5Y85.cif	CG	13.950435556193238
5Y85.cif	CG	14.739056906321837
5Y85.cif	AG	18.3724045333534
5Y85.cif	AG	16.987467440027768
5Y85.cif	GU	12.762045316916598
5Y85.cif	GG	12.09353725509043
5Y85.cif	GG	14.532387911491126
5Y85.cif	GG	19.9462216610935
5Y85.cif	CU	17.06722446743446
5Y85.cif	CC	16.839487040551543
5Y85.cif	CC	18.62444257086399
5Y85.cif	AC	15.319920096695443
5Y85.cif	CU	11.479803176830698
5Y85.cif	CG	13.396910293870452
5Y85.cif	CG	17.445638932869894
5Y85.cif	AC	14.01342016251118
5Y85.cif	AC	16.915943105696307
5Y85.cif	AG	19.55394388774084
5Y85.cif	AU	19.234563496187977
5Y85.cif	AA	14.834170055859287
5Y85.cif	AU	12.794246735978355
5Y85.cif	AG	15.125866079612626
5Y85.cif	AG	19.04680439651336
5Y85.cif	AC	13.636367642606285
5Y85.cif	AA	16.731607765689443
5Y85.cif	AG	19.231805608654806
5Y85.cif	AU	18.71239097251532
5Y85.cif	AG	15.04036464785468
5Y85.cif	AG	14.375873047153302
5Y85.cif	AG	17.300807854017048
5Y85.cif	AC	19.335761225630673
5Y85.cif	AG	19.736842089304663
5Y85.cif	AA	17.990834307220705
5Y85.cif	AU	17.071619862862267
5Y85.cif	AG	18.292586197933186
5Y85.cif	AG	16.30841245513324
5Y85.cif	GG	17.47950634771886
5Y85.cif	CG	17.624749584208345
5Y85.cif	CG	17.76955201689922
5Y85.cif	AG	19.1172220260096
5Y85.cif	GG	18.53689731993626
5Y85.cif	GU	14.872772179555094
5Y85.cif	GG	10.407843703731276
5Y85.cif	GG	11.344612584437295
5Y85.cif	GG	15.681521260926315
5Y85.cif	CG	19.09812523919531
5Y85.cif	GU	16.552928382357308
5Y85.cif	CU	17.920876090406114
5Y85.cif	CU	18.777519687626572
5Y85.cif	AU	19.977315190633803
5Y85.cif	CU	17.5888123259669
5Y85.cif	GU	14.681094353179585
5Y85.cif	UU	12.141143467331688
5Y85.cif	GU	9.831129547266986
5Y85.cif	GU	8.952148334142192
5Y85.cif	GU	12.378934842624856
5Y85.cif	CU	15.754564084256275
5Y85.cif	GU	17.471279876018915
5Y85.cif	GU	19.703059336062083
5Y85.cif	CC	18.173540691609826
5Y85.cif	CG	19.032603118625055
5Y85.cif	CC	15.987516169576306
5Y85.cif	CG	14.757228051577206
5Y85.cif	CU	14.485333447238787
5Y85.cif	CG	14.069355054588772
5Y85.cif	CG	13.132845363991212
5Y85.cif	CG	15.238589594646378
5Y85.cif	CC	17.798433900719793
5Y85.cif	CG	18.37741367369095
5Y85.cif	CU	19.55267458886312
5Y85.cif	CG	17.421567955113407
5Y85.cif	CG	17.118474212070506
5Y85.cif	CC	19.3023445205473
5Y85.cif	CG	16.596373538583105
5Y85.cif	CC	15.32984008759922
5Y85.cif	CG	16.12768899130108
5Y85.cif	CU	17.183333538322287
5Y85.cif	CG	17.088711654925525
5Y85.cif	CG	17.87136751163867
5Y85.cif	CG	19.127508375218774
5Y85.cif	AG	18.10640142092993
5Y85.cif	AG	14.59408739433459
5Y85.cif	AC	15.185444643702986
5Y85.cif	AG	17.192743730722192
5Y85.cif	AU	18.606876988853795
5Y85.cif	AG	18.30008930193024
5Y85.cif	GG	16.413225091357482
5Y85.cif	GG	13.768286818834301
5Y85.cif	CG	15.422865516626617
5Y85.cif	GG	17.59540187799304
5Y85.cif	GU	18.68254040775745
5Y85.cif	GG	17.962631988619695
5Y85.cif	CG	19.15676842395047
5Y85.cif	CG	17.219510872783882
5Y85.cif	CG	14.950608383530724
5Y85.cif	CC	16.324297600494035
5Y85.cif	CG	17.607586888984915
5Y85.cif	CU	17.718186069431592
5Y85.cif	CG	16.351972371145937
5Y85.cif	CC	18.985226012716076
5Y85.cif	CG	19.124805061447486
5Y85.cif	CG	16.762244905850608
5Y85.cif	CC	17.0855224336854
5Y85.cif	CG	17.014625562488504
5Y85.cif	CU	15.96472398745647
5Y85.cif	CG	14.153981616982662
5Y85.cif	AU	19.23146057416693
5Y85.cif	AG	18.058379347737997
5Y85.cif	AC	17.177318505102324
5Y85.cif	AG	15.784889384268817
5Y85.cif	AU	13.903872736926257
5Y85.cif	AG	12.52683175196629
5Y85.cif	AG	19.180628347897137
5Y85.cif	CC	19.932335857407754
5Y85.cif	CG	17.64971533718364
5Y85.cif	CC	15.83979759705494
5Y85.cif	CG	13.745563805989086
5Y85.cif	CU	12.193881022845352
5Y85.cif	CG	12.735993952122993
5Y85.cif	CG	18.497237228963595
5Y85.cif	CG	17.443837381034275
5Y85.cif	GG	18.338220294366852
5Y85.cif	GG	15.93014598258407
5Y85.cif	CG	13.666263850626533
5Y85.cif	GG	11.855129375258935
5Y85.cif	GU	12.083020227165523
5Y85.cif	GG	14.97359675318482
5Y85.cif	GG	19.314931668455614
5Y85.cif	CG	15.247190019719833
5Y85.cif	CG	13.507931254294103
5Y85.cif	CC	11.714537090917931
5Y85.cif	CG	11.630641362174572
5Y85.cif	CU	14.284333224681312
5Y85.cif	CG	18.55997797798836
5Y85.cif	GU	11.84830147448712
5Y85.cif	CU	12.189134783840505
5Y85.cif	GU	14.504395639121409
5Y85.cif	UU	18.491856704440455
5Y85.cif	CU	14.49814175073984
5Y85.cif	GU	18.33971940942136
5Y85.cif	CG	19.19604650306775
5Y85.cif	GG	19.511579536893912
5Y85.cif	CG	17.565244395206793
5Y85.cif	GG	14.998027448717057
5Y85.cif	CG	19.971194297701604
5Y85.cif	CU	17.42039729452868
5Y85.cif	CG	19.40920255395454
5Y85.cif	GU	19.35407877994195
5Y85.cif	AC	17.15750571788776
5Y85.cif	GU	16.328554439846847
5Y85.cif	GG	16.456058849858668
5Y85.cif	GG	17.892204050510042
5Y85.cif	GG	19.814266828168133
5Y85.cif	CG	17.97772458382866
5Y85.cif	GU	19.49687025007297
5Y85.cif	AG	19.225713972595294
5Y85.cif	AG	19.064842146972026
5Y85.cif	CC	19.514441171718484
5Y85.cif	GG	17.476331188610505
5Y85.cif	GG	18.218562661461377
5Y85.cif	CG	19.351393899422234
5Y85.cif	CG	13.964545460717757
5Y85.cif	CC	16.479877708215398
5Y85.cif	CC	18.968284155668726
5Y85.cif	AC	16.970179879169738
5Y85.cif	AC	19.391822364827835
5Y85.cif	AC	19.67519402802602
5Y85.cif	GG	19.271097516679244
5Y85.cif	AG	19.594004390116186
5Y85.cif	CC	19.473042011943907
5Y85.cif	CG	19.036869228094464
5Y85.cif	GG	19.09991660110574
5Y85.cif	AC	19.702518024370093
5Y85.cif	CG	18.84927790700327
5Y85.cif	CG	19.544785260910977
5Y85.cif	AC	18.29012111222971
5Y85.cif	CG	16.985572965735308
5Y85.cif	CG	16.365524339264613
5Y85.cif	GU	19.706911044552704
5Y85.cif	AG	17.805032650806393
5Y85.cif	AG	14.74589066886343
5Y85.cif	GG	12.470591662648093
5Y85.cif	GU	17.338891428007663
5Y85.cif	GG	17.5096451589661
5Y85.cif	GG	17.793289336361912
5Y85.cif	CU	16.131242035400643
5Y85.cif	CG	19.529856968994597
5Y85.cif	AC	16.735890649159693
5Y85.cif	AC	12.001088304370697
5Y85.cif	CG	8.178797449669446
5Y85.cif	CU	12.903203944604329
5Y85.cif	CC	18.61207529158292
5Y85.cif	CC	19.841398436747955
5Y85.cif	AC	19.335122927144184
5Y85.cif	CU	17.664026275740873
5Y85.cif	CG	12.125742998884235
5Y85.cif	CG	13.500740333944927
5Y85.cif	CG	17.91891193803106
5Y85.cif	CG	18.5467720618922
5Y85.cif	AC	17.267830389777824
5Y85.cif	AC	11.31254114393826
5Y85.cif	CG	6.360752552907157
5Y85.cif	CU	8.902678607142475
5Y85.cif	CC	14.41085486255746
5Y85.cif	CC	17.768355986581515
5Y85.cif	AC	19.33479991207471
5Y85.cif	CG	19.57707200345381
5Y85.cif	CC	18.106663801842696
5Y85.cif	CC	16.091443889581264
5Y85.cif	AC	15.369791268422535
5Y85.cif	CC	17.123980973563683
5Y85.cif	CG	16.815168774809756
5Y85.cif	CU	11.775394977943753
5Y85.cif	CG	6.238829446950019
5Y85.cif	CG	8.791347401768796
5Y85.cif	CG	14.144162306805876
5Y85.cif	CC	18.686163458154123
5Y85.cif	GG	19.06955526295362
5Y85.cif	AG	19.233427989281335
5Y85.cif	AG	13.34671525596505
5Y85.cif	GG	8.409003810323343
5Y85.cif	GU	11.640584214015874
5Y85.cif	CG	15.921604055682925
5Y85.cif	CG	17.394782005834983
5Y85.cif	AG	17.139920419326263
5Y85.cif	GG	15.843938501591907
5Y85.cif	CG	13.341199471556028
5Y85.cif	CG	11.170227385794178
5Y85.cif	AG	11.727667818531817
5Y85.cif	CG	15.296655558005837
5Y85.cif	GG	19.74473497534902
5Y85.cif	GG	17.7990503210584
5Y85.cif	GU	13.724322291576614
5Y85.cif	GG	8.539605759613154
5Y85.cif	GG	13.73946572572694
5Y85.cif	GG	19.41385442749582
5Y85.cif	CU	19.986509624312458
5Y85.cif	AC	18.743715858352424
5Y85.cif	AC	13.801098404065618
5Y85.cif	CG	10.270648356469787
5Y85.cif	CU	14.036418436870619
5Y85.cif	CC	17.12958293714928
5Y85.cif	CC	17.125871229448226
5Y85.cif	AC	15.66390873906809
5Y85.cif	CG	13.752506796310376
5Y85.cif	CC	11.613231210460297
5Y85.cif	CC	11.251302747600873
5Y85.cif	AC	14.204636572826441
5Y85.cif	CC	18.979874054289862
5Y85.cif	CU	18.33787686689864
5Y85.cif	CG	13.743359087414404
5Y85.cif	CG	18.640363371309295
5Y85.cif	GU	19.496222435898872
5Y85.cif	AU	17.31579056173335
5Y85.cif	AU	13.746967048942947
5Y85.cif	GU	12.217019161587043
5Y85.cif	UU	15.393711678872029
5Y85.cif	CU	16.984086619790336
5Y85.cif	CU	15.742457041264245
5Y85.cif	AU	13.745943154441793
5Y85.cif	GU	12.44106349175557
5Y85.cif	CU	12.277477215071702
5Y85.cif	CU	14.33115345452553
5Y85.cif	AU	18.60645985164794
5Y85.cif	GU	17.891295688057
5Y85.cif	CG	16.439412143859762
5Y85.cif	AG	15.055116245118606
5Y85.cif	AG	13.151202596962696
5Y85.cif	GG	13.760416256561596
5Y85.cif	GU	15.718695693287529
5Y85.cif	CG	15.683923315571901
5Y85.cif	CG	13.676394353348915
5Y85.cif	AG	12.226919384829998
5Y85.cif	GG	12.915171243938577
5Y85.cif	CG	15.141396979559858
5Y85.cif	CG	18.60118150904642
5Y85.cif	AG	13.249424328345935
5Y85.cif	AG	12.816591301008579
5Y85.cif	GG	15.108699645623066
5Y85.cif	GU	15.352985605809943
5Y85.cif	CG	13.59000476892785
5Y85.cif	CG	11.290108522344644
5Y85.cif	AG	11.429202189623666
5Y85.cif	GG	14.471975120742561
5Y85.cif	CG	18.30627402017025
5Y85.cif	AU	12.620395152104772
5Y85.cif	GU	16.269831270714423
5Y85.cif	UU	15.100761121289162
5Y85.cif	CU	12.244080941105725
5Y85.cif	CU	11.057457911409234
5Y85.cif	AU	13.572699633609508
5Y85.cif	GU	18.122579414149243
5Y85.cif	UU	17.92868941823354
5Y85.cif	GU	15.920743464485161
5Y85.cif	GU	16.224834817530787
5Y85.cif	GG	16.829917608825863
5Y85.cif	GU	15.941565184971555
5Y85.cif	CG	14.071056960347727
5Y85.cif	CG	14.901869527297336
5Y85.cif	AG	18.42736763395519
5Y85.cif	AG	17.10492576534235
5Y85.cif	GU	12.862541852501645
5Y85.cif	GG	11.797764228323619
5Y85.cif	GG	13.737477233674618
5Y85.cif	GG	19.148199631491988
5Y85.cif	CU	16.969070626260493
5Y85.cif	CC	16.807834050592366
5Y85.cif	CC	18.666845160775548
5Y85.cif	AC	15.2502117973256
5Y85.cif	CU	11.229680973707513
5Y85.cif	CG	12.749260983951562
5Y85.cif	CG	16.480003343111484
5Y85.cif	AC	14.039656676274364
5Y85.cif	AC	16.998544008523314
5Y85.cif	AG	19.553329483828147
5Y85.cif	AU	19.284594046039437
5Y85.cif	AA	14.70545535305106
5Y85.cif	AU	12.509395229043117
5Y85.cif	AG	14.650887533395661
5Y85.cif	AG	18.408096042776325
5Y85.cif	AC	13.701548131760537
5Y85.cif	AA	16.870363283804338
5Y85.cif	AG	19.62477897717715
5Y85.cif	AU	18.591910723591837
5Y85.cif	AG	14.940013710028312
5Y85.cif	AG	14.279749786922594
5Y85.cif	AG	17.246197731205232
5Y85.cif	AC	19.22908222922955
5Y85.cif	AG	19.640648224879648
5Y85.cif	AA	17.783554325645966
5Y85.cif	AU	16.85080887170376
5Y85.cif	AG	18.01186274403821
5Y85.cif	AG	16.368740662027818
5Y85.cif	GG	17.858125416479098
5Y85.cif	CG	18.04376149844145
5Y85.cif	CG	17.98935668188987
5Y85.cif	AG	19.16911134814223
5Y85.cif	GG	18.83548285684731
5Y85.cif	GU	14.990135079637536
5Y85.cif	GG	10.484150386557703
5Y85.cif	GG	11.424246520458317
5Y85.cif	GG	15.7803296592966
5Y85.cif	CG	19.14000363020773
5Y85.cif	GU	16.898024075059933
5Y85.cif	CU	18.19283048675304
5Y85.cif	CU	18.76718016677254
5Y85.cif	AU	19.789485713413573
5Y85.cif	CU	17.964626525399073
5Y85.cif	GU	14.82427122857365
5Y85.cif	UU	11.97238694018092
5Y85.cif	GU	9.537749491065366
5Y85.cif	GU	8.788542287223077
5Y85.cif	GU	12.335384647878735
5Y85.cif	CU	15.690865760429407
5Y85.cif	GU	17.4491030769331
5Y85.cif	GU	19.737676260744376
5Y85.cif	CC	18.20582096309442
5Y85.cif	CG	19.018435553955666
5Y85.cif	CC	15.961624807908125
5Y85.cif	CG	14.405586390407823
5Y85.cif	CU	13.839882070598252
5Y85.cif	CG	13.454106012795355
5Y85.cif	CG	12.725579277153763
5Y85.cif	CG	14.973529522138465
5Y85.cif	CC	17.578268861149244
5Y85.cif	CG	18.247186369076832
5Y85.cif	CU	19.75849662122326
5Y85.cif	CG	17.6772563338297
5Y85.cif	CG	17.304488813962973
5Y85.cif	CC	18.830722621688356
5Y85.cif	CG	16.349773635261524
5Y85.cif	CC	15.01745587546174
5Y85.cif	CG	15.517109695159055
5Y85.cif	CU	16.35544278892733
5Y85.cif	CG	16.345804098853037
5Y85.cif	CG	17.40947383319184
5Y85.cif	CG	19.279492644622472
5Y85.cif	AA	19.81353964630648
5Y85.cif	AG	18.306136563050714
5Y85.cif	AG	14.522852182228453
5Y85.cif	AC	15.01340029533983
5Y85.cif	AG	16.775176987874133
5Y85.cif	AU	17.98695086282363
5Y85.cif	AG	17.73091609256834
5Y85.cif	CG	19.825274720857706
5Y85.cif	GG	16.713433505166464
5Y85.cif	GG	14.011114456066874
5Y85.cif	CG	15.576178910306652
5Y85.cif	GG	17.601776875084326
5Y85.cif	GU	18.529776541278537
5Y85.cif	GG	17.835600352474867
5Y85.cif	CG	19.008489832619652
5Y85.cif	CG	17.45128447949115
5Y85.cif	CG	15.199295081715507
5Y85.cif	CC	16.448417444548152
5Y85.cif	CG	17.6531622625216
5Y85.cif	CU	17.658328274089893
5Y85.cif	CG	16.32614261879839
5Y85.cif	CC	18.97126219286208
5Y85.cif	CG	19.320790528872262
5Y85.cif	CG	16.933507450295412
5Y85.cif	CC	17.094010790584935
5Y85.cif	CG	16.977147737851972
5Y85.cif	CU	15.854800593385265
5Y85.cif	CG	14.055122008123691
5Y85.cif	AU	19.225125984897332
5Y85.cif	AG	18.21141260835745
5Y85.cif	AC	17.179252905444088
5Y85.cif	AG	15.783165048735654
5Y85.cif	AU	13.856021984019085
5Y85.cif	AG	12.419631450528113
5Y85.cif	AG	19.03152483659279
5Y85.cif	CC	19.986516018807176
5Y85.cif	CG	17.7224312592911
5Y85.cif	CC	15.807739135596673
5Y85.cif	CG	13.777020171803214
5Y85.cif	CU	12.228929088025568
5Y85.cif	CG	12.676298589033768
5Y85.cif	CG	18.372943305418016
5Y85.cif	CG	17.42559196266453
5Y85.cif	GG	18.457195071233485
5Y85.cif	GG	15.935459981800259
5Y85.cif	CG	13.609183271672629
5Y85.cif	GG	11.912153203488076
5Y85.cif	GU	12.158715961699789
5Y85.cif	GG	14.948527540967719
5Y85.cif	GG	19.252012270573744
5Y85.cif	CG	15.483677553868619
5Y85.cif	CG	13.621966431044598
5Y85.cif	CC	11.765658314445398
5Y85.cif	CG	11.758354708330309
5Y85.cif	CU	14.380408699824224
5Y85.cif	CG	18.593903344946344
5Y85.cif	GU	11.94843998886071
5Y85.cif	CU	12.232612116809785
5Y85.cif	GU	14.60663394124943
5Y85.cif	UU	18.543621757241663
5Y85.cif	CU	14.569266532054785
5Y85.cif	GU	18.45371948397395
5Y85.cif	CG	19.303083390469848
5Y85.cif	GG	19.49894239134498
5Y85.cif	CG	17.6975867023396
5Y85.cif	GG	14.963159350781424
5Y85.cif	CG	19.86315821885851
5Y85.cif	CU	17.263393203620492
5Y85.cif	CG	19.273794151446534
5Y85.cif	GU	19.371600834627927
5Y85.cif	AC	17.172006441138194
5Y85.cif	GU	16.48171741776697
5Y85.cif	GG	16.590268859591582
5Y85.cif	GG	18.16260526072795
5Y85.cif	CG	17.958808183431703
5Y85.cif	GU	19.526382539677424
5Y85.cif	AG	18.994637043293146
6Y0Y.cif	CU	18.885075912658344
6Y0Y.cif	AU	18.034962148738888
6Y0Y.cif	AU	15.553909113098952
6Y0Y.cif	CU	16.140820413816915
6Y0Y.cif	GU	16.642879040550888
6Y0Y.cif	GU	16.926230665634552
6Y0Y.cif	AU	17.291245164957342
6Y0Y.cif	GU	17.234515974279844
6Y0Y.cif	UU	15.439111680390978
6Y0Y.cif	GU	12.990056695182192
6Y0Y.cif	CG	19.352436777339452
6Y0Y.cif	AG	16.372049564186415
6Y0Y.cif	AG	15.582461083038384
6Y0Y.cif	CG	17.66106061715982
6Y0Y.cif	GG	18.253168981434836
6Y0Y.cif	GG	17.52590738726164
6Y0Y.cif	AG	16.812711132236917
6Y0Y.cif	GG	15.693387694470944
6Y0Y.cif	GU	13.552360140332604
6Y0Y.cif	GG	11.652265915489206
6Y0Y.cif	CU	18.67004616563146
6Y0Y.cif	AC	19.987472582793576
6Y0Y.cif	CG	17.82532739269639
6Y0Y.cif	AC	15.239148256317101
6Y0Y.cif	AC	15.922325759181586
6Y0Y.cif	CC	18.753432938311956
6Y0Y.cif	CG	19.00372392015425
6Y0Y.cif	CG	17.204532173201276
6Y0Y.cif	AC	15.541918885287497
6Y0Y.cif	CG	13.76110313285097
6Y0Y.cif	CU	12.226788141645432
6Y0Y.cif	CG	12.20572919882901
6Y0Y.cif	AU	15.366039821189668
6Y0Y.cif	GU	18.519651334274524
6Y0Y.cif	GU	19.60463567846869
6Y0Y.cif	GU	15.707722340197947
6Y0Y.cif	AU	13.852977354328573
6Y0Y.cif	AU	15.337269687262832
6Y0Y.cif	CU	18.234197979561582
6Y0Y.cif	GU	18.00739889304637
6Y0Y.cif	GU	15.46800483437505
6Y0Y.cif	AU	13.51354332028466
6Y0Y.cif	GU	12.255781871648933
6Y0Y.cif	UU	12.750020342634711
6Y0Y.cif	GU	15.040051650884145
6Y0Y.cif	CG	14.329155600310626
6Y0Y.cif	CU	16.592230807521624
6Y0Y.cif	CG	18.9189666332579
6Y0Y.cif	CG	14.7533300543341
6Y0Y.cif	AC	13.10577011254625
6Y0Y.cif	AC	14.60811238992818
6Y0Y.cif	CC	16.948187921359462
6Y0Y.cif	CG	16.190788335326722
6Y0Y.cif	CG	13.347626837035884
6Y0Y.cif	AC	11.936112444411947
6Y0Y.cif	CG	12.396643171407687
6Y0Y.cif	CU	15.143806920362316
6Y0Y.cif	CG	18.844401610809996
6Y0Y.cif	CU	12.931956585343606
6Y0Y.cif	AC	16.82369743339727
6Y0Y.cif	CG	19.90784345195501
6Y0Y.cif	CG	15.41494990470638
6Y0Y.cif	AC	13.28710500829906
6Y0Y.cif	AC	13.875188505915306
6Y0Y.cif	CC	14.995343733220807
6Y0Y.cif	CG	13.695419502444555
6Y0Y.cif	CG	11.236048673716168
6Y0Y.cif	AC	11.456483226790816
6Y0Y.cif	CG	14.201991703596168
6Y0Y.cif	CU	18.40790295652868
6Y0Y.cif	AU	11.912833656058135
6Y0Y.cif	CU	16.552893924990187
6Y0Y.cif	GU	18.60142822367347
6Y0Y.cif	GU	13.815761626558388
6Y0Y.cif	AU	11.066375799258052
6Y0Y.cif	AU	10.97704717857017
6Y0Y.cif	CU	11.741514532301126
6Y0Y.cif	GU	11.515515281288348
6Y0Y.cif	GU	11.518642421878065
6Y0Y.cif	AU	14.099532349902383
6Y0Y.cif	GU	18.09191567132876
6Y0Y.cif	AC	16.049566843721138
6Y0Y.cif	AG	19.04693809022124
6Y0Y.cif	AG	19.163288382795756
6Y0Y.cif	AA	19.813429036388985
6Y0Y.cif	AG	15.935113573174574
6Y0Y.cif	AG	12.185634074620335
6Y0Y.cif	AA	11.866840938657743
6Y0Y.cif	AA	13.929465491612957
6Y0Y.cif	AC	16.10965982760465
6Y0Y.cif	AG	16.53148119003218
6Y0Y.cif	AG	16.170396008537626
6Y0Y.cif	AA	17.723521623507487
6Y0Y.cif	GG	15.419220093953598
6Y0Y.cif	AG	15.721016724508122
6Y0Y.cif	GG	13.986198080536672
6Y0Y.cif	AG	15.191059345621216
6Y0Y.cif	GG	12.495015610785837
6Y0Y.cif	GG	10.537739654533183
6Y0Y.cif	AG	12.858765647366054
6Y0Y.cif	AG	16.439492738163324
6Y0Y.cif	CG	19.70302058740882
6Y0Y.cif	AU	15.09237273482958
6Y0Y.cif	GU	15.481953147972002
6Y0Y.cif	AU	17.744598597664712
6Y0Y.cif	GU	14.779845630413417
6Y0Y.cif	GU	11.704000065126817
6Y0Y.cif	AU	11.86357591030295
6Y0Y.cif	AU	13.789408603227214
6Y0Y.cif	CU	16.011505941965673
6Y0Y.cif	GU	17.998189934905298
6Y0Y.cif	GU	19.80665259424755
6Y0Y.cif	AG	15.663889207887976
6Y0Y.cif	AA	18.243805827179244
6Y0Y.cif	AG	15.373516197751142
6Y0Y.cif	AG	12.288519654033758
6Y0Y.cif	AA	11.4672313658992
6Y0Y.cif	AA	12.381635137889448
6Y0Y.cif	AC	14.414646255042426
6Y0Y.cif	AG	17.71898274356976
6Y0Y.cif	AC	15.605653702069516
6Y0Y.cif	CG	13.606672826684761
6Y0Y.cif	CG	11.943373950468489
6Y0Y.cif	AC	12.418280515613512
6Y0Y.cif	AC	14.213349747497501
6Y0Y.cif	CC	17.27501878055871
6Y0Y.cif	GG	11.98087105670377
6Y0Y.cif	GG	12.779033169226198
6Y0Y.cif	AG	15.452367817307971
6Y0Y.cif	AG	18.540083029505027
6Y0Y.cif	AG	15.248720206400145
6Y0Y.cif	AA	19.16878909342658
6Y0Y.cif	AG	18.029402388920964
6Y0Y.cif	AG	17.193119688047346
6Y0Y.cif	AA	19.784573500036252
6Y0Y.cif	AA	17.49484412018795
6Y0Y.cif	GG	18.82670913827592
7BG9.pdb	GG	11.466103177963163
7BG9.pdb	GG	14.66044076730309
7BG9.pdb	GU	19.02395331666517
7BG9.pdb	CG	16.417819884471697
7BG9.pdb	GG	10.037999273166914
7BG9.pdb	GU	8.792607720912315
7BG9.pdb	GU	11.380578999657043
7BG9.pdb	CG	9.724854808066935
7BG9.pdb	GG	8.796066232404641
7BG9.pdb	CG	10.769061858968247
7BG9.pdb	CG	12.680412877760572
7BG9.pdb	CG	14.970139016249028
7BG9.pdb	GG	17.962915081798915
7BG9.pdb	CG	17.887901713230747
7BG9.pdb	GG	11.694191215173126
7BG9.pdb	GU	12.694739289045785
7BG9.pdb	GU	16.460514149216046
7BG9.pdb	CG	15.51311493808433
7BG9.pdb	GG	13.807064051952516
7BG9.pdb	CG	13.650086094481797
7BG9.pdb	CG	13.443502274607614
7BG9.pdb	CG	13.883378650773812
7BG9.pdb	CG	19.238483492532822
7BG9.pdb	GG	13.999220872786715
7BG9.pdb	GU	16.14507891500592
7BG9.pdb	GU	19.174581180116025
7BG9.pdb	CG	17.443846296508248
7BG9.pdb	GG	14.463520191624324
7BG9.pdb	CG	12.81026866880586
7BG9.pdb	CG	12.454206184558663
7BG9.pdb	CG	13.534424644918376
7BG9.pdb	CU	19.358341257718834
7BG9.pdb	GU	14.50286689282928
7BG9.pdb	UU	15.876487273509179
7BG9.pdb	UU	17.35669714676136
7BG9.pdb	CU	14.243007257294858
7BG9.pdb	GU	10.050499106457703
7BG9.pdb	CU	7.893967208250565
7BG9.pdb	CU	9.62276141441087
7BG9.pdb	CU	13.29112625305733
7BG9.pdb	GU	16.94102028229024
7BG9.pdb	GG	18.416216495697935
7BG9.pdb	CG	17.26150521469032
7BG9.pdb	GG	13.82248670663771
7BG9.pdb	GU	14.70500049537205
7BG9.pdb	GU	14.26619629233423
7BG9.pdb	CG	10.6315393301084
7BG9.pdb	GG	7.246833502357054
7BG9.pdb	CG	8.142744812511825
7BG9.pdb	CG	13.213101271538704
7BG9.pdb	CG	18.372612381409937
7BG9.pdb	CG	18.06528751049018
7BG9.pdb	GU	15.121803715262054
7BG9.pdb	GG	15.55492141830859
7BG9.pdb	CG	18.767790502357123
7BG9.pdb	GG	19.77055275154971
7BG9.pdb	CG	19.29463936621815
7BG9.pdb	CG	17.709717980616187
7BG9.pdb	CG	14.354318259600152
7BG9.pdb	GG	13.17788085911563
7BG9.pdb	GU	13.956641756314513
7BG9.pdb	GU	11.93889998364034
7BG9.pdb	CG	9.664749177322603
7BG9.pdb	GG	9.906415845092594
7BG9.pdb	CG	13.48867735201422
7BG9.pdb	CG	19.20525940091053
7BG9.pdb	CU	19.384301336815504
7BG9.pdb	UU	16.530742794201952
7BG9.pdb	GU	15.238125287210485
7BG9.pdb	CU	17.023839990370135
7BG9.pdb	UU	18.25197978918374
7BG9.pdb	GU	18.034051441308474
7BG9.pdb	GU	17.569835055259684
7BG9.pdb	CU	16.522858382938097
7BG9.pdb	CU	14.59357639800055
7BG9.pdb	CU	12.013242502928229
7BG9.pdb	GU	13.961316916801497
7BG9.pdb	UU	15.037188980713639
7BG9.pdb	UU	12.387531185575895
7BG9.pdb	CU	12.808069757567225
7BG9.pdb	GU	15.564176503378448
7BG9.pdb	CU	19.99230545818153
7BG9.pdb	GG	17.9411563332722
7BG9.pdb	CG	18.186529471941984
7BG9.pdb	GU	18.29925200777519
7BG9.pdb	GG	18.29105238164386
7BG9.pdb	GG	17.236033505793635
7BG9.pdb	CG	15.354869038437453
7BG9.pdb	CG	12.99947159232314
7BG9.pdb	CG	11.57234584879129
7BG9.pdb	GG	15.859205298482204
7BG9.pdb	GU	17.06874408694458
7BG9.pdb	GU	14.558358415278652
7BG9.pdb	CG	16.7890495081586
7BG9.pdb	CG	19.401154119157145
7BG9.pdb	GU	18.138617496311667
7BG9.pdb	GG	17.796349970414962
7BG9.pdb	GG	15.96919688396719
7BG9.pdb	CG	13.470054169566799
7BG9.pdb	CG	11.50897673781638
7BG9.pdb	CG	12.406739706609997
7BG9.pdb	GG	18.294271947092575
7BG9.pdb	GU	18.612666268574067
7BG9.pdb	CC	19.537881186635587
7BG9.pdb	CU	16.967415475810398
7BG9.pdb	CG	15.986530485551693
7BG9.pdb	CG	13.587188752064225
7BG9.pdb	CC	11.266840616698094
7BG9.pdb	CC	11.159938192152435
7BG9.pdb	CC	14.637722047051609
7BG9.pdb	CC	19.117887787347257
7BG9.pdb	CU	15.458218089141585
7BG9.pdb	CG	14.088522906113349
7BG9.pdb	CG	11.92533381810332
7BG9.pdb	CC	11.205035207290473
7BG9.pdb	CC	13.676298416070011
7BG9.pdb	CC	18.582963711345624
7BG9.pdb	AU	17.280210944657185
7BG9.pdb	AU	19.08362730965993
7BG9.pdb	AC	18.378295822260107
7BG9.pdb	AU	14.229180869194302
7BG9.pdb	AG	13.887083873196046
7BG9.pdb	AG	13.50729240568629
7BG9.pdb	AC	14.8393224684157
7BG9.pdb	AC	18.439844849018467
7BG9.pdb	UU	18.237982325579615
7BG9.pdb	UU	15.629901427574373
7BG9.pdb	GU	15.097635634998568
7BG9.pdb	GU	15.430916109108331
7BG9.pdb	CU	17.957966020835716
7BG9.pdb	UU	17.518927323025846
7BG9.pdb	UU	19.402575827558547
7BG9.pdb	GU	19.957052606296923
7BG9.pdb	GU	16.95957523032344
7BG9.pdb	UU	19.41601939654484
7BG9.pdb	AG	18.409564847700416
7BG9.pdb	AU	18.637681996784806
7BG9.pdb	AU	19.332313493292265
7BG9.pdb	AC	19.693703260883243
7BG9.pdb	UU	19.247873507553702
7BG9.pdb	AG	18.965719002265942
7BG9.pdb	AA	15.840708746156965
7BG9.pdb	AG	18.842183308493063
7BG9.pdb	AA	15.520714621239616
7BG9.pdb	AC	18.41530814118291
7BG9.pdb	AU	19.16737972053448
7BG9.pdb	CG	13.977929605368319
7BG9.pdb	AC	12.267323471139383
7BG9.pdb	AC	17.713120235108647
7BG9.pdb	CC	18.832810644452127
7BG9.pdb	CU	19.785258972519358
7BG9.pdb	CU	19.529354555245785
7BG9.pdb	AU	14.394904770618428
7BG9.pdb	AU	19.542327638919783
7BG9.pdb	CU	19.465941170148273
7BG9.pdb	CU	18.193022640400546
7BG9.pdb	UU	17.556557444881694
7BG9.pdb	UU	15.782726270365458
7BG9.pdb	GU	17.776831810077912
7BG9.pdb	AG	18.05670572928731
7BG9.pdb	CG	18.33599703527074
7BG9.pdb	CG	18.525316452330397
7BG9.pdb	GU	15.556497561148435
7BG9.pdb	GU	13.065555338514558
7BG9.pdb	GG	13.542886988025133
7BG9.pdb	GG	19.38785044207037
7BG9.pdb	AG	15.096301468612127
7BG9.pdb	AG	19.640119057596703
7BG9.pdb	AC	16.45392271460577
7BG9.pdb	AC	16.88916796175809
7BG9.pdb	AU	18.271915690056886
7BG9.pdb	AU	16.729539255432687
7BG9.pdb	AG	15.092517173850972
7BG9.pdb	GG	16.975919760163187
7BG9.pdb	CG	18.563621726261925
7BG9.pdb	CG	18.870848110949876
7BG9.pdb	CG	15.849724857511681
7BG9.pdb	CG	15.229311093648045
7BG9.pdb	GG	18.16891039588453
7BG9.pdb	AG	19.406842470490755
7BG9.pdb	AC	15.969578042374051
7BG9.pdb	AC	14.676777107600284
7BG9.pdb	AU	16.24724942843399
7BG9.pdb	AC	17.915275651402304
7BG9.pdb	AU	19.00465295954012
7BG9.pdb	AC	16.000273629873274
7BG9.pdb	AC	16.229444625699756
7BG9.pdb	AG	18.82437305277024
7BG9.pdb	AC	16.758703923908367
7BG9.pdb	AC	16.39443228082549
7BG9.pdb	AU	17.486719441340433
7BG9.pdb	AC	17.999611615128202
7BG9.pdb	AC	19.53621358803067
7BG9.pdb	AU	16.891032299571307
7BG9.pdb	AU	14.00222360197379
7BG9.pdb	AC	11.10522786380097
7BG9.pdb	AC	12.578328105787167
7BG9.pdb	GG	19.9112100086721
7BG9.pdb	GG	18.234257856227895
7BG9.pdb	GG	15.471919118622786
7BG9.pdb	CG	14.19783769494363
7BG9.pdb	CG	14.288111198108227
7BG9.pdb	GU	15.121606301728377
7BG9.pdb	GG	18.636883932334644
7BG9.pdb	CG	16.013428569717842
7BG9.pdb	CG	16.381224864831214
7BG9.pdb	GG	19.040524999337688
7BG9.pdb	CG	19.387743600248296
7BG9.pdb	CG	16.959385342445344
7BG9.pdb	GU	14.324764400681905
7BG9.pdb	GU	13.176883256254401
7BG9.pdb	CG	12.260590235573433
7BG9.pdb	CG	15.448189976970168
7BG9.pdb	GU	19.528313052902103
7BG9.pdb	GG	15.918476662442037
7BG9.pdb	GG	15.043532303946867
7BG9.pdb	CG	15.658458471545128
7BG9.pdb	CG	16.716643411030073
7BG9.pdb	GU	17.1519793954063
7BG9.pdb	GG	19.78255932814146
7BG9.pdb	CG	17.641323511818896
7BG9.pdb	CG	16.516574960828347
7BG9.pdb	GG	17.700534073175987
7BG9.pdb	CG	16.719160811174184
7BG9.pdb	CG	13.696632186357872
7BG9.pdb	GU	11.636287104717532
7BG9.pdb	GU	12.165917985236286
7BG9.pdb	CG	13.1947766611366
7BG9.pdb	CG	17.766848730797932
7BG9.pdb	AG	19.523510336075194
7BG9.pdb	CG	18.014781187933217
7BG9.pdb	GG	14.088796067376057
7BG9.pdb	GG	15.200147402965419
7BG9.pdb	CG	17.000690819862022
7BG9.pdb	CG	18.31425060533859
7BG9.pdb	GU	18.123184430246127
7BG9.pdb	GG	19.74311557004494
7BG9.pdb	CG	18.577789007860048
7BG9.pdb	CG	15.993954588348581
7BG9.pdb	GG	15.883396366123497
7BG9.pdb	CG	14.14803570623022
7BG9.pdb	CG	11.874334361887108
7BG9.pdb	GU	12.187189673253961
7BG9.pdb	GU	15.136613483232122
7BG9.pdb	CG	17.80073218505026
7BG9.pdb	CG	19.885169600513823
7BG9.pdb	CC	16.078473388496697
7BG9.pdb	CG	13.878586459799195
7BG9.pdb	CG	16.386772030114614
7BG9.pdb	CC	18.526889938333937
7BG9.pdb	CC	19.5410933967251
7BG9.pdb	CU	18.568525845766466
7BG9.pdb	CG	19.05468957910594
7BG9.pdb	CC	19.103569733503136
7BG9.pdb	CC	15.318919131838573
7BG9.pdb	CG	14.181663101755413
7BG9.pdb	CC	12.489975878072096
7BG9.pdb	CC	12.343855371925669
7BG9.pdb	CU	15.237149888580605
7BG9.pdb	CU	19.685496419665633
7BG9.pdb	GG	19.66321049511486
7BG9.pdb	CG	15.702506763161054
7BG9.pdb	GG	14.977879498326454
7BG9.pdb	GG	17.552983356826047
7BG9.pdb	CG	19.026291685279645
7BG9.pdb	CG	19.133699082474173
7BG9.pdb	GU	17.220643306198184
7BG9.pdb	GG	16.544144032412888
7BG9.pdb	CG	18.198035034373024
7BG9.pdb	CG	13.560685673026036
7BG9.pdb	GG	12.315980207024108
7BG9.pdb	CG	12.36648515846383
7BG9.pdb	CG	15.092262053472774
7BG9.pdb	GU	19.55622439993291
7BG9.pdb	CU	18.194497830269974
7BG9.pdb	GU	17.686058214703444
7BG9.pdb	GU	19.1869039638388
7BG9.pdb	CU	19.275191228840093
7BG9.pdb	CU	17.97680712375669
7BG9.pdb	UU	14.862721206278259
7BG9.pdb	GU	12.89285616648429
7BG9.pdb	CU	15.952363866295203
7BG9.pdb	CU	11.114661533589022
7BG9.pdb	GU	10.620667983285422
7BG9.pdb	CU	13.101818732470928
7BG9.pdb	CU	17.6268620269474
7BG9.pdb	AC	18.371797669315878
7BG9.pdb	AG	18.047810951603154
7BG9.pdb	AG	18.58189451124501
7BG9.pdb	AC	17.71548723704667
7BG9.pdb	AC	15.798116147312417
7BG9.pdb	AU	12.944847911910736
7BG9.pdb	AG	11.45357697648282
7BG9.pdb	AC	16.270018898948116
7BG9.pdb	AC	12.072078567695252
7BG9.pdb	AG	13.762156293663239
7BG9.pdb	AC	17.706216188758663
7BG9.pdb	CG	17.38882544703311
7BG9.pdb	GU	18.514239547797178
7BG9.pdb	CG	17.489461016064237
7BG9.pdb	GG	17.473387768202237
7BG9.pdb	GG	17.23385627383073
7BG9.pdb	CG	15.939016633685764
7BG9.pdb	CG	14.35661093331405
7BG9.pdb	GU	13.31213616534911
7BG9.pdb	GG	13.759137877804976
7BG9.pdb	CG	19.238115043964505
7BG9.pdb	CG	15.908698870161729
7BG9.pdb	GG	18.941764995073125
7BG9.pdb	CG	17.542018675177907
7BG9.pdb	GU	17.699258306503978
7BG9.pdb	CG	17.73689105357827
7BG9.pdb	GG	17.27483768893989
7BG9.pdb	GG	15.76192026559185
7BG9.pdb	CG	13.794666034937062
7BG9.pdb	CG	12.72926918423134
7BG9.pdb	GU	13.921227613944328
7BG9.pdb	GG	16.368270201454777
7BG9.pdb	CG	19.255600048203437
7BG9.pdb	CG	15.143203084142163
7BG9.pdb	CU	19.236185473606408
7BG9.pdb	CC	19.066051569459223
7BG9.pdb	CU	16.872771571073965
7BG9.pdb	CC	17.391386492182704
7BG9.pdb	CG	16.2082366810699
7BG9.pdb	CG	13.533536580993184
7BG9.pdb	CC	11.404096298882726
7BG9.pdb	CC	11.833964221834956
7BG9.pdb	CU	15.469895373245448
7BG9.pdb	CG	19.58764077334864
7BG9.pdb	GU	13.766309086020417
7BG9.pdb	GG	17.195487221895945
7BG9.pdb	CG	16.459759203820155
7BG9.pdb	CG	15.194058568504316
7BG9.pdb	GU	14.534439955957716
7BG9.pdb	CG	15.895612323296513
7BG9.pdb	GG	14.897730663838063
7BG9.pdb	GG	12.322298079683979
7BG9.pdb	CG	11.835294351608056
7BG9.pdb	CG	14.584232579037414
7BG9.pdb	GU	19.541429901397844
7BG9.pdb	CG	16.03418469400078
7BG9.pdb	CC	18.201218602232828
7BG9.pdb	AC	19.245093715458157
7BG9.pdb	CG	16.02493823408029
7BG9.pdb	CC	11.607205232901352
7BG9.pdb	CC	10.218470953599304
7BG9.pdb	CU	10.177138330752761
7BG9.pdb	CC	13.162061580198234
7BG9.pdb	CG	14.025037453000092
7BG9.pdb	CG	13.450265788067505
7BG9.pdb	CC	15.027713794369696
7BG9.pdb	CC	18.582705445523526
7BG9.pdb	CC	14.257162136971123
7BG9.pdb	CU	18.071659716025266
7BG9.pdb	AC	19.52773642023108
7BG9.pdb	AC	18.61319675133357
7BG9.pdb	AC	17.16130837250761
7BG9.pdb	CG	14.606547958361315
7BG9.pdb	CC	10.787932816775042
7BG9.pdb	CC	11.945144013019414
7BG9.pdb	CU	13.8918437783393
7BG9.pdb	CC	16.771783791170655
7BG9.pdb	CG	16.820381439650145
7BG9.pdb	CG	15.352816201214218
7BG9.pdb	CC	16.713218179564787
7BG9.pdb	GU	18.937678736084614
7BG9.pdb	GG	19.592755401103314
7BG9.pdb	AG	18.269498063006573
7BG9.pdb	AG	17.18506623987684
7BG9.pdb	AG	17.998366377057184
7BG9.pdb	AG	18.33416763500782
7BG9.pdb	GG	17.185344400427653
7BG9.pdb	CG	14.590955034085228
7BG9.pdb	CG	17.03735260679187
7BG9.pdb	GU	19.368923873863068
7BG9.pdb	GG	18.685419827884544
7BG9.pdb	CG	18.958794644978138
7BG9.pdb	GU	17.301044218124368
7BG9.pdb	GU	16.42972862707725
7BG9.pdb	AU	16.57334535068456
7BG9.pdb	AU	16.715577152705542
7BG9.pdb	AU	18.201883724011832
7BG9.pdb	AU	18.891168350446264
7BG9.pdb	GU	17.673152975366634
7BG9.pdb	CU	15.310235168166178
7BG9.pdb	CU	18.463761942944288
7BG9.pdb	GU	19.897778833985818
7BG9.pdb	GU	19.092738017371165
7BG9.pdb	CG	19.97566886027421
7BG9.pdb	GG	15.232646629315871
7BG9.pdb	GG	15.401754765467356
7BG9.pdb	AG	16.102794489835325
7BG9.pdb	AG	16.29893291307852
7BG9.pdb	AG	17.154589704061912
7BG9.pdb	AG	17.25851420886621
7BG9.pdb	GG	15.566680173362599
7BG9.pdb	CG	13.585597546544204
7BG9.pdb	CG	17.47689818129779
7BG9.pdb	CU	19.18363561554346
7BG9.pdb	CG	16.73683284981002
7BG9.pdb	CG	17.493601628280803
7BG9.pdb	AC	17.86207330733501
7BG9.pdb	AC	17.304384484326345
7BG9.pdb	AC	16.655551909346276
7BG9.pdb	AC	15.423218328834823
7BG9.pdb	CG	12.89679035315919
7BG9.pdb	CC	11.57628609368243
7BG9.pdb	CC	15.98458251145363
7BG9.pdb	GU	19.686626380679243
7BG9.pdb	GU	19.252635384032203
7BG9.pdb	GU	19.600645038482398
7BG9.pdb	AU	18.98414269410698
7BG9.pdb	AU	17.47448562379405
7BG9.pdb	AU	15.361634906522267
7BG9.pdb	AU	13.106742748200285
7BG9.pdb	GU	10.714673335559272
7BG9.pdb	CU	11.524674132427213
7BG9.pdb	CU	16.53448234164205
7BG9.pdb	CU	18.218670350317357
7BG9.pdb	GU	19.639148362047578
7BG9.pdb	GU	19.217978780684508
7BG9.pdb	AU	17.76081582467625
7BG9.pdb	AU	15.92413527253086
7BG9.pdb	AU	13.41856713546261
7BG9.pdb	AU	11.89748234085897
7BG9.pdb	GU	11.79520477789551
7BG9.pdb	CU	15.011171418870848
7BG9.pdb	GU	18.990652669857607
7BG9.pdb	GU	17.52917882798043
7BG9.pdb	AU	15.301961861655318
7BG9.pdb	AU	13.65003883346326
7BG9.pdb	AU	11.87498312586896
7BG9.pdb	AU	12.541182705891833
7BG9.pdb	GU	14.926775340562328
7BG9.pdb	CU	19.212329498483104
7BG9.pdb	GU	17.528181635313004
7BG9.pdb	GU	15.146355454687036
7BG9.pdb	AU	12.7087861537974
7BG9.pdb	AU	12.267653375697286
7BG9.pdb	AU	12.585715856581226
7BG9.pdb	AU	15.609463284351673
7BG9.pdb	GU	19.284576690651043
7BG9.pdb	CG	18.137461478664147
7BG9.pdb	CG	19.566333736698034
7BG9.pdb	CG	18.74119153032818
7BG9.pdb	GG	14.459976864027823
7BG9.pdb	GG	11.352224937553778
7BG9.pdb	AG	9.72505757851841
7BG9.pdb	AG	11.705728322459223
7BG9.pdb	AG	14.617523356163366
7BG9.pdb	AG	19.0890144098499
7BG9.pdb	CC	17.395900432837024
7BG9.pdb	CC	18.656304132901035
7BG9.pdb	CG	16.55452605141972
7BG9.pdb	CC	14.48121522793469
7BG9.pdb	CG	11.692885624692282
7BG9.pdb	CG	10.496900203294382
7BG9.pdb	AC	12.095945175851927
7BG9.pdb	AC	15.757847305744066
7BG9.pdb	AC	19.235377611488435
7BG9.pdb	CU	17.455377265658665
7BG9.pdb	GU	19.792691113500787
7BG9.pdb	GU	18.871477200391887
7BG9.pdb	GU	15.905054942368713
7BG9.pdb	GU	14.57997753095993
7BG9.pdb	CU	15.291529957132788
7BG9.pdb	GU	14.706724902262582
7BG9.pdb	GU	14.186649473376145
7BG9.pdb	AU	16.887036869182868
7BG9.pdb	CG	18.293967586234377
7BG9.pdb	CC	18.53217877776342
7BG9.pdb	CG	16.385789276467584
7BG9.pdb	CG	15.08685916615769
7BG9.pdb	CG	15.413002867382062
7BG9.pdb	CC	17.186306778740644
7BG9.pdb	CG	17.007732268194243
7BG9.pdb	CG	16.062049668014
7BG9.pdb	AC	18.962118412503823
7BG9.pdb	CC	19.7407601198132
7BG9.pdb	CG	18.76222856286606
7BG9.pdb	CC	17.371384928848457
7BG9.pdb	CG	16.947933380608767
7BG9.pdb	CG	17.10796481733564
7BG9.pdb	CG	17.528566750554862
7BG9.pdb	CC	18.76698374811443
7BG9.pdb	CG	17.92322410491782
7BG9.pdb	CG	16.081998300739038
7BG9.pdb	AC	18.76330414788041
7BG9.pdb	AC	18.46708789552441
7BG9.pdb	CG	18.217593478274047
7BG9.pdb	CC	17.872069455870076
7BG9.pdb	CG	18.413578668879246
7BG9.pdb	CG	18.985093693673186
7BG9.pdb	CG	18.44570195386191
7BG9.pdb	CC	18.449757020778353
7BG9.pdb	CG	16.792780958922194
7BG9.pdb	CG	14.438676378333634
7BG9.pdb	AC	17.24736742268449
7BG9.pdb	CU	19.167113881054746
7BG9.pdb	CC	17.77705116714771
7BG9.pdb	AC	17.833229148108128
7BG9.pdb	CG	18.95378944902466
7BG9.pdb	CC	18.775832971304588
7BG9.pdb	CG	19.25958197563142
7BG9.pdb	CG	19.44748119024372
7BG9.pdb	CG	17.434640720745943
7BG9.pdb	CC	15.91297438075038
7BG9.pdb	CG	13.847414500834748
7BG9.pdb	CG	12.13274150326494
7BG9.pdb	AC	16.020056067592964
7BG9.pdb	GU	19.1775766703091
7BG9.pdb	GU	16.044724238704184
7BG9.pdb	CG	16.142974068406872
7BG9.pdb	AG	17.56571138759689
7BG9.pdb	GG	19.115756402325662
7BG9.pdb	CG	18.593556009041222
7BG9.pdb	GG	18.669979942092603
7BG9.pdb	GG	18.47235062221044
7BG9.pdb	GG	15.558562388334698
7BG9.pdb	CG	13.325800550319883
7BG9.pdb	GG	12.220961919723615
7BG9.pdb	GG	12.599508946578085
7BG9.pdb	AG	17.759760448241128
7BG9.pdb	CU	16.31400566152199
7BG9.pdb	CU	14.850714436587786
7BG9.pdb	CC	16.444426821645926
7BG9.pdb	AC	18.694805136869086
7BG9.pdb	CC	18.888996481055354
7BG9.pdb	CG	18.22889285387537
7BG9.pdb	CG	17.462905360615594
7BG9.pdb	CG	13.831629792575313
7BG9.pdb	CC	11.310292463797976
7BG9.pdb	CG	12.116479298275072
7BG9.pdb	CG	14.832992716329873
7BG9.pdb	CG	19.68112103168849
7BG9.pdb	GU	17.3120801500005
7BG9.pdb	GU	13.786313533257097
7BG9.pdb	GU	14.437030289730638
7BG9.pdb	CG	16.730779125404567
7BG9.pdb	AG	19.045242228722444
7BG9.pdb	GG	19.818858539668348
7BG9.pdb	CG	18.018522654468487
7BG9.pdb	GG	16.810008249897006
7BG9.pdb	GG	15.940604953559895
7BG9.pdb	GG	12.746060956507028
7BG9.pdb	CG	11.691253886401412
7BG9.pdb	GG	15.021100438813644
7BG9.pdb	GG	19.176382270998378
7BG9.pdb	GG	14.287102488050346
7BG9.pdb	AG	18.735270884082652
7BG9.pdb	AG	19.997085544097757
7BG9.pdb	GG	19.41136479273313
7BG9.pdb	GG	17.117579219054093
7BG9.pdb	CG	19.513857727871777
7BG9.pdb	CC	18.954327492060468
7BG9.pdb	CU	15.043322184894238
7BG9.pdb	CU	13.682490313973423
7BG9.pdb	CU	16.09055796338233
7BG9.pdb	CC	17.8607905068191
7BG9.pdb	AC	19.229155326113137
7BG9.pdb	CG	18.749164038080337
7BG9.pdb	CC	16.129002268215423
7BG9.pdb	CG	14.308868146359803
7BG9.pdb	CG	13.713620243027487
7BG9.pdb	CG	12.356949050927343
7BG9.pdb	CC	14.079520464219033
7BG9.pdb	CG	19.245528574796825
7BG9.pdb	CG	9.759452831332208
7BG9.pdb	AC	13.207710481591679
7BG9.pdb	CG	15.340326889766557
7BG9.pdb	CC	15.857665418603988
7BG9.pdb	AC	16.431649260380937
7BG9.pdb	AC	15.848145863198985
7BG9.pdb	CG	16.741490732933105
7BG9.pdb	CC	19.873620352550198
7BG9.pdb	CG	16.36367853192613
7BG9.pdb	GU	14.096207564793803
7BG9.pdb	GU	14.338840121591039
7BG9.pdb	GU	17.126278114131875
7BG9.pdb	CG	17.798019317819467
7BG9.pdb	AG	17.995134406713074
7BG9.pdb	GG	16.456890214966347
7BG9.pdb	CG	13.587905771607454
7BG9.pdb	GG	12.124706058802897
7BG9.pdb	GG	12.952108313487928
7BG9.pdb	GG	14.264816926475717
7BG9.pdb	CG	17.98185664026152
7BG9.pdb	GG	11.450489673673955
7BG9.pdb	AG	12.285665052381717
7BG9.pdb	GG	12.780141096524536
7BG9.pdb	CG	11.81537929142151
7BG9.pdb	AG	11.960696466072195
7BG9.pdb	AG	11.283366616149957
7BG9.pdb	AG	17.81491775353149
7BG9.pdb	AC	17.80391065525951
7BG9.pdb	CC	14.23650208311448
7BG9.pdb	CU	13.953405831026027
7BG9.pdb	CU	15.310835584083812
7BG9.pdb	CU	17.837735044041796
7BG9.pdb	CC	17.274637849467474
7BG9.pdb	AC	16.319200646240873
7BG9.pdb	CG	14.081597997988505
7BG9.pdb	CC	11.88685388775251
7BG9.pdb	CG	12.114894761685193
7BG9.pdb	CG	14.978037635565348
7BG9.pdb	CG	18.30934129291899
7BG9.pdb	CG	16.664842084704933
7BG9.pdb	AC	15.967405299754581
7BG9.pdb	CG	14.781877229959207
7BG9.pdb	CC	11.647213412147286
7BG9.pdb	AC	9.925242542980998
7BG9.pdb	AC	7.6653664199115665
7BG9.pdb	AC	13.004243044228609
7BG9.pdb	CC	17.216852659616794
7BG9.pdb	AC	18.18638362637881
7BG9.pdb	GU	19.26712307174513
7BG9.pdb	AU	15.173615099197146
7BG9.pdb	CU	12.996453637369486
7BG9.pdb	UU	14.179229966381975
7BG9.pdb	UU	15.803899752476271
7BG9.pdb	UU	17.578358592191627
7BG9.pdb	CU	15.92126276582139
7BG9.pdb	AU	14.208369054158043
7BG9.pdb	GU	12.188745295433408
7BG9.pdb	CU	11.883736510544704
7BG9.pdb	GU	14.408561586302458
7BG9.pdb	GU	18.666913936320572
7BG9.pdb	GU	19.924465213268615
7BG9.pdb	CU	15.852679843992153
7BG9.pdb	AU	12.516405027975996
7BG9.pdb	AU	8.194472213997983
7BG9.pdb	AU	9.781210017130302
7BG9.pdb	CU	12.612837412069416
7BG9.pdb	AU	13.007440428267245
7BG9.pdb	AU	16.443580556819807
7BG9.pdb	AU	19.36163595349168
7BG9.pdb	GU	19.762053238742126
7BG9.pdb	GU	19.48015252798837
7BG9.pdb	GG	15.749679663518059
7BG9.pdb	AG	12.980814640564324
7BG9.pdb	CG	11.857309542207828
7BG9.pdb	GU	13.759334536186204
7BG9.pdb	GU	15.250127874108822
7BG9.pdb	GU	16.26181128419382
7BG9.pdb	CG	14.122683245356107
7BG9.pdb	AG	12.743494502641346
7BG9.pdb	GG	12.475363365661234
7BG9.pdb	CG	14.436719344586558
7BG9.pdb	GG	18.47586379686481
7BG9.pdb	AG	17.844298714071112
7BG9.pdb	AG	12.793041998657161
7BG9.pdb	AG	11.446962624424025
7BG9.pdb	CG	11.433118833921087
7BG9.pdb	AG	9.461158923809979
7BG9.pdb	AG	11.888908944164658
7BG9.pdb	AG	14.508212859871781
7BG9.pdb	AG	16.722089383557908
7BG9.pdb	AG	19.264213368584585
7BG9.pdb	CU	18.223819596984274
7BG9.pdb	UU	15.653239342282983
7BG9.pdb	GU	13.676703906312659
7BG9.pdb	AU	13.384518779722235
7BG9.pdb	CU	14.031286663514573
7BG9.pdb	UU	16.527465405562463
7BG9.pdb	UU	17.811937076220957
7BG9.pdb	UU	17.937660900731895
7BG9.pdb	CU	15.504091184909038
7BG9.pdb	AU	14.549134359313573
7BG9.pdb	GU	15.78695731451012
7BG9.pdb	CU	19.166379204806667
7BG9.pdb	AU	18.626870438130823
7BG9.pdb	AU	15.476683672767177
7BG9.pdb	CU	12.920596225985385
7BG9.pdb	AU	8.621797151373586
7BG9.pdb	AU	8.875133815370264
7BG9.pdb	AU	10.83860890679662
7BG9.pdb	AU	13.652612237134681
7BG9.pdb	AU	17.236946649970893
7BG9.pdb	CU	19.43333950086971
7BG9.pdb	GU	18.521432738934934
7BG9.pdb	CU	15.26847641905077
7BG9.pdb	UU	14.56628081189456
7BG9.pdb	GU	14.759981814381073
7BG9.pdb	AU	16.037499863593833
7BG9.pdb	CU	16.87495740980951
7BG9.pdb	UU	18.8253881022107
7BG9.pdb	UU	19.36976305811525
7BG9.pdb	UU	18.568010538585163
7BG9.pdb	CU	16.26215970039352
7BG9.pdb	AU	16.222792435212963
7BG9.pdb	GU	18.912293590401347
7BG9.pdb	CU	16.84277714574345
7BG9.pdb	AU	11.575579978537405
7BG9.pdb	AU	8.79876778335949
7BG9.pdb	AU	8.125834031730925
7BG9.pdb	AU	10.42717487977242
7BG9.pdb	AU	14.583735524179424
7BG9.pdb	AU	18.447565373638565
7BG9.pdb	UU	17.326361877843173
7BG9.pdb	CU	18.616426960171292
7BG9.pdb	GU	14.968319017669337
7BG9.pdb	CU	13.737109150848772
7BG9.pdb	UU	15.180957360502154
7BG9.pdb	GU	16.62321216664725
7BG9.pdb	AU	18.047934792400856
7BG9.pdb	CU	17.995593874286772
7BG9.pdb	UU	18.770907333231357
7BG9.pdb	UU	18.4606557535173
7BG9.pdb	UU	17.119365330297246
7BG9.pdb	CU	15.949015450337352
7BG9.pdb	AU	17.774080881126924
7BG9.pdb	AU	16.80413290162193
7BG9.pdb	AU	12.652417945014918
7BG9.pdb	AU	8.749473516835984
7BG9.pdb	AU	7.1216364365476865
7BG9.pdb	AU	10.027795645997744
7BG9.pdb	AU	13.971935420606505
7BG9.pdb	UU	17.745903799366708
7BG9.pdb	GU	16.88462139879581
7BG9.pdb	CU	15.959102142594872
7BG9.pdb	GU	14.286839653487757
7BG9.pdb	CU	15.209701551069065
7BG9.pdb	UU	17.687134861372623
7BG9.pdb	GU	19.21294553742741
7BG9.pdb	AU	19.97532569259085
7BG9.pdb	CU	18.69261120722394
7BG9.pdb	UU	18.048869379594038
7BG9.pdb	UU	16.89524115236338
7BG9.pdb	UU	15.415849790019612
7BG9.pdb	CU	15.956821199232028
7BG9.pdb	AU	19.559033020235642
7BG9.pdb	AU	17.46706296961685
7BG9.pdb	AU	12.566588001824211
7BG9.pdb	AU	7.544676604658301
7BG9.pdb	AU	6.146313918319809
7BG9.pdb	AU	8.90523968181057
7BG9.pdb	UU	12.457562762019908
7BG9.pdb	GU	13.08195375414817
7BG9.pdb	UU	17.817817469772656
7BG9.pdb	GU	13.657113502471407
7BG9.pdb	CU	15.859153968700781
7BG9.pdb	UU	18.648446572186177
7BG9.pdb	CU	18.826775173340113
7BG9.pdb	UU	17.630854342876983
7BG9.pdb	UU	16.745340949038706
7BG9.pdb	UU	16.30716059261378
7BG9.pdb	CU	18.53760334403943
7BG9.pdb	AU	17.754904068303205
7BG9.pdb	AU	12.265888821993867
7BG9.pdb	AU	8.203791024472762
7BG9.pdb	AU	6.393342933886128
7BG9.pdb	UU	8.00567014486253
7BG9.pdb	GU	9.325676879404032
7BG9.pdb	UU	14.551944154790675
7BG9.pdb	CU	19.429483299396587
7BG9.pdb	CC	13.78826627582824
7BG9.pdb	CU	16.500188467245867
7BG9.pdb	CG	18.185991951500256
7BG9.pdb	AC	18.975379120384474
7BG9.pdb	CC	18.07540057999286
7BG9.pdb	CU	17.823683923692688
7BG9.pdb	CU	18.621575292824673
7BG9.pdb	CU	19.905207040658798
7BG9.pdb	AC	17.485476505807657
7BG9.pdb	AC	13.717463890776187
7BG9.pdb	AC	9.95466177082146
7BG9.pdb	CU	8.633871883572441
7BG9.pdb	CG	7.172759190095899
7BG9.pdb	CU	10.949448841725859
7BG9.pdb	CC	14.97407166191961
7BG9.pdb	AC	17.13587846472572
7BG9.pdb	CG	19.070416644581346
7BG9.pdb	CC	19.740241282887855
7BG9.pdb	UU	14.898997536640518
7BG9.pdb	GU	17.844084052553107
7BG9.pdb	AU	18.707205727324595
7BG9.pdb	AU	15.573461178082322
7BG9.pdb	UU	13.99801565905757
7BG9.pdb	GU	11.602713653944466
7BG9.pdb	UU	13.277608394433807
7BG9.pdb	CU	15.087447640945438
7BG9.pdb	AU	15.426195755771186
7BG9.pdb	GU	15.807034926397595
7BG9.pdb	CU	15.211863816151078
7BG9.pdb	UU	16.040826172881903
7BG9.pdb	GU	15.727135752294673
7BG9.pdb	CU	16.097510872300557
7BG9.pdb	UU	19.121832218970464
7BG9.pdb	AC	19.05604526450892
7BG9.pdb	CU	17.934882802257004
7BG9.pdb	CG	16.410546456776743
7BG9.pdb	CU	18.36240725456167
7BG9.pdb	CC	19.72731228747846
7BG9.pdb	AC	19.12817141190353
7BG9.pdb	CG	18.112832912840197
7BG9.pdb	CC	15.695449877561435
7BG9.pdb	CU	14.594459585115063
7BG9.pdb	CG	13.206006862531586
7BG9.pdb	CC	12.291530458287488
7BG9.pdb	CU	14.772640772957125
7BG9.pdb	CG	19.28409126217378
7BG9.pdb	AG	19.501470658211407
7BG9.pdb	GU	19.6701636852844
7BG9.pdb	GG	17.328944029421855
7BG9.pdb	GU	19.08000137059796
7BG9.pdb	CG	19.870506403395225
7BG9.pdb	AG	18.60937985435134
7BG9.pdb	GG	16.986418541710677
7BG9.pdb	CG	14.267148274039757
7BG9.pdb	GU	12.79409119280118
7BG9.pdb	GG	12.986319237398936
7BG9.pdb	CG	13.688024817472813
7BG9.pdb	GU	16.768930938937157
7BG9.pdb	CC	19.63902373883718
7BG9.pdb	CG	17.984815842274152
7BG9.pdb	CU	18.717686599020418
7BG9.pdb	CC	18.42962137873742
7BG9.pdb	AC	16.495560618147838
7BG9.pdb	CG	14.617467705331855
7BG9.pdb	CC	12.631133652230625
7BG9.pdb	CU	12.25197537687929
7BG9.pdb	CG	14.497611509850447
7BG9.pdb	CC	17.126582076236662
7BG9.pdb	GU	18.48947791011323
7BG9.pdb	UU	17.891170358733365
7BG9.pdb	CU	16.39537224990324
7BG9.pdb	AU	14.04843822725562
7BG9.pdb	GU	12.579178976291795
7BG9.pdb	CU	12.513649814335867
7BG9.pdb	UU	14.140040688386378
7BG9.pdb	GU	17.655776932282166
7BG9.pdb	GG	17.83697129002855
7BG9.pdb	GU	16.22657040701372
7BG9.pdb	CG	14.258600246530944
7BG9.pdb	AG	12.71931381519658
7BG9.pdb	GG	13.13453160911061
7BG9.pdb	CG	15.52401210461555
7BG9.pdb	GU	18.706674099705317
7BG9.pdb	AG	16.33393216202637
7BG9.pdb	AU	14.10678124613114
7BG9.pdb	AC	12.645077340845063
7BG9.pdb	AA	13.104772895044402
7BG9.pdb	AG	15.769047793180032
7BG9.pdb	AC	19.69305401421419
7BG9.pdb	CC	17.826785342794945
7BG9.pdb	AC	19.7766386870052
7BG9.pdb	AC	18.814511285254458
7BG9.pdb	AC	17.03312356918737
7BG9.pdb	CU	18.108204239461724
7BG9.pdb	CG	13.46173569981943
7BG9.pdb	CU	11.803105684744478
7BG9.pdb	CC	12.697835711716895
7BG9.pdb	AC	15.621574802507004
7BG9.pdb	CG	19.731800285357465
7BG9.pdb	CU	19.37461061565263
7BG9.pdb	AU	18.056724657439368
7BG9.pdb	AU	18.523273812877477
7BG9.pdb	AU	16.398613762824375
7BG9.pdb	AU	13.959941416852608
7BG9.pdb	UU	15.075944995729706
7BG9.pdb	GU	11.838546187828126
7BG9.pdb	UU	11.53145566582003
7BG9.pdb	CU	14.80925032940189
7BG9.pdb	AU	19.153190630073052
7BG9.pdb	GU	18.624660206209242
7BG9.pdb	CU	16.228657200614453
7BG9.pdb	UU	16.347007403322873
7BG9.pdb	CU	19.549535241266952
7BG9.pdb	GU	18.027358120370614
7BG9.pdb	CU	19.27470300338981
7BG9.pdb	AU	19.10349683582852
7BG9.pdb	AU	16.01419639047721
7BG9.pdb	AU	13.34331063294914
7BG9.pdb	AU	11.584516185562144
7BG9.pdb	UU	13.700751049262287
7BG9.pdb	GU	12.924923630849586
7BG9.pdb	UU	14.79697581723313
7BG9.pdb	CU	19.504167471182797
7BG9.pdb	GU	18.945090050056532
7BG9.pdb	CU	16.52864655525764
7BG9.pdb	UU	17.810599901021
7BG9.pdb	CU	17.96002100364894
7BG9.pdb	AU	18.42454771914569
7BG9.pdb	AU	15.929982864711697
7BG9.pdb	AU	12.609451540279217
7BG9.pdb	AU	10.347207231665044
7BG9.pdb	AU	11.009545956718302
7BG9.pdb	UU	14.590135380420023
7BG9.pdb	GU	15.693360283093613
7BG9.pdb	UU	19.05912146144469
7BG9.pdb	CG	18.658487020214046
7BG9.pdb	AC	18.34404095388367
7BG9.pdb	AC	19.131846962030153
7BG9.pdb	CC	19.13692352871887
7BG9.pdb	AC	16.09127241902553
7BG9.pdb	AC	13.875943865502794
7BG9.pdb	AC	12.066935075417515
7BG9.pdb	AC	10.648346657151325
7BG9.pdb	AC	11.23895608116162
7BG9.pdb	AC	14.556684260009122
7BG9.pdb	CU	18.90555384483448
7BG9.pdb	CG	19.71598386020756
7BG9.pdb	AA	14.967155521411927
7BG9.pdb	AA	14.480305986513336
7BG9.pdb	AC	14.272919964770152
7BG9.pdb	AA	12.062545034045572
7BG9.pdb	AA	10.931218052504192
7BG9.pdb	AA	11.455533243017053
7BG9.pdb	AA	13.067817015392654
7BG9.pdb	AA	15.802896691581534
7BG9.pdb	AA	19.949074009553506
7BG9.pdb	AG	15.62633506919897
7BG9.pdb	AG	10.34484631450138
7BG9.pdb	AG	9.701765345506265
7BG9.pdb	CG	10.912131814498746
7BG9.pdb	AG	11.119321328295857
7BG9.pdb	AG	12.649717313879318
7BG9.pdb	AG	15.385879067461584
7BG9.pdb	AG	18.240085232261126
7BG9.pdb	CC	16.343081616267888
7BG9.pdb	AC	11.12952768953892
7BG9.pdb	AC	6.8393527895489905
7BG9.pdb	AC	9.361872991513641
7BG9.pdb	CC	13.035326091652298
7BG9.pdb	AC	14.88542429287402
7BG9.pdb	AC	17.482229892527464
7BG9.pdb	AG	19.325043006525092
7BG9.pdb	GG	16.5163959115848
7BG9.pdb	CG	12.389795963527357
7BG9.pdb	AG	8.195011362657398
7BG9.pdb	AG	7.351187227321823
7BG9.pdb	AG	12.777559228905
7BG9.pdb	CG	17.652811578364194
7BG9.pdb	GG	18.236830499172257
7BG9.pdb	AG	16.808256287839452
7BG9.pdb	GG	14.297506544205339
7BG9.pdb	CG	11.833523175740503
7BG9.pdb	AG	10.215318406307444
7BG9.pdb	AG	11.904631203818132
7BG9.pdb	AG	18.045890305752504
7BG9.pdb	GG	16.16806452890818
7BG9.pdb	AG	16.48515626436771
7BG9.pdb	GG	15.961413509892655
7BG9.pdb	CG	15.831416909720696
7BG9.pdb	AG	15.860123148450377
7BG9.pdb	AG	17.303526527855055
7BG9.pdb	CG	17.45924355370212
7BG9.pdb	AC	19.67416377583861
7BG9.pdb	AC	19.230225884808565
7BG9.pdb	CG	18.626301899618145
7BG9.pdb	CG	16.45900727055194
7BG9.pdb	CU	18.716187356544207
7BG9.pdb	CC	19.77811960766575
7BG9.pdb	GU	18.84050723111715
7BG9.pdb	CC	19.192913780314875
7BG9.pdb	CC	17.993785754210865
7BG9.pdb	CC	14.254979445811825
7BG9.pdb	CG	19.507299507860978
7BG9.pdb	GU	14.309012143944843
7BG9.pdb	CU	18.85989074731265
7BG9.pdb	CG	15.780653740709306
7BG9.pdb	CG	19.71726611858871
7BG9.pdb	CC	16.45168905694825
7BG9.pdb	CU	18.680354655489005
7BG9.pdb	CU	18.157004893928594
7BG9.pdb	AG	19.706347075884775
7BG9.pdb	GG	15.273666750786585
7BG9.pdb	AA	19.63920080849476
7BG9.pdb	AA	19.705183413096528
7BG9.pdb	AG	18.02536476160317
7BG9.pdb	AU	18.73946290155951
7BG9.pdb	AC	19.51780376889888
7BG9.pdb	AU	19.423168549401712
7BG9.pdb	UU	19.929536213013737
7BG9.pdb	CU	18.10632608680847
7BG9.pdb	UU	15.984194032997868
7BG9.pdb	CU	18.242547454144216
7BG9.pdb	GG	19.850802712214964
7BG9.pdb	CG	17.280391858925412
7BG9.pdb	GU	14.231628836666252
7BG9.pdb	CG	15.375254331123925
7BG9.pdb	GU	19.758882992322615
7BG9.pdb	CU	15.837451658860143
7BG9.pdb	UU	11.893267197558332
7BG9.pdb	CU	11.634163324486437
7BG9.pdb	UU	15.350699834650495
7BG9.pdb	GU	19.46320496004356
7BG9.pdb	CC	19.32141768062871
7BG9.pdb	CU	14.95303584900827
7BG9.pdb	CC	12.47957713751929
7BG9.pdb	CU	13.905988639056202
7BG9.pdb	CG	16.61605208245766
7BG9.pdb	AG	19.783160196504284
7BG9.pdb	AC	17.04410556843748
7BG9.pdb	AU	16.9156188661824
7BG9.pdb	AG	18.73170572664257
7BG9.pdb	CG	19.83360685574444
7BG9.pdb	CU	19.00644054956098
7BG9.pdb	GU	16.874802083122038
7BG9.pdb	GG	17.407151434451688
7BG9.pdb	CC	18.690351046325944
7BG9.pdb	GG	19.63453881650394
7BG9.pdb	CU	17.128819374863035
7BG9.pdb	CC	15.15037100178124
7BG9.pdb	CG	18.936809565373032
7BG9.pdb	GG	14.35493607600805
7BG9.pdb	CG	18.207742451808283
7BG9.pdb	CU	17.408131717352248
7BG9.pdb	CC	17.82798898445697
7BG9.pdb	CG	17.69618631303035
7BG9.pdb	CG	15.173209118866888
7BG9.pdb	CU	14.59103380642997
7BG9.pdb	CC	16.738109826984516
7BG9.pdb	CU	18.275149302329186
7BG9.pdb	CC	15.680730605938976
7BG9.pdb	CU	15.678190366103523
7BG9.pdb	CC	15.296860872984897
7BG9.pdb	CG	13.689029197982125
7BG9.pdb	CG	17.94065260572152
7BG9.pdb	CG	18.890724508909713
7BG9.pdb	GG	16.541793914478255
7BG9.pdb	GG	14.779792346101603
7BG9.pdb	GG	13.714205093014693
7BG9.pdb	GU	14.321532009361608
7BG9.pdb	CG	16.70049412500709
7BG9.pdb	GU	17.772512378313724
7BG9.pdb	CG	15.360066829848463
7BG9.pdb	GU	14.614594144763462
7BG9.pdb	CG	13.806885572975808
7BG9.pdb	GG	12.387450240586311
7BG9.pdb	AC	17.98630284975204
7BG9.pdb	AC	17.814249063542903
7BG9.pdb	AG	16.9590225831131
7BG9.pdb	AC	15.313710298720924
7BG9.pdb	AG	14.357809396426546
7BG9.pdb	AG	13.869929458272258
7BG9.pdb	AG	13.638764395938418
7BG9.pdb	AU	14.358608629124511
7BG9.pdb	AC	16.051357530760193
7BG9.pdb	AU	16.287305838786857
7BG9.pdb	AC	14.33008792011868
7BG9.pdb	AU	13.365925171662031
7BG9.pdb	AC	13.030479090332891
7BG9.pdb	AG	13.077771259897373
7BG9.pdb	AC	19.433628122848035
7BG9.pdb	AC	19.33307024037784
7BG9.pdb	AC	16.563776938573273
7BG9.pdb	AG	16.12972867015367
7BG9.pdb	AC	16.31260015154593
7BG9.pdb	AG	16.643711310555766
7BG9.pdb	AG	16.512005304485943
7BG9.pdb	AG	15.806051038729588
7BG9.pdb	AU	15.212729328313367
7BG9.pdb	AC	15.045386892504146
7BG9.pdb	AU	13.652702309302663
7BG9.pdb	AC	11.898283039225475
7BG9.pdb	AU	10.907764487606308
7BG9.pdb	AC	11.86307180832197
7BG9.pdb	AG	14.183346090308948
7BG9.pdb	CC	19.71579926138238
7BG9.pdb	CG	18.381129034726868
7BG9.pdb	CC	18.876858735903117
7BG9.pdb	CG	18.852028076709576
7BG9.pdb	CG	17.779381645862077
7BG9.pdb	CG	15.825088660963056
7BG9.pdb	CU	13.620315380515011
7BG9.pdb	CC	11.647537357500289
7BG9.pdb	CU	9.204700522854921
7BG9.pdb	CC	9.133983065114489
7BG9.pdb	CU	10.486469522883239
7BG9.pdb	CC	13.819730237908733
7BG9.pdb	CG	17.69308143693083
7BG9.pdb	CG	18.924602205123232
7BG9.pdb	CC	18.877419976964298
7BG9.pdb	CG	18.13851710016453
7BG9.pdb	CG	16.29000377906335
7BG9.pdb	CG	13.809430770421569
7BG9.pdb	CU	11.274463041107463
7BG9.pdb	CC	9.14255004141546
7BG9.pdb	CU	8.441763359579575
7BG9.pdb	CC	12.032344730795964
7BG9.pdb	CU	15.651096603332478
7BG9.pdb	CC	19.707270881603733
7BG9.pdb	CG	18.830994033192788
7BG9.pdb	CC	17.86418059039563
7BG9.pdb	CG	16.389046979174147
7BG9.pdb	CG	14.204691901082438
7BG9.pdb	CG	12.243658690113389
7BG9.pdb	CU	11.166601043930717
7BG9.pdb	CC	11.106203172230336
7BG9.pdb	CU	13.048530911516066
7BG9.pdb	CC	17.68605709704496
7BG9.pdb	CG	17.526252917826525
7BG9.pdb	CC	15.583722958033231
7BG9.pdb	CG	13.738237297910358
7BG9.pdb	CG	12.230607019991494
7BG9.pdb	CG	12.319067165266064
7BG9.pdb	CU	13.915362928292527
7BG9.pdb	CC	16.028289830082617
7BG9.pdb	CU	19.00900863452789
7BG9.pdb	GG	15.848627133629632
7BG9.pdb	CG	13.783319120961604
7BG9.pdb	GG	12.807917519526466
7BG9.pdb	GG	13.284475223259633
7BG9.pdb	GG	15.57739667071081
7BG9.pdb	GU	18.675596686833636
7BG9.pdb	CC	19.589153820392635
7BG9.pdb	CG	13.189125258069463
7BG9.pdb	CC	11.2384541512924
7BG9.pdb	CG	11.857944590194764
7BG9.pdb	CG	14.63902016947301
7BG9.pdb	CG	18.597249789485783
7BG9.pdb	CG	18.83158623449827
7BG9.pdb	CC	16.585344333595277
7BG9.pdb	CG	10.953196177354647
7BG9.pdb	CC	11.101784762897696
7BG9.pdb	CG	14.237607895556424
7BG9.pdb	CG	18.517722323049302
7BG9.pdb	CG	18.89754826385353
7BG9.pdb	GG	19.54576034772286
7BG9.pdb	CG	19.282535839697694
7BG9.pdb	GG	17.781834305770744
7BG9.pdb	GG	18.954005641594797
7BG9.pdb	CG	17.225698582320764
7BG9.pdb	CG	14.561123629333494
7BG9.pdb	GG	13.5275685800359
7BG9.pdb	CG	17.124004814884554
7BG9.pdb	AC	18.679877948614024
7BG9.pdb	AC	16.159106071205006
7BG9.pdb	AG	15.925483185573515
7BG9.pdb	AC	16.95995318457687
7BG9.pdb	AG	16.986293429324952
7BG9.pdb	AG	18.602367125194
7BG9.pdb	AC	17.104248721378465
7BG9.pdb	AC	15.040266975288501
7BG9.pdb	AG	14.917904746577747
7BG9.pdb	AC	17.632049330773835
7BG9.pdb	GG	19.231114183773908
7BG9.pdb	AG	17.438922900594445
7BG9.pdb	CG	14.999656569021992
7BG9.pdb	CG	14.03219574637948
7BG9.pdb	GG	15.072133119098181
7BG9.pdb	CG	16.842380504341303
7BG9.pdb	GG	17.68076562737731
7BG9.pdb	GG	17.42123722657896
7BG9.pdb	CG	15.26580014233284
7BG9.pdb	CG	13.440262151038578
7BG9.pdb	GG	14.216257848310036
7BG9.pdb	CG	15.864343767308997
7BG9.pdb	CG	19.923679758880812
7BG9.pdb	CG	18.47190862457551
7BG9.pdb	AG	16.756181749904325
7BG9.pdb	CG	16.06381425982199
7BG9.pdb	CG	16.258331918499014
7BG9.pdb	GG	17.188323958618486
7BG9.pdb	CG	18.333441143934976
7BG9.pdb	GG	18.769473511698106
7BG9.pdb	AG	18.08248664943331
7BG9.pdb	GG	15.765464428795742
7BG9.pdb	CG	12.631664480006764
7BG9.pdb	CG	11.06386188854343
7BG9.pdb	GG	12.982641163872916
7BG9.pdb	CG	14.05561380726722
7BG9.pdb	GG	18.690524200507884
7BG9.pdb	CG	19.222475410358893
7BG9.pdb	CC	19.603169875995405
7BG9.pdb	CC	17.35825733828975
7BG9.pdb	AC	17.105478369634337
7BG9.pdb	CC	17.216405512073276
7BG9.pdb	CC	17.43237391052836
7BG9.pdb	CG	17.454678734929896
7BG9.pdb	CC	17.678153579934143
7BG9.pdb	CG	17.841609550803152
7BG9.pdb	AC	13.957071739469885
7BG9.pdb	CG	13.083034080294416
7BG9.pdb	CC	10.368800663285812
7BG9.pdb	CC	11.021166810408271
7BG9.pdb	CG	15.078166030384171
7BG9.pdb	CC	16.72952525773587
7BG9.pdb	CG	19.65463781952526
7BG9.pdb	CG	19.62840521446393
7BG9.pdb	CC	17.89500023509091
7BG9.pdb	CC	17.50690127450214
7BG9.pdb	AC	18.33191094248144
7BG9.pdb	CC	18.65133198022428
7BG9.pdb	CC	18.452541745838996
7BG9.pdb	CG	17.350717069222434
7BG9.pdb	CC	16.590784138254644
7BG9.pdb	CG	16.731886566341043
7BG9.pdb	CC	16.708318036366204
7BG9.pdb	AC	9.841896463223588
7BG9.pdb	CG	11.3733089527948
7BG9.pdb	CC	10.750764261512392
7BG9.pdb	CC	14.048779456882166
7BG9.pdb	CG	19.46088692980792
7BG9.pdb	GG	18.87873104162965
7BG9.pdb	CG	18.941060432623715
7BG9.pdb	CG	19.513828570149656
7BG9.pdb	CG	19.682183609672354
7BG9.pdb	CG	18.331539634871383
7BG9.pdb	GG	15.696456321461097
7BG9.pdb	CG	13.776112756671706
7BG9.pdb	GG	14.100708724779274
7BG9.pdb	AG	16.502026071781163
7BG9.pdb	GG	18.90305179896292
7BG9.pdb	GU	15.967268232043402
7BG9.pdb	CG	12.60376841700444
7BG9.pdb	AG	6.7971080491723015
7BG9.pdb	GG	10.47039610603493
7BG9.pdb	CG	12.906194800262167
7BG9.pdb	CG	17.77176791265564
7BG9.pdb	CU	17.316521825245783
7BG9.pdb	CG	17.51780780887309
7BG9.pdb	CC	18.847390048433738
7BG9.pdb	CC	19.7313249092103
7BG9.pdb	CC	18.924340757286956
7BG9.pdb	CC	16.98104799737101
7BG9.pdb	CG	13.817258437145085
7BG9.pdb	CC	12.075501440745631
7BG9.pdb	CG	13.991557496670548
7BG9.pdb	AC	15.65838468153924
7BG9.pdb	AC	18.037134554340167
7BG9.pdb	CG	19.6330120689864
7BG9.pdb	CU	19.71607326516016
7BG9.pdb	CG	15.99857169247115
7BG9.pdb	CU	14.950479607483238
7BG9.pdb	CC	13.980209942005208
7BG9.pdb	AC	10.38600375714125
7BG9.pdb	CG	13.963600915727369
7BG9.pdb	CC	17.667596814722632
7BG9.pdb	GU	15.372061943878366
7BG9.pdb	GG	16.140800695252697
7BG9.pdb	CG	17.755368886704428
7BG9.pdb	CG	18.04089722285935
7BG9.pdb	AG	17.579189642885044
7BG9.pdb	CG	15.853513355823033
7BG9.pdb	CG	13.8360142098966
7BG9.pdb	GG	11.507606442429838
7BG9.pdb	CG	11.851125510539223
7BG9.pdb	GG	16.025021569711544
7BG9.pdb	AG	18.385668296270882
7BG9.pdb	AG	18.8124237987789
7BG9.pdb	GG	18.569077158076933
7BG9.pdb	GG	18.374112121356355
7BG9.pdb	GU	18.88167337554044
7BG9.pdb	CG	19.53776520862264
7BG9.pdb	AG	16.256949522552905
7BG9.pdb	GG	18.81815645884747
7BG9.pdb	GG	19.045132680045732
7BG9.pdb	GU	15.322429975709525
7BG9.pdb	GG	16.11134408829953
7BG9.pdb	CG	17.557858356042907
7BG9.pdb	CG	17.122012288624525
7BG9.pdb	AG	15.93331311627962
7BG9.pdb	CG	13.896692526741854
7BG9.pdb	CG	12.362901978584853
7BG9.pdb	GG	11.79453041475756
7BG9.pdb	CG	14.187736532283342
7BG9.pdb	GG	19.429140580088028
7BG9.pdb	CU	18.506899372327215
7BG9.pdb	UU	16.58823386345259
7BG9.pdb	GU	16.668140405059216
7BG9.pdb	CU	17.402723427552424
7BG9.pdb	CU	16.04544397761041
7BG9.pdb	AU	14.201623714155001
7BG9.pdb	CU	12.354833962665582
7BG9.pdb	CU	12.197351752844497
7BG9.pdb	GU	14.01951971963533
7BG9.pdb	CU	17.951082315733604
7BG9.pdb	CC	18.29639382063306
7BG9.pdb	CC	19.554541042528495
7BG9.pdb	CU	18.598077973444465
7BG9.pdb	CG	17.824934819470233
7BG9.pdb	CC	17.755899161786854
7BG9.pdb	CC	15.734851586224314
7BG9.pdb	AC	13.726565637283503
7BG9.pdb	CC	12.927531151271749
7BG9.pdb	CC	14.62715319483156
7BG9.pdb	CG	18.243451621404997
7BG9.pdb	CG	16.976571221456084
7BG9.pdb	GU	19.42489430339061
7BG9.pdb	GG	17.184725408640826
7BG9.pdb	CG	15.920500852327669
7BG9.pdb	CG	13.44222354258488
7BG9.pdb	AG	12.077785622124347
7BG9.pdb	CG	13.311135221658427
7BG9.pdb	CG	16.937447434897
7BG9.pdb	GU	18.836529938571545
7BG9.pdb	GG	15.211519797158608
7BG9.pdb	CG	12.957591714396326
7BG9.pdb	CG	11.032178618681979
7BG9.pdb	AG	11.694176700489455
7BG9.pdb	CG	15.230598001397617
7BG9.pdb	CG	19.996458903309158
7BG9.pdb	AC	18.099504358206268
7BG9.pdb	CC	17.290944451386835
7BG9.pdb	CU	17.112573156177202
7BG9.pdb	CG	13.081873456928305
7BG9.pdb	CC	11.238766640384219
7BG9.pdb	CC	11.80224259340254
7BG9.pdb	AC	14.720057266573596
7BG9.pdb	CC	19.236579877310543
7BG9.pdb	CG	19.15981277565558
7BG9.pdb	AC	16.166419313534032
7BG9.pdb	CG	19.193984130936467
7BG9.pdb	AC	16.960064083583557
7BG9.pdb	CC	13.176110753812702
7BG9.pdb	CU	14.660449208205922
7BG9.pdb	CG	11.748151654107582
7BG9.pdb	CC	12.108802588396806
7BG9.pdb	CC	15.247381138914958
7BG9.pdb	AC	19.10057069763548
7BG9.pdb	CG	16.891295810284856
7BG9.pdb	AC	13.413050911091792
7BG9.pdb	CG	15.760697621852167
7BG9.pdb	CG	17.151388313861744
7BG9.pdb	CC	18.63613537257226
7BG9.pdb	AC	19.857179558403825
7BG9.pdb	CC	18.7143802505633
7BG9.pdb	CC	18.516751227369507
7BG9.pdb	CC	16.23252758236556
7BG9.pdb	AC	13.525148601133212
7BG9.pdb	CC	11.453749799471789
7BG9.pdb	CU	14.830596343376266
7BG9.pdb	CG	14.314967518041712
7BG9.pdb	CC	16.457458755345293
7BG9.pdb	CC	19.99238522342106
7BG9.pdb	GG	18.75808627490797
7BG9.pdb	GG	16.121614610351926
7BG9.pdb	AG	14.311545444721819
7BG9.pdb	GG	17.395519409487747
7BG9.pdb	GG	18.566418326710036
7BG9.pdb	CG	19.634033626540987
7BG9.pdb	CG	17.957803604939436
7BG9.pdb	CG	16.37705611644819
7BG9.pdb	CG	13.557445378409914
7BG9.pdb	AG	11.555902659129853
7BG9.pdb	CG	12.032517981216245
7BG9.pdb	GU	17.23976634299599
7BG9.pdb	GG	17.85113554714986
7BG9.pdb	GU	19.293046283557683
7BG9.pdb	CG	19.935656830556464
7BG9.pdb	GG	17.805167812529746
7BG9.pdb	GG	16.794824641737417
7BG9.pdb	AG	15.789890269266975
7BG9.pdb	GG	18.17792783785329
7BG9.pdb	GG	18.52935383884747
7BG9.pdb	CG	18.94902747652696
7BG9.pdb	CG	16.093196904437608
7BG9.pdb	CG	13.876729304062659
7BG9.pdb	CG	12.050404948305948
7BG9.pdb	AG	12.376958441647108
7BG9.pdb	CG	15.31771763082838
7BG9.pdb	GU	18.265710539630327
7BG9.pdb	CG	19.22314261587102
7BG9.pdb	GG	18.757583275060792
7BG9.pdb	GG	18.66786300028622
7BG9.pdb	AG	17.610191245358884
7BG9.pdb	GG	18.459574867290538
7BG9.pdb	GG	17.555875309852915
7BG9.pdb	CG	17.078507793972875
7BG9.pdb	AG	19.039374011160778
7BG9.pdb	CG	13.49172427911791
7BG9.pdb	CG	11.495836496502635
7BG9.pdb	CG	12.131525519095025
7BG9.pdb	AG	14.969540955318182
7BG9.pdb	CG	19.18115254935818
7BG9.pdb	CG	19.11767427439556
7BG9.pdb	CG	18.714753186913132
7BG9.pdb	AG	18.80406081702782
7BG9.pdb	GG	17.907617843835883
7BG9.pdb	GG	15.79686375995873
7BG9.pdb	CG	14.640349806100408
7BG9.pdb	AG	16.9749686123105
7BG9.pdb	CG	11.663873690409547
7BG9.pdb	CG	11.41690399518938
7BG9.pdb	CG	14.848813674885882
7BG9.pdb	AG	19.00798803676083
7BG9.pdb	CU	18.627577305788023
7BG9.pdb	CC	17.424771502002006
7BG9.pdb	AC	18.519772410111223
7BG9.pdb	CG	15.889489249670047
7BG9.pdb	CG	13.017945903072922
7BG9.pdb	CC	12.099636763262385
7BG9.pdb	AC	15.463641754548254
7BG9.pdb	CC	12.23960403227287
7BG9.pdb	CC	14.60303021543123
7BG9.pdb	CC	19.44187982177706
7BG9.pdb	CU	18.807797205435246
7BG9.pdb	CU	15.3431557458515
7BG9.pdb	GU	19.489362772738378
7BG9.pdb	GU	18.763968116297068
7BG9.pdb	AU	16.504798341163873
7BG9.pdb	GU	12.749276122532029
7BG9.pdb	GU	10.189135643805466
7BG9.pdb	CU	10.994251916232908
7BG9.pdb	AU	15.574174151751112
7BG9.pdb	CU	14.72223661722494
7BG9.pdb	CU	18.41365723878113
7BG9.pdb	CU	11.730381665308379
7BG9.pdb	GU	16.782856561644273
7BG9.pdb	GU	16.438098481517244
7BG9.pdb	AU	15.113918983145007
7BG9.pdb	GU	11.959876343808805
7BG9.pdb	GU	11.598905771451301
7BG9.pdb	CU	14.42977498395197
7BG9.pdb	AU	19.522898722009185
7BG9.pdb	CU	19.28322501603551
7BG9.pdb	CG	14.455702117142517
7BG9.pdb	CG	13.42435719830351
7BG9.pdb	AC	12.640342154563339
7BG9.pdb	CG	10.316826549030088
7BG9.pdb	CG	12.606501711379332
7BG9.pdb	CC	17.218923618246496
7BG9.pdb	GU	13.894196189796068
7BG9.pdb	AU	15.586342875881375
7BG9.pdb	GU	15.428967179533473
7BG9.pdb	GU	18.468151261242433
7BG9.pdb	AC	15.767556873371534
7BG9.pdb	CG	17.73478506862608
7BG9.pdb	CG	14.541929801434827
7BG9.pdb	CG	18.22430914554901
7BG9.pdb	CG	17.94340133797683
7BG9.pdb	CG	17.79178625452935
7BG9.pdb	CC	18.55848180419178
7BG9.pdb	CC	19.43010440871263
7BG9.pdb	CG	19.592583060123978
7BG9.pdb	AG	16.478966244174405
7BG9.pdb	GG	17.01882757531598
7BG9.pdb	AG	18.36652050107567
7BG9.pdb	GG	17.337464022211783
7BG9.pdb	CG	13.257435257161003
7BG9.pdb	AC	19.216845990654797
7BG9.pdb	CG	18.010259143565634
7BG9.pdb	CU	16.137425991666262
7BG9.pdb	CC	17.656715723802474
7BG9.pdb	AC	14.520653978315776
7BG9.pdb	CG	13.301764220507566
7BG9.pdb	CC	17.230776992149845
7BG9.pdb	GG	16.594286606005365
7BG9.pdb	GU	12.984601793674775
7BG9.pdb	CG	14.125697958750617
7BG9.pdb	AG	11.983438011013472
7BG9.pdb	GG	9.38951008013348
7BG9.pdb	CG	13.933934240305668
7BG9.pdb	CG	17.845351433738113
7BG9.pdb	AC	18.67754132999826
7BG9.pdb	AU	15.620788901909098
7BG9.pdb	AG	11.168097233129105
7BG9.pdb	AU	7.36757228679273
7BG9.pdb	AC	11.042835283008403
7BG9.pdb	AA	12.719641451285463
7BG9.pdb	AG	11.692281556987359
7BG9.pdb	AC	17.253977001674823
7BG9.pdb	AC	19.907296766994346
7BG9.pdb	AU	18.2557738310832
7BG9.pdb	AC	16.183384130495742
7BG9.pdb	AU	14.113146465594225
7BG9.pdb	AG	11.944155899053852
7BG9.pdb	AU	11.244923612733562
7BG9.pdb	AC	16.449885840355506
7BG9.pdb	AA	17.95523649264975
7BG9.pdb	AG	17.035899702158584
7BG9.pdb	CG	18.983068953412037
7BG9.pdb	GU	16.678965793587864
7BG9.pdb	CG	14.484835355951722
7BG9.pdb	GU	13.041446949017004
7BG9.pdb	GG	13.4392078640714
7BG9.pdb	GU	15.294478338936859
7BG9.pdb	AG	17.125395708876958
7BG9.pdb	AG	17.935478111333317
7BG9.pdb	AC	16.122398085679233
7BG9.pdb	AU	13.548806529799826
7BG9.pdb	AC	12.30408216467397
7BG9.pdb	AU	12.910717174790864
7BG9.pdb	AG	15.862422314927663
7BG9.pdb	AU	19.439146118118224
7BG9.pdb	GG	15.271184583898785
7BG9.pdb	GG	18.65915989986579
7BG9.pdb	CG	13.13221944383362
7BG9.pdb	GU	11.160616785059092
7BG9.pdb	CG	12.086309250621811
7BG9.pdb	GU	14.957568904844223
7BG9.pdb	GG	19.081343491352136
7BG9.pdb	GU	16.60043242268882
7BG9.pdb	CU	11.42753215659664
7BG9.pdb	UU	11.7509183811987
7BG9.pdb	CU	15.186866892852175
7BG9.pdb	UU	19.30423903019125
7BG9.pdb	CU	10.592687475364928
7BG9.pdb	UU	13.207603671815209
7BG9.pdb	CU	18.23340808050965
7BG9.pdb	GU	15.487381568085315
7BG9.pdb	CG	18.175663059384018
7BG9.pdb	CG	19.711008046307423
7BG9.pdb	UU	19.831610374079016
7BG9.pdb	GG	19.15070693484549
7BG9.pdb	CU	19.281531966151167
7BG9.pdb	CG	18.608926549680543
7BG9.pdb	UU	18.547082896477697
7QR4.pdb	GG	19.484016405471863
7QR4.pdb	CG	18.629213561612826
7QR4.pdb	GG	13.60344669595558
7QR4.pdb	GU	11.292665644656251
7QR4.pdb	GU	15.32828992951768
7QR4.pdb	GU	18.79779685697083
7QR4.pdb	CG	14.38697087659307
7QR4.pdb	GG	11.703589069882328
7QR4.pdb	CG	13.686723676087174
7QR4.pdb	AG	16.89042890638462
7QR4.pdb	GG	18.431397954128638
7QR4.pdb	CG	18.673029872870703
7QR4.pdb	CG	18.475969275714938
7QR4.pdb	CG	17.219499225268304
7QR4.pdb	CG	15.211617421078484
7QR4.pdb	GU	12.274147402194972
7QR4.pdb	GG	11.097240101283294
7QR4.pdb	GU	12.057084850978653
7QR4.pdb	CG	15.343866838451683
7QR4.pdb	AG	19.831022635762412
7QR4.pdb	GG	18.6065117606486
7QR4.pdb	CG	14.787803033423478
7QR4.pdb	GG	9.609707539413026
7QR4.pdb	AG	11.97214612535088
7QR4.pdb	AG	15.319391294737322
7QR4.pdb	GG	18.672808688567443
7QR4.pdb	GU	16.616756294867763
7QR4.pdb	CG	16.484106780228654
7QR4.pdb	GG	13.875358121758502
7QR4.pdb	CG	16.08579122414731
7QR4.pdb	AG	18.687884571729192
7QR4.pdb	GG	19.668728619319047
7QR4.pdb	CG	19.06879365410245
7QR4.pdb	CG	17.656404339868768
7QR4.pdb	CG	15.42291639575798
7QR4.pdb	CG	12.941946922174566
7QR4.pdb	GU	10.857041257945559
7QR4.pdb	GG	11.229680568512284
7QR4.pdb	GU	14.478520548651566
7QR4.pdb	CG	18.753583318840075
7QR4.pdb	CG	19.55070324644545
7QR4.pdb	CG	18.110419943987623
7QR4.pdb	GG	13.176685866741254
7QR4.pdb	AG	16.236825170506584
7QR4.pdb	AG	19.327362141720535
7QR4.pdb	CG	19.674662631770172
7QR4.pdb	GG	16.558179913210008
7QR4.pdb	CG	17.947088628931507
7QR4.pdb	AG	19.27059930974226
7QR4.pdb	GG	19.434867439069773
7QR4.pdb	CG	18.079397247556923
7QR4.pdb	CG	15.7649746849019
7QR4.pdb	CG	13.259531786768889
7QR4.pdb	CG	11.577983825182711
7QR4.pdb	GU	11.857034230389301
7QR4.pdb	GG	14.514433277146942
7QR4.pdb	GU	18.777406031136255
7QR4.pdb	GG	16.21871382756675
7QR4.pdb	AG	19.384736957398708
7QR4.pdb	AG	17.600911542961374
7QR4.pdb	CG	18.69501597316782
7QR4.pdb	GG	19.162323402993913
7QR4.pdb	CG	19.22954318490348
7QR4.pdb	AG	18.901390060335153
7QR4.pdb	GG	18.104371706174245
7QR4.pdb	CG	16.178776584263403
7QR4.pdb	CG	13.469333571438534
7QR4.pdb	CG	11.768492909519974
7QR4.pdb	CG	12.253873438480756
7QR4.pdb	GU	14.902286364018712
7QR4.pdb	GG	19.044482753002388
7QR4.pdb	GG	18.669866574827736
7QR4.pdb	CG	15.010446839861524
7QR4.pdb	AG	18.130061134423013
7QR4.pdb	GG	19.359156412017455
7QR4.pdb	CG	19.661670387842317
7QR4.pdb	AG	17.57874978333327
7QR4.pdb	GG	15.851908109409681
7QR4.pdb	CG	13.785664414297932
7QR4.pdb	CG	11.635318307284946
7QR4.pdb	CG	12.069370257056686
7QR4.pdb	CG	14.95142176986687
7QR4.pdb	GU	18.811971468669945
7QR4.pdb	AC	15.662836777802603
7QR4.pdb	CG	18.698472960178105
7QR4.pdb	CC	19.9829683462382
7QR4.pdb	AC	16.049056568062493
7QR4.pdb	CG	13.410193146508732
7QR4.pdb	CC	11.848598332238172
7QR4.pdb	CC	11.571419062270518
7QR4.pdb	CC	14.65120358640118
7QR4.pdb	CC	19.132499517834336
7QR4.pdb	AC	17.192736302610676
7QR4.pdb	CG	13.917125622066266
7QR4.pdb	CC	13.046107225121945
7QR4.pdb	CC	14.377013682811713
7QR4.pdb	CC	18.790994150991366
7QR4.pdb	AC	17.04073399832032
7QR4.pdb	AA	11.796051406951449
7QR4.pdb	AG	9.558419349783371
7QR4.pdb	AC	10.892723653903643
7QR4.pdb	AC	13.961352197588393
7QR4.pdb	AC	18.740439769013427
7QR4.pdb	AU	16.291742870476625
7QR4.pdb	AU	18.836791655334142
7QR4.pdb	AC	19.51699295127391
7QR4.pdb	CG	18.26141661089466
7QR4.pdb	CC	14.41934861980733
7QR4.pdb	AC	10.874689592623632
7QR4.pdb	CG	11.79407853474589
7QR4.pdb	CC	15.12141121821992
7QR4.pdb	CC	18.494786108608146
7QR4.pdb	AC	19.013676085147008
7QR4.pdb	CU	14.29996951776753
7QR4.pdb	CU	15.535509233211371
7QR4.pdb	CC	17.79787433699335
7QR4.pdb	CU	19.942389885269716
7QR4.pdb	CU	19.877213245350838
7QR4.pdb	AG	19.091501519395205
7QR4.pdb	AG	17.836474566806558
7QR4.pdb	AC	15.27857270409915
7QR4.pdb	AA	14.02772391080822
7QR4.pdb	AG	16.619225281168486
7QR4.pdb	AU	16.154709696306803
7QR4.pdb	AU	15.874507411323188
7QR4.pdb	AC	16.51006290766308
7QR4.pdb	AU	16.962557427738737
7QR4.pdb	AG	16.216949958552593
7QR4.pdb	AC	15.273927279549575
7QR4.pdb	AU	14.295484363959524
7QR4.pdb	AG	19.820928755930925
7QR4.pdb	CG	17.768371330574045
7QR4.pdb	GG	15.435562870374705
7QR4.pdb	CG	14.721794234485982
7QR4.pdb	AG	15.854927500467085
7QR4.pdb	GG	19.48329144754546
7QR4.pdb	GU	17.65630207946751
7QR4.pdb	GU	17.582108249349773
7QR4.pdb	CG	17.850300521534848
7QR4.pdb	GU	17.149348807105408
7QR4.pdb	GG	15.484488587154843
7QR4.pdb	CG	13.71290364061845
7QR4.pdb	GU	12.84037590078074
7QR4.pdb	AC	19.99908908983408
7QR4.pdb	CU	17.060021813956162
7QR4.pdb	CC	14.636533083471651
7QR4.pdb	CG	14.022488299262138
7QR4.pdb	CC	14.86980151674784
7QR4.pdb	AC	18.00608552453717
7QR4.pdb	CU	18.516117587962828
7QR4.pdb	CU	17.94468048772383
7QR4.pdb	CC	17.561244768663805
7QR4.pdb	CU	15.811988417875476
7QR4.pdb	CG	13.824018549530376
7QR4.pdb	CC	12.323269336936791
7QR4.pdb	CU	13.029398089831941
7QR4.pdb	AG	19.49710251398143
7QR4.pdb	AG	16.98904760815907
7QR4.pdb	AU	14.162149790685639
7QR4.pdb	AC	13.438813252004993
7QR4.pdb	AG	14.30162679989751
7QR4.pdb	AC	15.638092832172688
7QR4.pdb	AA	19.787127343287942
7QR4.pdb	AU	18.639635208137765
7QR4.pdb	AU	17.173449827087463
7QR4.pdb	AC	16.057911662849058
7QR4.pdb	AU	13.594622711952143
7QR4.pdb	AG	12.194306122024988
7QR4.pdb	AC	12.313478588244473
7QR4.pdb	AU	15.204066361827568
7QR4.pdb	CG	18.90236625674243
7QR4.pdb	CG	17.803454193225583
7QR4.pdb	GG	14.276346904971353
7QR4.pdb	GU	13.479903121529539
7QR4.pdb	CG	14.239036338468848
7QR4.pdb	GG	15.636620043426184
7QR4.pdb	CG	16.55500675973159
7QR4.pdb	AG	19.97744046913886
7QR4.pdb	GU	18.130066384391856
7QR4.pdb	GU	15.79769863219303
7QR4.pdb	CG	14.225879204033378
7QR4.pdb	GU	11.834276924141204
7QR4.pdb	GG	12.274906957682655
7QR4.pdb	CG	14.65947295989728
7QR4.pdb	GU	19.042748420273128
7QR4.pdb	AG	19.433528174186648
7QR4.pdb	AC	15.503285985743524
7QR4.pdb	AG	13.75993410874939
7QR4.pdb	AU	15.009437735231058
7QR4.pdb	AC	16.042388765336273
7QR4.pdb	AG	16.890435198239086
7QR4.pdb	AC	16.733549774965145
7QR4.pdb	AA	18.03415161177936
7QR4.pdb	AU	16.44323739087779
7QR4.pdb	AU	13.588973121314442
7QR4.pdb	AC	12.301338609721062
7QR4.pdb	AU	11.384265185182105
7QR4.pdb	AG	14.30201247125811
7QR4.pdb	AC	18.337118441727984
7QR4.pdb	AA	17.579106797206283
7QR4.pdb	AC	13.98374074707115
7QR4.pdb	AG	14.346241671471894
7QR4.pdb	AU	16.765765568901706
7QR4.pdb	AC	17.33278062026359
7QR4.pdb	AG	17.27356724467723
7QR4.pdb	AC	16.052271706789497
7QR4.pdb	AA	19.30622521181148
7QR4.pdb	AA	15.016346948702832
7QR4.pdb	AU	14.18021087819885
7QR4.pdb	AU	11.938180422647413
7QR4.pdb	AC	12.312563701489285
7QR4.pdb	AU	13.800953237292566
7QR4.pdb	AG	18.272664629799102
7QR4.pdb	GU	18.87246748828895
7QR4.pdb	CG	19.067870823022652
7QR4.pdb	AG	15.272402307814009
7QR4.pdb	CG	13.735513634438918
7QR4.pdb	GG	15.552429290726527
7QR4.pdb	GU	18.014170237982107
7QR4.pdb	CG	17.569483214563245
7QR4.pdb	GG	16.365575219445745
7QR4.pdb	CG	14.210809608767848
7QR4.pdb	AG	16.78305880858426
7QR4.pdb	AG	16.261007672025617
7QR4.pdb	AG	10.820863396732344
7QR4.pdb	GU	11.488264071282554
7QR4.pdb	GU	11.446456560783897
7QR4.pdb	CG	14.233773880937141
7QR4.pdb	GU	17.520942023255877
7QR4.pdb	CC	14.92159425933079
7QR4.pdb	AC	12.694877407941107
7QR4.pdb	CC	13.11414787283027
7QR4.pdb	CG	15.302706495075348
7QR4.pdb	CU	17.004973009633908
7QR4.pdb	CC	15.438397855835214
7QR4.pdb	CG	13.416690098029767
7QR4.pdb	CC	11.433318966256142
7QR4.pdb	AC	14.353439031932036
7QR4.pdb	CG	18.33601716024265
7QR4.pdb	CC	19.118883385023153
7QR4.pdb	CG	16.502034901405445
7QR4.pdb	AC	10.523894609355846
7QR4.pdb	AC	6.267815534756308
7QR4.pdb	CU	10.681656457045595
7QR4.pdb	CU	14.080738124714197
7QR4.pdb	CC	18.457945760111837
7QR4.pdb	AG	11.979059198898412
7QR4.pdb	CG	13.632230642633408
7QR4.pdb	GG	15.471314302723943
7QR4.pdb	GU	16.178287478273496
7QR4.pdb	CG	13.815925149724258
7QR4.pdb	GG	11.583667778710465
7QR4.pdb	CG	10.88691977108333
7QR4.pdb	AG	14.473537671626627
7QR4.pdb	GG	17.839724248832987
7QR4.pdb	GU	19.79296571015662
7QR4.pdb	CG	19.361655481102204
7QR4.pdb	CG	15.481695268964732
7QR4.pdb	GG	12.26030798124015
7QR4.pdb	AG	7.460162617242957
7QR4.pdb	AG	6.554185309540796
7QR4.pdb	GU	13.077406222043962
7QR4.pdb	GU	18.044780172222154
7QR4.pdb	CU	13.155686342859473
7QR4.pdb	GU	14.769760761420125
7QR4.pdb	UU	15.086122762274911
7QR4.pdb	CU	13.155923170124911
7QR4.pdb	GU	12.359828770019641
7QR4.pdb	CU	13.968520171061225
7QR4.pdb	AU	18.43724200344893
7QR4.pdb	GU	19.081640598519222
7QR4.pdb	UU	16.411416332907095
7QR4.pdb	CU	16.58071000257318
7QR4.pdb	CU	16.56680350279304
7QR4.pdb	GU	12.954689978806996
7QR4.pdb	AU	10.682900271570647
7QR4.pdb	AU	11.660589437950533
7QR4.pdb	UU	18.104864917192007
7QR4.pdb	GU	14.091618097584078
7QR4.pdb	UU	15.620416812091692
7QR4.pdb	CU	15.474422145629795
7QR4.pdb	GU	16.405670044530357
7QR4.pdb	CU	18.858549167898477
7QR4.pdb	UU	18.275210615763484
7QR4.pdb	CU	18.104891106522942
7QR4.pdb	GU	17.867956412054582
7QR4.pdb	AU	15.957873339784014
7QR4.pdb	AU	16.523563952122846
7QR4.pdb	CU	18.56394886480374
7QR4.pdb	CC	19.302853099316792
7QR4.pdb	AC	18.72884061211351
7QR4.pdb	AC	18.80886704830749
7QR4.pdb	AC	17.010271197865208
7QR4.pdb	AG	18.734741734500048
7QR4.pdb	AA	19.314611403646126
7QR4.pdb	AA	17.649262902541974
7QR4.pdb	CG	16.56209302480301
7QR4.pdb	CC	19.073517425023155
7QR4.pdb	AC	17.868284649024297
7QR4.pdb	CG	17.706519494229944
7QR4.pdb	AG	18.65400804091306
7QR4.pdb	AU	18.497289510889143
7QR4.pdb	AC	17.354897600866213
7QR4.pdb	AC	15.114178409075167
7QR4.pdb	CU	17.675205124326357
7QR4.pdb	GG	15.928845314247166
7QR4.pdb	AG	12.993132000094704
7QR4.pdb	AG	11.037430699897856
7QR4.pdb	GU	13.31752666037596
7QR4.pdb	GU	17.271975129266433
7QR4.pdb	CC	19.57098998669429
7QR4.pdb	CC	18.74550250587102
7QR4.pdb	CG	14.125416461351815
7QR4.pdb	AC	10.035350119636929
7QR4.pdb	AC	7.075829723782546
7QR4.pdb	CU	7.800551121109195
7QR4.pdb	CU	12.679807791449873
7QR4.pdb	CC	17.04807393979012
7QR4.pdb	CU	19.8828270371267
7QR4.pdb	AC	19.552115228535886
7QR4.pdb	AC	17.30954887833697
7QR4.pdb	AG	13.943169817503234
7QR4.pdb	AA	10.3628149773044
7QR4.pdb	AA	8.52726645635039
7QR4.pdb	AU	5.988368877867834
7QR4.pdb	AU	11.547667348155489
7QR4.pdb	AC	16.659745177486723
7QR4.pdb	CG	19.99706651972245
7QR4.pdb	GG	18.25520357166902
7QR4.pdb	CG	15.449770503968113
7QR4.pdb	GG	13.38518616005764
7QR4.pdb	AG	11.71925879820702
7QR4.pdb	AG	12.221322886623458
7QR4.pdb	GU	10.36724924841936
7QR4.pdb	GU	15.595008868600898
7QR4.pdb	CU	18.86160619795125
7QR4.pdb	CU	18.254279678775653
7QR4.pdb	CG	15.013820949738523
7QR4.pdb	CC	14.012185690241987
7QR4.pdb	CG	12.939415801369828
7QR4.pdb	AC	13.962846917671206
7QR4.pdb	AC	16.479901853785236
7QR4.pdb	CU	15.968730929480595
7QR4.pdb	CC	18.409278648504106
7QR4.pdb	CU	15.730287839680358
7QR4.pdb	CG	14.127448520808414
7QR4.pdb	CC	14.793362253026446
7QR4.pdb	CG	13.882012974436375
7QR4.pdb	AC	17.030597460821216
7QR4.pdb	CU	19.771623644419307
7QR4.pdb	CG	17.591865899311532
7QR4.pdb	CC	15.18736631287665
7QR4.pdb	CU	14.080943425287245
7QR4.pdb	CG	13.979278301315784
7QR4.pdb	CC	15.521441851189694
7QR4.pdb	CG	14.41990114964316
7QR4.pdb	AC	19.128516750594653
7QR4.pdb	CC	18.948083957242424
7QR4.pdb	CC	18.81026936595441
7QR4.pdb	CC	17.411638747817335
7QR4.pdb	CG	15.81679567532812
7QR4.pdb	CG	14.426974451915841
7QR4.pdb	CC	13.716978071302636
7QR4.pdb	CU	13.947268270002414
7QR4.pdb	CG	14.541659929840131
7QR4.pdb	CC	16.008819826465682
7QR4.pdb	CG	14.527943202150999
7QR4.pdb	AU	17.16276686526015
7QR4.pdb	GU	19.662188351779303
7QR4.pdb	UU	19.954586812199167
7QR4.pdb	CU	14.033068015784256
7QR4.pdb	CU	13.354178711907588
7QR4.pdb	GU	13.400267648671301
7QR4.pdb	GU	13.807157388746612
7QR4.pdb	CU	14.161414650143524
7QR4.pdb	UU	14.379161781098526
7QR4.pdb	GU	14.428322901079394
7QR4.pdb	CU	14.963558687249934
7QR4.pdb	GU	13.135375049134424
7QR4.pdb	AU	19.07332069614184
7QR4.pdb	GG	18.729405792522435
7QR4.pdb	GU	15.964053265881272
7QR4.pdb	CG	10.279482917502314
7QR4.pdb	CG	11.162222444421566
7QR4.pdb	GG	13.651045945977602
7QR4.pdb	GG	15.944610356190532
7QR4.pdb	CG	17.118650223273224
7QR4.pdb	GU	17.148895129758355
7QR4.pdb	GG	16.528415905551377
7QR4.pdb	CG	15.884266810851145
7QR4.pdb	GG	13.843955104330876
7QR4.pdb	AG	19.313933401093102
7QR4.pdb	CU	19.480289768269913
7QR4.pdb	UU	17.781177904867164
7QR4.pdb	CU	12.482661297480277
7QR4.pdb	CU	13.134087156065522
7QR4.pdb	GU	15.316479998690365
7QR4.pdb	GU	17.456010744253827
7QR4.pdb	CU	17.960812191754567
7QR4.pdb	UU	16.98300291949688
7QR4.pdb	GU	15.472228640343818
7QR4.pdb	CU	14.038774430904038
7QR4.pdb	GU	12.931806888093178
7QR4.pdb	AU	17.8307877878188
7QR4.pdb	CC	19.18594650132634
7QR4.pdb	CC	16.366765850441883
7QR4.pdb	CC	16.012882940066806
7QR4.pdb	CG	16.86077443187353
7QR4.pdb	CG	18.172792031990056
7QR4.pdb	CC	17.78263094612583
7QR4.pdb	CU	15.922189652564432
7QR4.pdb	CG	13.940715143798316
7QR4.pdb	CC	12.502843565871357
7QR4.pdb	CG	13.223665007740351
7QR4.pdb	AC	17.531972405419612
7QR4.pdb	AA	18.338738664104717
7QR4.pdb	AC	19.92884575879247
7QR4.pdb	AC	18.149512051706182
7QR4.pdb	AG	16.995631265763215
7QR4.pdb	AG	16.984146916366562
7QR4.pdb	AC	15.641310350678564
7QR4.pdb	AU	13.31707463174591
7QR4.pdb	AG	11.893481668939033
7QR4.pdb	AC	12.067519405818983
7QR4.pdb	AG	15.064579132835696
7QR4.pdb	AA	19.273959170739268
7QR4.pdb	GU	18.39015094178559
7QR4.pdb	CG	19.844406081547916
7QR4.pdb	GG	16.75360989551242
7QR4.pdb	GG	15.322089121557692
7QR4.pdb	CG	13.261419266282166
7QR4.pdb	GU	11.262643198544247
7QR4.pdb	GG	11.657795791098545
7QR4.pdb	CG	14.170625051763524
7QR4.pdb	GG	18.45471273803923
7QR4.pdb	CU	19.6395103737625
7QR4.pdb	CG	15.79336187160285
7QR4.pdb	CG	13.766877603627025
7QR4.pdb	CC	12.380442861788111
7QR4.pdb	CU	12.430750351475837
7QR4.pdb	CG	15.130279454902182
7QR4.pdb	CC	19.03494132633252
7QR4.pdb	CG	19.15126207527542
7QR4.pdb	CC	18.54616208800532
7QR4.pdb	CG	13.430076962098388
7QR4.pdb	CG	11.661644143987264
7QR4.pdb	CC	12.090984157010805
7QR4.pdb	CU	14.438551895565936
7QR4.pdb	CG	18.480791369937307
7QR4.pdb	AC	19.584824443401956
7QR4.pdb	AC	16.417333897924706
7QR4.pdb	AG	11.901494395362397
7QR4.pdb	AG	12.056981553055014
7QR4.pdb	AC	14.773326656275746
7QR4.pdb	AU	18.377702581126815
7QR4.pdb	AU	17.5217320498657
7QR4.pdb	CU	19.44441158333686
7QR4.pdb	CU	15.18110250905925
7QR4.pdb	GU	12.815256628399176
7QR4.pdb	GU	15.228414735470402
7QR4.pdb	CU	19.01747502450278
7QR4.pdb	CU	18.213852210814775
7QR4.pdb	GU	17.65126863337287
7QR4.pdb	GU	17.768746917941176
7QR4.pdb	CG	17.32181360847818
7QR4.pdb	CG	14.849589926062434
7QR4.pdb	GG	16.155379930945973
7QR4.pdb	CC	16.130120992605974
7QR4.pdb	CC	15.258102631823972
7QR4.pdb	CG	18.566788713600932
7QR4.pdb	AC	12.16168657901255
7QR4.pdb	AG	17.364368642657126
7QR4.pdb	CU	19.904161342923963
7QR4.pdb	GG	18.817572336908533
7QR4.pdb	CG	19.31645905754042
7QR4.pdb	CU	19.72744868226965
PZ18_Chen_1.pdb	CG	19.972185540721327
PZ18_Chen_1.pdb	GG	19.681578762933007
PZ18_Chen_1.pdb	CG	17.785523728614734
PZ18_Chen_1.pdb	CG	19.01132345939649
PZ18_Chen_1.pdb	GU	19.452297908047058
PZ18_Chen_1.pdb	GU	19.801340554252324
PZ18_Chen_1.pdb	AG	17.371232796880264
PZ18_Chen_1.pdb	GG	12.367183434482754
PZ18_Chen_1.pdb	CG	9.071676104112253
PZ18_Chen_1.pdb	GU	7.4472102122906385
PZ18_Chen_1.pdb	GG	10.764915549170167
PZ18_Chen_1.pdb	GU	13.753068289454198
PZ18_Chen_1.pdb	GG	17.015621224590294
PZ18_Chen_1.pdb	CG	18.34006085725381
PZ18_Chen_1.pdb	AG	17.890608806738328
PZ18_Chen_1.pdb	GG	16.70497711915493
PZ18_Chen_1.pdb	CG	16.175554729479888
PZ18_Chen_1.pdb	CG	17.21487081433838
PZ18_Chen_1.pdb	GU	18.983052140037817
PZ18_Chen_1.pdb	AG	19.4598855139671
PZ18_Chen_1.pdb	GG	16.135317551063764
PZ18_Chen_1.pdb	CG	12.90887933842983
PZ18_Chen_1.pdb	CG	16.041194920095005
PZ18_Chen_1.pdb	AG	19.169196482806736
PZ18_Chen_1.pdb	AG	19.69516062320157
PZ18_Chen_1.pdb	AG	14.18531808747283
PZ18_Chen_1.pdb	GG	10.703870473199325
PZ18_Chen_1.pdb	CG	10.7441211180475
PZ18_Chen_1.pdb	GU	11.434516705385382
PZ18_Chen_1.pdb	GG	14.974648563885609
PZ18_Chen_1.pdb	GU	16.791120212143074
PZ18_Chen_1.pdb	GG	18.35038315981789
PZ18_Chen_1.pdb	CG	17.85600444373385
PZ18_Chen_1.pdb	AG	15.767226430490869
PZ18_Chen_1.pdb	GG	13.367427315949334
PZ18_Chen_1.pdb	CG	11.225213851994695
PZ18_Chen_1.pdb	CG	11.235624958372426
PZ18_Chen_1.pdb	GU	12.825522112636175
PZ18_Chen_1.pdb	GG	16.9617926982361
PZ18_Chen_1.pdb	GU	19.924807802523514
PZ18_Chen_1.pdb	GG	16.148412633857465
PZ18_Chen_1.pdb	GG	17.956870641013825
PZ18_Chen_1.pdb	CG	19.436006256551966
PZ18_Chen_1.pdb	GU	18.499486897627445
PZ18_Chen_1.pdb	CG	13.995109729760054
PZ18_Chen_1.pdb	GG	10.22350068263443
PZ18_Chen_1.pdb	CG	6.601745652369185
PZ18_Chen_1.pdb	CG	9.20340768031437
PZ18_Chen_1.pdb	AG	13.134568197060545
PZ18_Chen_1.pdb	CG	16.467770042684663
PZ18_Chen_1.pdb	AG	19.037090366492198
PZ18_Chen_1.pdb	AG	16.22250970306138
PZ18_Chen_1.pdb	AG	12.260228028337515
PZ18_Chen_1.pdb	GG	11.550990757111633
PZ18_Chen_1.pdb	CG	13.093346112883768
PZ18_Chen_1.pdb	GU	13.349702469389047
PZ18_Chen_1.pdb	GG	15.409535618005687
PZ18_Chen_1.pdb	GU	15.628140430369276
PZ18_Chen_1.pdb	GG	15.5087585515097
PZ18_Chen_1.pdb	CG	13.965328633260707
PZ18_Chen_1.pdb	AG	11.873595550846648
PZ18_Chen_1.pdb	GG	10.324846825969818
PZ18_Chen_1.pdb	CG	10.306544517128266
PZ18_Chen_1.pdb	CG	11.408872397200868
PZ18_Chen_1.pdb	GU	13.430204089856392
PZ18_Chen_1.pdb	GG	18.05134932616596
PZ18_Chen_1.pdb	GU	18.59579682109499
PZ18_Chen_1.pdb	UU	15.893564344658323
PZ18_Chen_1.pdb	CU	13.148549645208961
PZ18_Chen_1.pdb	GU	12.373257618869252
PZ18_Chen_1.pdb	CU	8.348918979050437
PZ18_Chen_1.pdb	CU	7.041404503721961
PZ18_Chen_1.pdb	AU	9.76919544714334
PZ18_Chen_1.pdb	CU	13.294684209957163
PZ18_Chen_1.pdb	AU	16.418661152030644
PZ18_Chen_1.pdb	GU	18.24996107986447
PZ18_Chen_1.pdb	UU	19.332095695686203
PZ18_Chen_1.pdb	UU	19.85289121810389
PZ18_Chen_1.pdb	AU	14.497221069635529
PZ18_Chen_1.pdb	AU	10.142801376794543
PZ18_Chen_1.pdb	AU	8.589663890284196
PZ18_Chen_1.pdb	GU	11.160324014570836
PZ18_Chen_1.pdb	CU	14.396723637342756
PZ18_Chen_1.pdb	UU	15.817266811774147
PZ18_Chen_1.pdb	GU	17.96882904753592
PZ18_Chen_1.pdb	UU	18.425771565240268
PZ18_Chen_1.pdb	GU	18.27060622612107
PZ18_Chen_1.pdb	CU	17.17383169920651
PZ18_Chen_1.pdb	AU	16.205796174043183
PZ18_Chen_1.pdb	GU	15.733649467476951
PZ18_Chen_1.pdb	CU	16.201516385158612
PZ18_Chen_1.pdb	CU	16.195781029361232
PZ18_Chen_1.pdb	UU	16.368826373468725
PZ18_Chen_1.pdb	GU	19.495440417889167
PZ18_Chen_1.pdb	AU	19.26317827598129
PZ18_Chen_1.pdb	CU	18.72245374664006
PZ18_Chen_1.pdb	CC	18.859197637501648
PZ18_Chen_1.pdb	CG	18.609522995935116
PZ18_Chen_1.pdb	CU	15.987281301367867
PZ18_Chen_1.pdb	CC	14.60470232385082
PZ18_Chen_1.pdb	CG	14.148807460222539
PZ18_Chen_1.pdb	CC	8.755178968891379
PZ18_Chen_1.pdb	CC	10.875510759215016
PZ18_Chen_1.pdb	AC	14.622669592798443
PZ18_Chen_1.pdb	CC	18.657917777504036
PZ18_Chen_1.pdb	AC	15.444017116510476
PZ18_Chen_1.pdb	AC	10.651809139001568
PZ18_Chen_1.pdb	AC	9.30209651159642
PZ18_Chen_1.pdb	CG	13.26017167153624
PZ18_Chen_1.pdb	CC	17.854181652805245
PZ18_Chen_1.pdb	AC	18.75943107142434
PZ18_Chen_1.pdb	CG	17.137617250884514
PZ18_Chen_1.pdb	CC	15.844568283453532
PZ18_Chen_1.pdb	CC	14.23851734601444
PZ18_Chen_1.pdb	CU	13.119873877096737
PZ18_Chen_1.pdb	CG	15.512388280502497
PZ18_Chen_1.pdb	CU	16.497395260907982
PZ18_Chen_1.pdb	AC	17.40084904084397
PZ18_Chen_1.pdb	AC	16.91784760990817
PZ18_Chen_1.pdb	CC	16.869384953644122
PZ18_Chen_1.pdb	AC	19.902557126010592
PZ18_Chen_1.pdb	AA	17.61856277876509
PZ18_Chen_1.pdb	AG	14.141047330072716
PZ18_Chen_1.pdb	AU	13.09517659794362
PZ18_Chen_1.pdb	AC	13.625137964672735
PZ18_Chen_1.pdb	AG	14.663322158300701
PZ18_Chen_1.pdb	AC	10.12193522593926
PZ18_Chen_1.pdb	AC	12.661267493757018
PZ18_Chen_1.pdb	AA	16.756645762050944
PZ18_Chen_1.pdb	AA	17.983105885305434
PZ18_Chen_1.pdb	AA	14.251660297491396
PZ18_Chen_1.pdb	AA	14.471126496719705
PZ18_Chen_1.pdb	AG	18.84927200964485
PZ18_Chen_1.pdb	AG	18.578090284388804
PZ18_Chen_1.pdb	AC	17.5065077962184
PZ18_Chen_1.pdb	AC	16.05102271775888
PZ18_Chen_1.pdb	AU	15.190630299330317
PZ18_Chen_1.pdb	AG	17.415689109140654
PZ18_Chen_1.pdb	AU	18.76370718546796
PZ18_Chen_1.pdb	AC	19.699200485280357
PZ18_Chen_1.pdb	GG	18.761199486479082
PZ18_Chen_1.pdb	AG	19.164140014298933
PZ18_Chen_1.pdb	AG	15.01228054280738
PZ18_Chen_1.pdb	GG	13.10653246231562
PZ18_Chen_1.pdb	GU	13.603650933593515
PZ18_Chen_1.pdb	CG	14.374950214150402
PZ18_Chen_1.pdb	GG	14.885667498813465
PZ18_Chen_1.pdb	CG	11.05333665938053
PZ18_Chen_1.pdb	CG	15.800058563179181
PZ18_Chen_1.pdb	AG	19.954131718409947
PZ18_Chen_1.pdb	AG	19.3293851382655
PZ18_Chen_1.pdb	GG	17.799528826427164
PZ18_Chen_1.pdb	CG	15.99929303468571
PZ18_Chen_1.pdb	CG	14.513166831595525
PZ18_Chen_1.pdb	GU	14.39992054523117
PZ18_Chen_1.pdb	GG	17.154254339760357
PZ18_Chen_1.pdb	GG	19.1131464102351
PZ18_Chen_1.pdb	AG	18.367847716306123
PZ18_Chen_1.pdb	AG	15.593209737341596
PZ18_Chen_1.pdb	GG	15.09740457656267
PZ18_Chen_1.pdb	GU	15.980938776589701
PZ18_Chen_1.pdb	CG	16.007979266331454
PZ18_Chen_1.pdb	GG	15.368167048564535
PZ18_Chen_1.pdb	CG	12.637452931274868
PZ18_Chen_1.pdb	CG	18.770564652033656
PZ18_Chen_1.pdb	AG	19.557143021581258
PZ18_Chen_1.pdb	GG	16.579917079226323
PZ18_Chen_1.pdb	CG	14.136881180335049
PZ18_Chen_1.pdb	CG	13.098495469264378
PZ18_Chen_1.pdb	GU	14.348737313048549
PZ18_Chen_1.pdb	GG	17.906176141306425
PZ18_Chen_1.pdb	CC	19.572564454598357
PZ18_Chen_1.pdb	AC	17.748478288784135
PZ18_Chen_1.pdb	AC	16.78414833756603
PZ18_Chen_1.pdb	CG	16.83877990586434
PZ18_Chen_1.pdb	CU	17.30632880427877
PZ18_Chen_1.pdb	CC	16.429405259146087
PZ18_Chen_1.pdb	CG	14.93570355902753
PZ18_Chen_1.pdb	CC	14.078622907624883
PZ18_Chen_1.pdb	AC	17.80136551396852
PZ18_Chen_1.pdb	CG	14.77584040043731
PZ18_Chen_1.pdb	CC	13.029949855843487
PZ18_Chen_1.pdb	CC	13.784589579164395
PZ18_Chen_1.pdb	CU	16.89114225655347
PZ18_Chen_1.pdb	CG	19.192134914326886
PZ18_Chen_1.pdb	AC	19.85657338148182
PZ18_Chen_1.pdb	AC	17.178368972711166
PZ18_Chen_1.pdb	AC	17.8675837489266
PZ18_Chen_1.pdb	CG	17.74441196184693
PZ18_Chen_1.pdb	CU	17.344676899339117
PZ18_Chen_1.pdb	CC	15.62426574752922
PZ18_Chen_1.pdb	CG	13.790349677827717
PZ18_Chen_1.pdb	CC	15.208168524341708
PZ18_Chen_1.pdb	AC	15.277737953201962
PZ18_Chen_1.pdb	CG	13.088882634676297
PZ18_Chen_1.pdb	CC	13.536126866310912
PZ18_Chen_1.pdb	CC	16.411896185557637
PZ18_Chen_1.pdb	AG	17.40108621559785
PZ18_Chen_1.pdb	AG	16.286017560180966
PZ18_Chen_1.pdb	AG	18.09246198083883
PZ18_Chen_1.pdb	GG	17.37691466325556
PZ18_Chen_1.pdb	GU	16.023335033825425
PZ18_Chen_1.pdb	CG	13.869023046951241
PZ18_Chen_1.pdb	GG	12.616067068791391
PZ18_Chen_1.pdb	CG	16.14510788425364
PZ18_Chen_1.pdb	CG	19.719907865643815
PZ18_Chen_1.pdb	CG	17.512678732127323
PZ18_Chen_1.pdb	AG	13.243134975843684
PZ18_Chen_1.pdb	GG	12.865736700077075
PZ18_Chen_1.pdb	CG	15.91438488055239
PZ18_Chen_1.pdb	AG	14.801049067585604
PZ18_Chen_1.pdb	AG	17.2635652292234
PZ18_Chen_1.pdb	GG	15.939328478088424
PZ18_Chen_1.pdb	GU	13.975573905633151
PZ18_Chen_1.pdb	CG	12.33465377052039
PZ18_Chen_1.pdb	GG	12.911941655801307
PZ18_Chen_1.pdb	CG	17.66415905602778
PZ18_Chen_1.pdb	CG	18.97269128697945
PZ18_Chen_1.pdb	CG	16.31859586032458
PZ18_Chen_1.pdb	AG	13.768383787948313
PZ18_Chen_1.pdb	GG	15.265110415229342
PZ18_Chen_1.pdb	CG	19.828440582297254
PZ18_Chen_1.pdb	AC	15.40583431661323
PZ18_Chen_1.pdb	CG	14.11442275399737
PZ18_Chen_1.pdb	CU	12.743693425598867
PZ18_Chen_1.pdb	CC	13.085153220045138
PZ18_Chen_1.pdb	CG	15.829823122697839
PZ18_Chen_1.pdb	CC	18.97282972649491
PZ18_Chen_1.pdb	AC	17.698973147912234
PZ18_Chen_1.pdb	CG	19.840017100319333
PZ18_Chen_1.pdb	GG	11.895932482603902
PZ18_Chen_1.pdb	GU	12.543867761012846
PZ18_Chen_1.pdb	CG	15.320696113150179
PZ18_Chen_1.pdb	GG	19.400774879428024
PZ18_Chen_1.pdb	AU	15.490279696572422
PZ18_Chen_1.pdb	AC	19.098013279944055
PZ18_Chen_1.pdb	AC	17.804812548294965
PZ18_Chen_1.pdb	CG	16.710022197573966
PZ18_Chen_1.pdb	CG	16.821693342212328
PZ18_Chen_1.pdb	AG	19.91197379076192
PZ18_Chen_1.pdb	CU	11.326717069001628
PZ18_Chen_1.pdb	AU	14.225306554241723
PZ18_Chen_1.pdb	CU	19.844951884318363
PZ18_Chen_1.pdb	CU	18.0735495417777
PZ18_Chen_1.pdb	AU	16.66709750253147
PZ18_Chen_1.pdb	GU	17.796792599474557
PZ18_Chen_1.pdb	AC	11.18943252073986
PZ18_Chen_1.pdb	CC	16.929638950565167
PZ18_Chen_1.pdb	CG	16.547226466243856
PZ18_Chen_1.pdb	CC	12.342729761358232
PZ18_Chen_1.pdb	AC	10.891631082716648
PZ18_Chen_1.pdb	CG	12.488235633152028
PZ18_Chen_1.pdb	CC	16.553962243236544
PZ18_Chen_1.pdb	CC	19.564944683996817
PZ18_Chen_1.pdb	CG	17.695206623653814
PZ18_Chen_1.pdb	GU	17.658409421411466
PZ18_Chen_1.pdb	GG	13.930509359181189
PZ18_Chen_1.pdb	CG	9.233772641650893
PZ18_Chen_1.pdb	AG	5.948907977684452
PZ18_Chen_1.pdb	GG	6.847969221835327
PZ18_Chen_1.pdb	CG	11.46035378363087
PZ18_Chen_1.pdb	CG	15.33497661572328
PZ18_Chen_1.pdb	GU	19.203241206539264
PZ18_Chen_1.pdb	AC	17.999673670385185
PZ18_Chen_1.pdb	AC	15.704085567618261
PZ18_Chen_1.pdb	CG	17.030747190680728
PZ18_Chen_1.pdb	CC	19.428559564283717
PZ18_Chen_1.pdb	CU	19.56353464196464
PZ18_Chen_1.pdb	CU	19.36245733816692
PZ18_Chen_1.pdb	CG	17.233330120570407
PZ18_Chen_1.pdb	CC	13.726518110510522
PZ18_Chen_1.pdb	AC	10.338033401633325
PZ18_Chen_1.pdb	CG	8.757497448392398
PZ18_Chen_1.pdb	CC	9.64903741697693
PZ18_Chen_1.pdb	CC	11.389887100884765
PZ18_Chen_1.pdb	CU	14.063358637753938
PZ18_Chen_1.pdb	CG	19.027340646825376
PZ18_Chen_1.pdb	AC	19.079985557311982
PZ18_Chen_1.pdb	AC	16.04840141669358
PZ18_Chen_1.pdb	AC	15.48543062084837
PZ18_Chen_1.pdb	CG	17.12714579579937
PZ18_Chen_1.pdb	CC	18.687368001086917
PZ18_Chen_1.pdb	CU	17.958642683219928
PZ18_Chen_1.pdb	CG	17.754301521899773
PZ18_Chen_1.pdb	CU	16.007653036142784
PZ18_Chen_1.pdb	CG	13.820480351528403
PZ18_Chen_1.pdb	CC	11.78504302494975
PZ18_Chen_1.pdb	AC	11.682415506475182
PZ18_Chen_1.pdb	CG	12.996324737505308
PZ18_Chen_1.pdb	CC	16.214039568432263
PZ18_Chen_1.pdb	CC	18.400910273358562
PZ18_Chen_1.pdb	AA	17.665280104784898
PZ18_Chen_1.pdb	AA	16.049540123182773
PZ18_Chen_1.pdb	AA	16.66242478313575
PZ18_Chen_1.pdb	AG	18.135305762112203
PZ18_Chen_1.pdb	AC	18.837881126564607
PZ18_Chen_1.pdb	AU	17.551938324267194
PZ18_Chen_1.pdb	AG	16.45453369681045
PZ18_Chen_1.pdb	AU	14.755897043856697
PZ18_Chen_1.pdb	AG	13.284287384437011
PZ18_Chen_1.pdb	AC	13.29249101205252
PZ18_Chen_1.pdb	AA	15.351267449514747
PZ18_Chen_1.pdb	AG	17.64632614037122
PZ18_Chen_1.pdb	AC	17.545412368509975
PZ18_Chen_1.pdb	AC	16.98916799945692
PZ18_Chen_1.pdb	AC	17.850153154469748
PZ18_Chen_1.pdb	CG	18.43008612201476
PZ18_Chen_1.pdb	CC	17.90592493630339
PZ18_Chen_1.pdb	CU	16.096168341318673
PZ18_Chen_1.pdb	CG	14.39591187766593
PZ18_Chen_1.pdb	CU	13.562551837624046
PZ18_Chen_1.pdb	CG	13.916204126347292
PZ18_Chen_1.pdb	CC	16.13726080653271
PZ18_Chen_1.pdb	AC	19.395679439420245
PZ18_Chen_1.pdb	AA	18.13287617538699
PZ18_Chen_1.pdb	AA	18.0147578403264
PZ18_Chen_1.pdb	AA	18.465099181626492
PZ18_Chen_1.pdb	AG	17.86655134314119
PZ18_Chen_1.pdb	AC	16.109106801485762
PZ18_Chen_1.pdb	AU	14.17493247839615
PZ18_Chen_1.pdb	AG	12.68185123050894
PZ18_Chen_1.pdb	AU	13.708531167451033
PZ18_Chen_1.pdb	AG	16.24878449709005
PZ18_Chen_1.pdb	AC	19.826600248575637
PZ18_Chen_1.pdb	GG	19.377426401249675
PZ18_Chen_1.pdb	GG	19.497253065770725
PZ18_Chen_1.pdb	GG	19.632787553957726
PZ18_Chen_1.pdb	GG	18.67697342282846
PZ18_Chen_1.pdb	AG	17.565066321717357
PZ18_Chen_1.pdb	AG	17.47075329859913
PZ18_Chen_1.pdb	AG	17.347375361389425
PZ18_Chen_1.pdb	GG	15.81510294340558
PZ18_Chen_1.pdb	CG	13.494634364036497
PZ18_Chen_1.pdb	GU	12.797416077633148
PZ18_Chen_1.pdb	GG	13.285385261087791
PZ18_Chen_1.pdb	GU	16.544437594648855
PZ18_Chen_1.pdb	GU	16.126373960794762
PZ18_Chen_1.pdb	GU	17.640500089268354
PZ18_Chen_1.pdb	GU	17.7675428149022
PZ18_Chen_1.pdb	AU	17.340937446001508
PZ18_Chen_1.pdb	AU	16.813314356064634
PZ18_Chen_1.pdb	AU	15.898066898944275
PZ18_Chen_1.pdb	GU	13.630468496035613
PZ18_Chen_1.pdb	CU	11.389720438405824
PZ18_Chen_1.pdb	UU	12.640918129574318
PZ18_Chen_1.pdb	GU	15.289002277527642
PZ18_Chen_1.pdb	UU	19.749578828377214
PZ18_Chen_1.pdb	GU	18.32724203833425
PZ18_Chen_1.pdb	GU	16.07418344708947
PZ18_Chen_1.pdb	GU	16.807877590240054
PZ18_Chen_1.pdb	AU	16.725912628666347
PZ18_Chen_1.pdb	AU	15.5964643141373
PZ18_Chen_1.pdb	AU	14.001222926172021
PZ18_Chen_1.pdb	GU	11.656326139577665
PZ18_Chen_1.pdb	CU	10.853802406212932
PZ18_Chen_1.pdb	UU	14.449353526126208
PZ18_Chen_1.pdb	GU	18.790608814563427
PZ18_Chen_1.pdb	AU	18.91259169693022
PZ18_Chen_1.pdb	CU	18.194635098751213
PZ18_Chen_1.pdb	GU	16.052982189340174
PZ18_Chen_1.pdb	GU	12.897166844860791
PZ18_Chen_1.pdb	GU	15.082178457568688
PZ18_Chen_1.pdb	AU	15.799352807753454
PZ18_Chen_1.pdb	AU	14.908228797003185
PZ18_Chen_1.pdb	AU	13.882033556503751
PZ18_Chen_1.pdb	GU	12.98217886868512
PZ18_Chen_1.pdb	CU	14.295320836184505
PZ18_Chen_1.pdb	UU	18.97461780553478
PZ18_Chen_1.pdb	AU	19.14019626386073
PZ18_Chen_1.pdb	AU	15.09052202598767
PZ18_Chen_1.pdb	CU	14.284686404065326
PZ18_Chen_1.pdb	CU	16.56686326062563
PZ18_Chen_1.pdb	CU	17.745230341970906
PZ18_Chen_1.pdb	CU	18.30326037617464
PZ18_Chen_1.pdb	CU	18.693773018231205
PZ18_Chen_1.pdb	CU	18.86309814175295
PZ18_Chen_1.pdb	UU	19.057850458058514
PZ18_Chen_1.pdb	GU	14.974108094759503
PZ18_Chen_1.pdb	GU	11.12675342113062
PZ18_Chen_1.pdb	GU	8.29418157458963
PZ18_Chen_1.pdb	AG	17.50562260890314
PZ18_Chen_1.pdb	AG	18.477125090236598
PZ18_Chen_1.pdb	AG	19.138269825708747
PZ18_Chen_1.pdb	GG	19.25597850436707
PZ18_Chen_1.pdb	AG	18.34192218884768
PZ18_Chen_1.pdb	CG	16.328088583405723
PZ18_Chen_1.pdb	CG	16.344228555615654
PZ18_Chen_1.pdb	CG	15.235402779826362
PZ18_Chen_1.pdb	CG	13.972913569337207
PZ18_Chen_1.pdb	CG	13.355692237148297
PZ18_Chen_1.pdb	CG	13.787803962020064
PZ18_Chen_1.pdb	CG	16.683174946630576
PZ18_Chen_1.pdb	GU	19.18729320206219
PZ18_Chen_1.pdb	GG	15.854215498365004
PZ18_Chen_1.pdb	GG	11.513966665088914
PZ18_Chen_1.pdb	GG	6.693832156310987
PZ18_Chen_1.pdb	AG	18.12175688189846
PZ18_Chen_1.pdb	CG	16.98620585279779
PZ18_Chen_1.pdb	CG	15.425166046661966
PZ18_Chen_1.pdb	CG	13.305434460808621
PZ18_Chen_1.pdb	CG	12.1482053462887
PZ18_Chen_1.pdb	CG	12.854742398292158
PZ18_Chen_1.pdb	CG	15.233770672799478
PZ18_Chen_1.pdb	CG	19.53389673864446
PZ18_Chen_1.pdb	GG	19.75777864490673
PZ18_Chen_1.pdb	GG	16.393410072728365
PZ18_Chen_1.pdb	GG	12.008034517362244
PZ18_Chen_1.pdb	AG	19.535821417186906
PZ18_Chen_1.pdb	CG	15.78319962504193
PZ18_Chen_1.pdb	CG	13.297964108751342
PZ18_Chen_1.pdb	CG	11.566844327314936
PZ18_Chen_1.pdb	CG	12.365687318320834
PZ18_Chen_1.pdb	CG	15.38416869376717
PZ18_Chen_1.pdb	CG	19.20007878007474
PZ18_Chen_1.pdb	GG	16.86345087657946
PZ18_Chen_1.pdb	GG	19.814828455213434
PZ18_Chen_1.pdb	AG	18.360583027084637
PZ18_Chen_1.pdb	CG	13.352793494446164
PZ18_Chen_1.pdb	CG	11.569350316558577
PZ18_Chen_1.pdb	CG	12.319936660759842
PZ18_Chen_1.pdb	CG	15.567387225062296
PZ18_Chen_1.pdb	CG	19.844474321324096
PZ18_Chen_1.pdb	AA	16.31769780176741
PZ18_Chen_1.pdb	AC	11.893726757229247
PZ18_Chen_1.pdb	AC	12.302405284567437
PZ18_Chen_1.pdb	AC	15.469436303597927
PZ18_Chen_1.pdb	AC	19.789276311974355
PZ18_Chen_1.pdb	AU	19.807319659449103
PZ18_Chen_1.pdb	AU	19.238244265590318
PZ18_Chen_1.pdb	AA	17.049385326721573
PZ18_Chen_1.pdb	AA	13.050034466793733
PZ18_Chen_1.pdb	AC	10.195295266131277
PZ18_Chen_1.pdb	AC	13.201257405067313
PZ18_Chen_1.pdb	AC	17.759861482702533
PZ18_Chen_1.pdb	AC	18.940480687849963
PZ18_Chen_1.pdb	AU	16.675695270545393
PZ18_Chen_1.pdb	AG	17.331118013220266
PZ18_Chen_1.pdb	AU	15.83162019551621
PZ18_Chen_1.pdb	AA	13.899651411296304
PZ18_Chen_1.pdb	AA	11.638040853411576
PZ18_Chen_1.pdb	AC	11.525484165760252
PZ18_Chen_1.pdb	AC	16.372115714008977
PZ18_Chen_1.pdb	GU	19.843436438831652
PZ18_Chen_1.pdb	CG	18.57126691806105
PZ18_Chen_1.pdb	GU	17.01792677876067
PZ18_Chen_1.pdb	GG	18.244714772411893
PZ18_Chen_1.pdb	GU	17.535066514569593
PZ18_Chen_1.pdb	AG	15.497598393307378
PZ18_Chen_1.pdb	AG	14.508262088314845
PZ18_Chen_1.pdb	CG	15.745909951644633
PZ18_Chen_1.pdb	GG	19.94303848895505
PZ18_Chen_1.pdb	AC	19.85108221123058
PZ18_Chen_1.pdb	CU	18.789865477235917
PZ18_Chen_1.pdb	AG	18.52609877594611
PZ18_Chen_1.pdb	GU	17.571586690783747
PZ18_Chen_1.pdb	AU	19.356391902833703
PZ18_Chen_1.pdb	UU	18.654658803390657
PZ18_Chen_1.pdb	GU	18.842669359099055
PZ18_Chen_1.pdb	AG	17.82460526039781
PZ18_Chen_1.pdb	AU	14.051574225568949
PZ18_Chen_1.pdb	AG	13.757738594017836
PZ18_Chen_1.pdb	AG	17.607547180539132
PZ18_Chen_1.pdb	AC	19.438497649792527
PZ18_Chen_1.pdb	AG	15.330174162804129
PZ18_Chen_1.pdb	AU	11.885360722032075
PZ18_Chen_1.pdb	AG	11.73874372430148
PZ18_Chen_1.pdb	AG	14.893471270089059
PZ18_Chen_1.pdb	AG	17.755658389651234
PZ18_Chen_1.pdb	CC	19.84075241123442
PZ18_Chen_1.pdb	CG	15.881619359531697
PZ18_Chen_1.pdb	CU	13.726210133301285
PZ18_Chen_1.pdb	CG	14.143423087113414
PZ18_Chen_1.pdb	CG	16.270502620094224
PZ18_Chen_1.pdb	CG	17.626919527564937
PZ18_Chen_1.pdb	AC	18.261360121354517
PZ18_Chen_1.pdb	CG	14.916599516296703
PZ18_Chen_1.pdb	CU	14.618581972850668
PZ18_Chen_1.pdb	CG	16.211924765725808
PZ18_Chen_1.pdb	CG	18.10601823694365
PZ18_Chen_1.pdb	CG	18.641333320568595
PZ18_Chen_1.pdb	AC	16.70392796025835
PZ18_Chen_1.pdb	CG	14.908860227375854
PZ18_Chen_1.pdb	CU	15.602746197185285
PZ18_Chen_1.pdb	CG	17.313413557395105
PZ18_Chen_1.pdb	CG	18.340769287566125
PZ18_Chen_1.pdb	CG	17.944675553035466
PZ18_Chen_1.pdb	AC	19.487633778135486
PZ18_Chen_1.pdb	AC	19.329830442998677
PZ18_Chen_1.pdb	AC	16.04934012741048
PZ18_Chen_1.pdb	CG	15.530460443123474
PZ18_Chen_1.pdb	CU	16.256184432640506
PZ18_Chen_1.pdb	CG	17.40686766890403
PZ18_Chen_1.pdb	CG	17.33650722428883
PZ18_Chen_1.pdb	CG	16.19029857399024
PZ18_Chen_1.pdb	CC	19.007080516010642
PZ18_Chen_1.pdb	AC	18.609093583987736
PZ18_Chen_1.pdb	AC	16.75065012633883
PZ18_Chen_1.pdb	CG	16.909648746215936
PZ18_Chen_1.pdb	CU	16.943629342696937
PZ18_Chen_1.pdb	CG	17.05151298928485
PZ18_Chen_1.pdb	CG	15.734027942729943
PZ18_Chen_1.pdb	CG	14.081477016566225
PZ18_Chen_1.pdb	CG	18.698780313889035
PZ18_Chen_1.pdb	AC	18.766149566051524
PZ18_Chen_1.pdb	AC	17.82662720785948
PZ18_Chen_1.pdb	CG	17.92470787101109
PZ18_Chen_1.pdb	CU	16.900218140022393
PZ18_Chen_1.pdb	CG	15.840399447024515
PZ18_Chen_1.pdb	CG	13.549299004585166
PZ18_Chen_1.pdb	CG	12.115441374808132
PZ18_Chen_1.pdb	AC	18.380149371601874
PZ18_Chen_1.pdb	AC	17.614146058200493
PZ18_Chen_1.pdb	AC	17.356979752356352
PZ18_Chen_1.pdb	CG	17.34139043231663
PZ18_Chen_1.pdb	CU	15.640313490225124
PZ18_Chen_1.pdb	CG	14.10603792507336
PZ18_Chen_1.pdb	CG	12.185348260566514
PZ18_Chen_1.pdb	CG	12.606275259870122
PZ18_Chen_1.pdb	AA	15.825220625277176
PZ18_Chen_1.pdb	AA	15.907369013731046
PZ18_Chen_1.pdb	AG	15.686002221249229
PZ18_Chen_1.pdb	AU	13.719833185798185
PZ18_Chen_1.pdb	AG	12.561206538812819
PZ18_Chen_1.pdb	AG	12.453806240738436
PZ18_Chen_1.pdb	AG	15.170662180308968
PZ18_Chen_1.pdb	AC	14.038458054344675
PZ18_Chen_1.pdb	CG	14.931654735390275
PZ18_Chen_1.pdb	CU	14.449250261838351
PZ18_Chen_1.pdb	CG	15.145871503540484
PZ18_Chen_1.pdb	CG	16.953839836757684
PZ18_Chen_1.pdb	GG	15.351812934492273
PZ18_Chen_1.pdb	GU	16.987083539519883
PZ18_Chen_1.pdb	GG	19.344072074464968
PZ18_Chen_1.pdb	AU	18.594527114905567
PZ18_Chen_1.pdb	AG	19.641270134703863
PZ18_Chen_1.pdb	AG	19.98536975407624
PZ18_DasORIGINAL_1.pdb	CG	19.29784194547164
PZ18_DasORIGINAL_1.pdb	GG	16.967463094555082
PZ18_DasORIGINAL_1.pdb	CG	14.97628799406107
PZ18_DasORIGINAL_1.pdb	CG	15.359479803818525
PZ18_DasORIGINAL_1.pdb	AG	16.28707396907527
PZ18_DasORIGINAL_1.pdb	CG	17.11904086806229
PZ18_DasORIGINAL_1.pdb	AG	17.74911750634542
PZ18_DasORIGINAL_1.pdb	GG	17.963025795226226
PZ18_DasORIGINAL_1.pdb	GU	17.968740973046994
PZ18_DasORIGINAL_1.pdb	GU	19.283013882066438
PZ18_DasORIGINAL_1.pdb	AG	19.796613932737696
PZ18_DasORIGINAL_1.pdb	AG	13.660717398567991
PZ18_DasORIGINAL_1.pdb	AG	9.831293223203142
PZ18_DasORIGINAL_1.pdb	GG	8.019377418634853
PZ18_DasORIGINAL_1.pdb	CG	7.34265410782573
PZ18_DasORIGINAL_1.pdb	GU	9.216462380938035
PZ18_DasORIGINAL_1.pdb	GG	10.959614378706993
PZ18_DasORIGINAL_1.pdb	GU	12.916128203695346
PZ18_DasORIGINAL_1.pdb	GG	14.723238838632547
PZ18_DasORIGINAL_1.pdb	CG	16.187686455650415
PZ18_DasORIGINAL_1.pdb	AG	16.691566339396918
PZ18_DasORIGINAL_1.pdb	GG	16.899266205087798
PZ18_DasORIGINAL_1.pdb	CG	16.76540312995142
PZ18_DasORIGINAL_1.pdb	CG	19.103927596116534
PZ18_DasORIGINAL_1.pdb	AG	18.78055875189966
PZ18_DasORIGINAL_1.pdb	AG	17.35733118732696
PZ18_DasORIGINAL_1.pdb	CG	17.490939200011077
PZ18_DasORIGINAL_1.pdb	CG	19.567282064457665
PZ18_DasORIGINAL_1.pdb	GG	14.11129958809842
PZ18_DasORIGINAL_1.pdb	CG	11.857200371719026
PZ18_DasORIGINAL_1.pdb	CG	14.847796684588374
PZ18_DasORIGINAL_1.pdb	AG	17.934955276970378
PZ18_DasORIGINAL_1.pdb	AG	17.078307139608906
PZ18_DasORIGINAL_1.pdb	AG	11.404148968313521
PZ18_DasORIGINAL_1.pdb	GG	12.100125889872823
PZ18_DasORIGINAL_1.pdb	CG	13.461517179576505
PZ18_DasORIGINAL_1.pdb	GU	15.660586929844596
PZ18_DasORIGINAL_1.pdb	GG	16.45071376325622
PZ18_DasORIGINAL_1.pdb	GU	16.68431069879599
PZ18_DasORIGINAL_1.pdb	GG	16.091972749915115
PZ18_DasORIGINAL_1.pdb	CG	15.371388927192855
PZ18_DasORIGINAL_1.pdb	AG	13.637867263996185
PZ18_DasORIGINAL_1.pdb	GG	12.012762834837703
PZ18_DasORIGINAL_1.pdb	CG	10.5740199339024
PZ18_DasORIGINAL_1.pdb	CG	12.926325813560947
PZ18_DasORIGINAL_1.pdb	GU	15.207014919301558
PZ18_DasORIGINAL_1.pdb	GG	16.640030553949362
PZ18_DasORIGINAL_1.pdb	GU	17.979220464471542
PZ18_DasORIGINAL_1.pdb	AG	18.684580636254793
PZ18_DasORIGINAL_1.pdb	AG	19.421443462953526
PZ18_DasORIGINAL_1.pdb	CG	19.169216772544676
PZ18_DasORIGINAL_1.pdb	GG	16.712961779414996
PZ18_DasORIGINAL_1.pdb	GG	17.3740442306221
PZ18_DasORIGINAL_1.pdb	CG	18.90121692183335
PZ18_DasORIGINAL_1.pdb	GU	18.790366781275438
PZ18_DasORIGINAL_1.pdb	CG	14.646918595790668
PZ18_DasORIGINAL_1.pdb	GG	9.80945844556369
PZ18_DasORIGINAL_1.pdb	CG	6.505346175369405
PZ18_DasORIGINAL_1.pdb	CG	9.70479577375779
PZ18_DasORIGINAL_1.pdb	AG	13.870775270081761
PZ18_DasORIGINAL_1.pdb	CG	17.76051415090937
PZ18_DasORIGINAL_1.pdb	AG	13.634828094912153
PZ18_DasORIGINAL_1.pdb	AG	7.856099343727708
PZ18_DasORIGINAL_1.pdb	GG	11.952187092503532
PZ18_DasORIGINAL_1.pdb	CG	15.123760595114287
PZ18_DasORIGINAL_1.pdb	GU	17.821715198978968
PZ18_DasORIGINAL_1.pdb	GG	18.307319810259052
PZ18_DasORIGINAL_1.pdb	GU	17.806862071208133
PZ18_DasORIGINAL_1.pdb	GG	16.092449649676077
PZ18_DasORIGINAL_1.pdb	CG	14.442800106018545
PZ18_DasORIGINAL_1.pdb	AG	12.731867933287734
PZ18_DasORIGINAL_1.pdb	GG	11.306796123458442
PZ18_DasORIGINAL_1.pdb	CG	10.114025520843438
PZ18_DasORIGINAL_1.pdb	CG	11.54854336576449
PZ18_DasORIGINAL_1.pdb	GU	12.952881272810245
PZ18_DasORIGINAL_1.pdb	GG	13.691017413814814
PZ18_DasORIGINAL_1.pdb	GU	14.485495836481558
PZ18_DasORIGINAL_1.pdb	AG	15.245630223120815
PZ18_DasORIGINAL_1.pdb	AG	16.962904078614386
PZ18_DasORIGINAL_1.pdb	CG	15.179220892875124
PZ18_DasORIGINAL_1.pdb	GU	16.801666063343045
PZ18_DasORIGINAL_1.pdb	CU	19.702460203374507
PZ18_DasORIGINAL_1.pdb	GU	18.252519985640028
PZ18_DasORIGINAL_1.pdb	UU	14.208131583225352
PZ18_DasORIGINAL_1.pdb	CU	11.68427211950522
PZ18_DasORIGINAL_1.pdb	GU	9.500478610087468
PZ18_DasORIGINAL_1.pdb	CU	6.297612578092394
PZ18_DasORIGINAL_1.pdb	CU	6.029394883595369
PZ18_DasORIGINAL_1.pdb	AU	10.193775105335865
PZ18_DasORIGINAL_1.pdb	CU	14.822023118323033
PZ18_DasORIGINAL_1.pdb	AU	18.73549801341239
PZ18_DasORIGINAL_1.pdb	AU	16.385491047266612
PZ18_DasORIGINAL_1.pdb	AU	10.212918072100832
PZ18_DasORIGINAL_1.pdb	AU	6.804975375043734
PZ18_DasORIGINAL_1.pdb	GU	13.275328589377654
PZ18_DasORIGINAL_1.pdb	CU	17.24759337251303
PZ18_DasORIGINAL_1.pdb	UU	19.974121633129446
PZ18_DasORIGINAL_1.pdb	UU	19.52070659473781
PZ18_DasORIGINAL_1.pdb	GU	17.57855440793002
PZ18_DasORIGINAL_1.pdb	CU	15.994158193209339
PZ18_DasORIGINAL_1.pdb	AU	15.45710757752445
PZ18_DasORIGINAL_1.pdb	GU	15.207884244679065
PZ18_DasORIGINAL_1.pdb	CU	14.972989747603267
PZ18_DasORIGINAL_1.pdb	CU	15.544535657860585
PZ18_DasORIGINAL_1.pdb	UU	15.59312728282383
PZ18_DasORIGINAL_1.pdb	GU	14.801463974383678
PZ18_DasORIGINAL_1.pdb	UU	13.85680424804803
PZ18_DasORIGINAL_1.pdb	AU	13.496135410020504
PZ18_DasORIGINAL_1.pdb	AU	15.341068483207954
PZ18_DasORIGINAL_1.pdb	CU	11.567034468638235
PZ18_DasORIGINAL_1.pdb	CU	15.820658245542319
PZ18_DasORIGINAL_1.pdb	CC	19.913359116376576
PZ18_DasORIGINAL_1.pdb	CG	16.094504159652622
PZ18_DasORIGINAL_1.pdb	CU	13.842394269844938
PZ18_DasORIGINAL_1.pdb	CC	13.887327973322373
PZ18_DasORIGINAL_1.pdb	CG	13.477544159039278
PZ18_DasORIGINAL_1.pdb	CC	10.479025738408003
PZ18_DasORIGINAL_1.pdb	CC	10.397514602805735
PZ18_DasORIGINAL_1.pdb	AC	14.059586221414117
PZ18_DasORIGINAL_1.pdb	CC	18.632761273928352
PZ18_DasORIGINAL_1.pdb	AC	17.41229273736505
PZ18_DasORIGINAL_1.pdb	AC	12.755564924870317
PZ18_DasORIGINAL_1.pdb	AC	10.56803094327352
PZ18_DasORIGINAL_1.pdb	CG	16.885641735125663
PZ18_DasORIGINAL_1.pdb	CG	19.64200668772212
PZ18_DasORIGINAL_1.pdb	CC	18.54149063061111
PZ18_DasORIGINAL_1.pdb	CC	17.50055496799258
PZ18_DasORIGINAL_1.pdb	CU	15.852726361586452
PZ18_DasORIGINAL_1.pdb	CG	13.741573731673427
PZ18_DasORIGINAL_1.pdb	CU	11.861959713970531
PZ18_DasORIGINAL_1.pdb	AC	11.82463531130577
PZ18_DasORIGINAL_1.pdb	AC	15.158757945663272
PZ18_DasORIGINAL_1.pdb	CC	10.629512200551796
PZ18_DasORIGINAL_1.pdb	CC	12.942614665637903
PZ18_DasORIGINAL_1.pdb	CC	18.3160489026372
PZ18_DasORIGINAL_1.pdb	AA	18.32090351138013
PZ18_DasORIGINAL_1.pdb	AG	14.310026416174235
PZ18_DasORIGINAL_1.pdb	AU	13.511644349186101
PZ18_DasORIGINAL_1.pdb	AC	14.632607725658481
PZ18_DasORIGINAL_1.pdb	AG	14.565666812312552
PZ18_DasORIGINAL_1.pdb	AC	11.932341766327587
PZ18_DasORIGINAL_1.pdb	AC	13.63726620790754
PZ18_DasORIGINAL_1.pdb	AA	18.19123941734894
PZ18_DasORIGINAL_1.pdb	AA	18.228773819049053
PZ18_DasORIGINAL_1.pdb	AA	15.373423050602332
PZ18_DasORIGINAL_1.pdb	AC	18.341104598435926
PZ18_DasORIGINAL_1.pdb	AC	16.31492262424289
PZ18_DasORIGINAL_1.pdb	AU	14.271304522878433
PZ18_DasORIGINAL_1.pdb	AG	12.847086306973592
PZ18_DasORIGINAL_1.pdb	AU	12.572330038761612
PZ18_DasORIGINAL_1.pdb	AA	14.640400627030992
PZ18_DasORIGINAL_1.pdb	AA	19.31598395318654
PZ18_DasORIGINAL_1.pdb	AC	15.311234922783857
PZ18_DasORIGINAL_1.pdb	AC	16.82220753192068
PZ18_DasORIGINAL_1.pdb	GG	18.626162397216877
PZ18_DasORIGINAL_1.pdb	AG	17.399941910956958
PZ18_DasORIGINAL_1.pdb	GG	14.466439019160243
PZ18_DasORIGINAL_1.pdb	GU	14.429452892687575
PZ18_DasORIGINAL_1.pdb	CG	15.518226956467593
PZ18_DasORIGINAL_1.pdb	GG	15.181455244657014
PZ18_DasORIGINAL_1.pdb	CG	13.196079300497951
PZ18_DasORIGINAL_1.pdb	CG	16.542108221657852
PZ18_DasORIGINAL_1.pdb	AG	19.588945387892966
PZ18_DasORIGINAL_1.pdb	GG	19.18023986887665
PZ18_DasORIGINAL_1.pdb	CG	17.05354206563763
PZ18_DasORIGINAL_1.pdb	CG	14.466035537504212
PZ18_DasORIGINAL_1.pdb	GU	12.94086530885144
PZ18_DasORIGINAL_1.pdb	GG	13.376611824800053
PZ18_DasORIGINAL_1.pdb	GU	15.30904726826925
PZ18_DasORIGINAL_1.pdb	AG	18.888621212928147
PZ18_DasORIGINAL_1.pdb	GG	17.525387181159548
PZ18_DasORIGINAL_1.pdb	AG	19.360970442625728
PZ18_DasORIGINAL_1.pdb	GG	16.866276264081957
PZ18_DasORIGINAL_1.pdb	GU	16.221738886272025
PZ18_DasORIGINAL_1.pdb	CG	15.953187887404166
PZ18_DasORIGINAL_1.pdb	GG	14.601639246356052
PZ18_DasORIGINAL_1.pdb	CG	13.501476465448036
PZ18_DasORIGINAL_1.pdb	CG	18.29625318906269
PZ18_DasORIGINAL_1.pdb	AG	19.53337061190125
PZ18_DasORIGINAL_1.pdb	GG	16.130263034976064
PZ18_DasORIGINAL_1.pdb	CG	13.898782059468639
PZ18_DasORIGINAL_1.pdb	CG	11.603583417353272
PZ18_DasORIGINAL_1.pdb	GU	12.140117650376121
PZ18_DasORIGINAL_1.pdb	GG	15.176369644263282
PZ18_DasORIGINAL_1.pdb	GU	18.9321034921469
PZ18_DasORIGINAL_1.pdb	CC	19.57297151367005
PZ18_DasORIGINAL_1.pdb	CG	19.505636573430166
PZ18_DasORIGINAL_1.pdb	CU	18.28803806118508
PZ18_DasORIGINAL_1.pdb	CC	16.93591582452344
PZ18_DasORIGINAL_1.pdb	CG	14.998958687894918
PZ18_DasORIGINAL_1.pdb	CC	14.929662735131291
PZ18_DasORIGINAL_1.pdb	AC	17.95012812711344
PZ18_DasORIGINAL_1.pdb	CG	14.183504121347903
PZ18_DasORIGINAL_1.pdb	CC	12.569016434916213
PZ18_DasORIGINAL_1.pdb	CC	11.53901249333594
PZ18_DasORIGINAL_1.pdb	CU	14.214599527475686
PZ18_DasORIGINAL_1.pdb	CG	18.630531716072316
PZ18_DasORIGINAL_1.pdb	CU	18.5554455333476
PZ18_DasORIGINAL_1.pdb	CC	16.401691197056593
PZ18_DasORIGINAL_1.pdb	CG	14.714178453234746
PZ18_DasORIGINAL_1.pdb	CC	16.054002945328257
PZ18_DasORIGINAL_1.pdb	AC	15.756941274593824
PZ18_DasORIGINAL_1.pdb	CG	12.77686290988914
PZ18_DasORIGINAL_1.pdb	CC	13.354832692626248
PZ18_DasORIGINAL_1.pdb	CC	14.532744104682136
PZ18_DasORIGINAL_1.pdb	CU	18.605003780429932
PZ18_DasORIGINAL_1.pdb	AG	17.606152061810384
PZ18_DasORIGINAL_1.pdb	AG	18.351767530142258
PZ18_DasORIGINAL_1.pdb	GG	18.258054186503212
PZ18_DasORIGINAL_1.pdb	GU	16.166245091233105
PZ18_DasORIGINAL_1.pdb	CG	14.088415893873522
PZ18_DasORIGINAL_1.pdb	GG	13.95024365191577
PZ18_DasORIGINAL_1.pdb	CG	16.544105419674658
PZ18_DasORIGINAL_1.pdb	CG	19.782546459554695
PZ18_DasORIGINAL_1.pdb	CG	18.587269138001044
PZ18_DasORIGINAL_1.pdb	AG	14.649047216252741
PZ18_DasORIGINAL_1.pdb	GG	13.644688339619435
PZ18_DasORIGINAL_1.pdb	CG	16.368107417092617
PZ18_DasORIGINAL_1.pdb	CG	18.709835765033443
PZ18_DasORIGINAL_1.pdb	AG	15.852403627502618
PZ18_DasORIGINAL_1.pdb	AG	18.503039370527034
PZ18_DasORIGINAL_1.pdb	GG	16.132367276665253
PZ18_DasORIGINAL_1.pdb	GU	13.700908523309337
PZ18_DasORIGINAL_1.pdb	CG	11.943262538392815
PZ18_DasORIGINAL_1.pdb	GG	13.696156640177746
PZ18_DasORIGINAL_1.pdb	CG	17.106554577984813
PZ18_DasORIGINAL_1.pdb	CG	18.55254086011605
PZ18_DasORIGINAL_1.pdb	CG	16.97119285764799
PZ18_DasORIGINAL_1.pdb	AG	14.613110034064475
PZ18_DasORIGINAL_1.pdb	GG	15.574646753199323
PZ18_DasORIGINAL_1.pdb	CG	19.54358150248369
PZ18_DasORIGINAL_1.pdb	AC	15.939391798985378
PZ18_DasORIGINAL_1.pdb	CG	13.900323556504956
PZ18_DasORIGINAL_1.pdb	CU	11.98538756066691
PZ18_DasORIGINAL_1.pdb	CC	11.854539736643126
PZ18_DasORIGINAL_1.pdb	CG	15.684119959726404
PZ18_DasORIGINAL_1.pdb	CC	19.191361482198396
PZ18_DasORIGINAL_1.pdb	CC	18.861780893123218
PZ18_DasORIGINAL_1.pdb	CC	18.383469424577147
PZ18_DasORIGINAL_1.pdb	AC	17.629385499028825
PZ18_DasORIGINAL_1.pdb	CG	19.65814908073751
PZ18_DasORIGINAL_1.pdb	GG	12.691529412505696
PZ18_DasORIGINAL_1.pdb	GU	13.015686973685327
PZ18_DasORIGINAL_1.pdb	CG	15.266653469536466
PZ18_DasORIGINAL_1.pdb	AU	15.714183262269852
PZ18_DasORIGINAL_1.pdb	AC	19.03008294440163
PZ18_DasORIGINAL_1.pdb	AC	17.970169412126367
PZ18_DasORIGINAL_1.pdb	CG	17.323311451961256
PZ18_DasORIGINAL_1.pdb	CG	16.158837470564606
PZ18_DasORIGINAL_1.pdb	AG	18.81080593497001
PZ18_DasORIGINAL_1.pdb	CU	10.982983876394371
PZ18_DasORIGINAL_1.pdb	AU	13.759656332602782
PZ18_DasORIGINAL_1.pdb	CU	19.117240252645793
PZ18_DasORIGINAL_1.pdb	CU	17.98545585355876
PZ18_DasORIGINAL_1.pdb	AU	17.674961097992178
PZ18_DasORIGINAL_1.pdb	GU	18.892464320300242
PZ18_DasORIGINAL_1.pdb	AC	10.81882403377429
PZ18_DasORIGINAL_1.pdb	CC	16.43792565744298
PZ18_DasORIGINAL_1.pdb	AC	18.971530424022127
PZ18_DasORIGINAL_1.pdb	AC	17.84033550561262
PZ18_DasORIGINAL_1.pdb	CG	16.004851936666526
PZ18_DasORIGINAL_1.pdb	CC	12.163760474195406
PZ18_DasORIGINAL_1.pdb	AC	11.797075501386342
PZ18_DasORIGINAL_1.pdb	CG	13.591760984281736
PZ18_DasORIGINAL_1.pdb	CC	16.798750391440816
PZ18_DasORIGINAL_1.pdb	CC	19.24693519311437
PZ18_DasORIGINAL_1.pdb	CG	16.976006041223528
PZ18_DasORIGINAL_1.pdb	AG	17.891821544625255
PZ18_DasORIGINAL_1.pdb	AG	14.979019614381597
PZ18_DasORIGINAL_1.pdb	GU	18.575074250894545
PZ18_DasORIGINAL_1.pdb	GG	13.817882307149379
PZ18_DasORIGINAL_1.pdb	CG	9.627291648139572
PZ18_DasORIGINAL_1.pdb	AG	7.566926206430705
PZ18_DasORIGINAL_1.pdb	GG	8.321527928002096
PZ18_DasORIGINAL_1.pdb	CG	11.336694041745398
PZ18_DasORIGINAL_1.pdb	CG	14.433985036197672
PZ18_DasORIGINAL_1.pdb	GU	17.56473438666345
PZ18_DasORIGINAL_1.pdb	GG	19.73882702764857
PZ18_DasORIGINAL_1.pdb	AC	15.710316170789358
PZ18_DasORIGINAL_1.pdb	AC	11.804867027092884
PZ18_DasORIGINAL_1.pdb	CG	17.38813895511682
PZ18_DasORIGINAL_1.pdb	CU	19.3013655932924
PZ18_DasORIGINAL_1.pdb	CG	15.633808290828508
PZ18_DasORIGINAL_1.pdb	CC	12.32466377865678
PZ18_DasORIGINAL_1.pdb	AC	10.156673636131693
PZ18_DasORIGINAL_1.pdb	CG	9.376247152999953
PZ18_DasORIGINAL_1.pdb	CC	10.165392477829439
PZ18_DasORIGINAL_1.pdb	CC	12.128932116571347
PZ18_DasORIGINAL_1.pdb	CU	14.344297161747521
PZ18_DasORIGINAL_1.pdb	CG	15.934188747463814
PZ18_DasORIGINAL_1.pdb	CU	17.231215124320283
PZ18_DasORIGINAL_1.pdb	AC	18.536466808730108
PZ18_DasORIGINAL_1.pdb	CC	17.734865412669844
PZ18_DasORIGINAL_1.pdb	AC	17.30898007592024
PZ18_DasORIGINAL_1.pdb	AC	12.094767884219598
PZ18_DasORIGINAL_1.pdb	AC	11.042156919007692
PZ18_DasORIGINAL_1.pdb	CG	16.793939313381397
PZ18_DasORIGINAL_1.pdb	CC	19.269981619307046
PZ18_DasORIGINAL_1.pdb	CG	18.934048565022742
PZ18_DasORIGINAL_1.pdb	CU	16.631336222096355
PZ18_DasORIGINAL_1.pdb	CG	13.42250385710207
PZ18_DasORIGINAL_1.pdb	CC	11.507484405963304
PZ18_DasORIGINAL_1.pdb	AC	12.232949850650394
PZ18_DasORIGINAL_1.pdb	CG	13.88641103169357
PZ18_DasORIGINAL_1.pdb	CC	16.019698513768834
PZ18_DasORIGINAL_1.pdb	CC	18.242248744150743
PZ18_DasORIGINAL_1.pdb	CU	19.83148545432539
PZ18_DasORIGINAL_1.pdb	CU	19.823602277494157
PZ18_DasORIGINAL_1.pdb	AC	19.35721531409238
PZ18_DasORIGINAL_1.pdb	CC	16.299214345802014
PZ18_DasORIGINAL_1.pdb	CC	19.976424498032333
PZ18_DasORIGINAL_1.pdb	AU	19.25003114599478
PZ18_DasORIGINAL_1.pdb	AG	19.79300827342927
PZ18_DasORIGINAL_1.pdb	AA	13.99845568941268
PZ18_DasORIGINAL_1.pdb	AA	10.516288430628878
PZ18_DasORIGINAL_1.pdb	AA	12.591222229796447
PZ18_DasORIGINAL_1.pdb	AG	17.167559997674452
PZ18_DasORIGINAL_1.pdb	AC	18.47944907017683
PZ18_DasORIGINAL_1.pdb	AU	18.377835625055123
PZ18_DasORIGINAL_1.pdb	AG	16.431790830826575
PZ18_DasORIGINAL_1.pdb	AU	14.16500021280987
PZ18_DasORIGINAL_1.pdb	AG	12.20856318420181
PZ18_DasORIGINAL_1.pdb	AC	12.477377268358484
PZ18_DasORIGINAL_1.pdb	AA	15.444009385690949
PZ18_DasORIGINAL_1.pdb	AG	18.394087628015157
PZ18_DasORIGINAL_1.pdb	AC	17.08137464134734
PZ18_DasORIGINAL_1.pdb	CG	17.561780146008424
PZ18_DasORIGINAL_1.pdb	AC	11.956184601314844
PZ18_DasORIGINAL_1.pdb	AC	10.67889161099572
PZ18_DasORIGINAL_1.pdb	AC	14.823243373073037
PZ18_DasORIGINAL_1.pdb	CG	17.511322324821222
PZ18_DasORIGINAL_1.pdb	CC	17.367996522927747
PZ18_DasORIGINAL_1.pdb	CU	16.049385503744094
PZ18_DasORIGINAL_1.pdb	CG	13.822002575193874
PZ18_DasORIGINAL_1.pdb	CU	12.358554950677753
PZ18_DasORIGINAL_1.pdb	CG	12.794238041077193
PZ18_DasORIGINAL_1.pdb	CC	15.279984175524
PZ18_DasORIGINAL_1.pdb	AC	19.39990125388313
PZ18_DasORIGINAL_1.pdb	CC	18.6909861152495
PZ18_DasORIGINAL_1.pdb	AG	15.466033858387252
PZ18_DasORIGINAL_1.pdb	AA	10.80525109226585
PZ18_DasORIGINAL_1.pdb	AA	11.518622810266862
PZ18_DasORIGINAL_1.pdb	AA	16.60603145639854
PZ18_DasORIGINAL_1.pdb	AG	17.162232140801798
PZ18_DasORIGINAL_1.pdb	AC	15.693437954704594
PZ18_DasORIGINAL_1.pdb	AU	13.608400187924985
PZ18_DasORIGINAL_1.pdb	AG	12.165154980083711
PZ18_DasORIGINAL_1.pdb	AU	12.810408039857787
PZ18_DasORIGINAL_1.pdb	AG	15.82548839306073
PZ18_DasORIGINAL_1.pdb	AC	19.5584273526903
PZ18_DasORIGINAL_1.pdb	AC	19.678071961430316
PZ18_DasORIGINAL_1.pdb	GG	17.141120613292493
PZ18_DasORIGINAL_1.pdb	GG	13.44487272845685
PZ18_DasORIGINAL_1.pdb	AG	10.38774380416646
PZ18_DasORIGINAL_1.pdb	AG	12.150194241280266
PZ18_DasORIGINAL_1.pdb	AG	17.260017242446548
PZ18_DasORIGINAL_1.pdb	GG	15.80455407839685
PZ18_DasORIGINAL_1.pdb	CG	13.588306977006763
PZ18_DasORIGINAL_1.pdb	GU	11.887677354283031
PZ18_DasORIGINAL_1.pdb	GG	12.608288760570371
PZ18_DasORIGINAL_1.pdb	GU	15.528221810922824
PZ18_DasORIGINAL_1.pdb	GG	19.878133923000984
PZ18_DasORIGINAL_1.pdb	CG	19.273212388388078
PZ18_DasORIGINAL_1.pdb	GU	15.43226585036442
PZ18_DasORIGINAL_1.pdb	GU	13.384216239097293
PZ18_DasORIGINAL_1.pdb	GU	11.321143974283059
PZ18_DasORIGINAL_1.pdb	AU	10.057221568687325
PZ18_DasORIGINAL_1.pdb	AU	11.952444602269102
PZ18_DasORIGINAL_1.pdb	AU	16.524507252430443
PZ18_DasORIGINAL_1.pdb	GU	13.651521435004877
PZ18_DasORIGINAL_1.pdb	CU	11.938944091613505
PZ18_DasORIGINAL_1.pdb	UU	12.274004661530402
PZ18_DasORIGINAL_1.pdb	GU	15.260357137075205
PZ18_DasORIGINAL_1.pdb	UU	19.26835992175078
PZ18_DasORIGINAL_1.pdb	AU	16.954049481595277
PZ18_DasORIGINAL_1.pdb	CU	17.019540574438555
PZ18_DasORIGINAL_1.pdb	CU	19.50408098165786
PZ18_DasORIGINAL_1.pdb	GU	10.756337855518693
PZ18_DasORIGINAL_1.pdb	GU	11.199238681206655
PZ18_DasORIGINAL_1.pdb	AU	11.94663439413876
PZ18_DasORIGINAL_1.pdb	AU	13.398214406306531
PZ18_DasORIGINAL_1.pdb	AU	16.762115721681642
PZ18_DasORIGINAL_1.pdb	GU	12.945596355070327
PZ18_DasORIGINAL_1.pdb	CU	12.623579615413108
PZ18_DasORIGINAL_1.pdb	UU	15.18647356341808
PZ18_DasORIGINAL_1.pdb	GU	19.489038277169932
PZ18_DasORIGINAL_1.pdb	AU	19.728325438635167
PZ18_DasORIGINAL_1.pdb	AU	13.577318985527873
PZ18_DasORIGINAL_1.pdb	CU	15.274521420526137
PZ18_DasORIGINAL_1.pdb	CU	17.3379259955607
PZ18_DasORIGINAL_1.pdb	CU	18.99973453008775
PZ18_DasORIGINAL_1.pdb	CU	19.969442166028674
PZ18_DasORIGINAL_1.pdb	GU	18.28500914495717
PZ18_DasORIGINAL_1.pdb	GU	15.087083819360002
PZ18_DasORIGINAL_1.pdb	GU	14.845617365711217
PZ18_DasORIGINAL_1.pdb	AU	16.62888360548324
PZ18_DasORIGINAL_1.pdb	AU	17.051288837446137
PZ18_DasORIGINAL_1.pdb	AU	18.550875402478724
PZ18_DasORIGINAL_1.pdb	GU	14.340996985510525
PZ18_DasORIGINAL_1.pdb	CU	15.553815392752636
PZ18_DasORIGINAL_1.pdb	UU	19.695446767698623
PZ18_DasORIGINAL_1.pdb	AU	17.685967166200236
PZ18_DasORIGINAL_1.pdb	AU	11.554299655869594
PZ18_DasORIGINAL_1.pdb	CU	15.333305097436073
PZ18_DasORIGINAL_1.pdb	CU	16.865274242477053
PZ18_DasORIGINAL_1.pdb	CU	17.441683624493443
PZ18_DasORIGINAL_1.pdb	CU	16.92831657661749
PZ18_DasORIGINAL_1.pdb	CU	16.994217849323352
PZ18_DasORIGINAL_1.pdb	CU	17.764061340865307
PZ18_DasORIGINAL_1.pdb	CU	19.69022077858477
PZ18_DasORIGINAL_1.pdb	UU	19.67227227690397
PZ18_DasORIGINAL_1.pdb	GU	15.694520392021658
PZ18_DasORIGINAL_1.pdb	GU	11.614122014310679
PZ18_DasORIGINAL_1.pdb	GU	8.075632189890436
PZ18_DasORIGINAL_1.pdb	AG	18.562712619562415
PZ18_DasORIGINAL_1.pdb	AG	19.951536712604128
PZ18_DasORIGINAL_1.pdb	GG	18.388732659083693
PZ18_DasORIGINAL_1.pdb	AG	18.887708334196304
PZ18_DasORIGINAL_1.pdb	AG	13.255325695645718
PZ18_DasORIGINAL_1.pdb	CG	16.872557607649433
PZ18_DasORIGINAL_1.pdb	CG	16.822319401196275
PZ18_DasORIGINAL_1.pdb	CG	15.784886832251203
PZ18_DasORIGINAL_1.pdb	CG	13.807956342663582
PZ18_DasORIGINAL_1.pdb	CG	12.78243226365449
PZ18_DasORIGINAL_1.pdb	CG	13.39984120105036
PZ18_DasORIGINAL_1.pdb	CG	16.00379380760192
PZ18_DasORIGINAL_1.pdb	AG	19.774333281263477
PZ18_DasORIGINAL_1.pdb	GU	19.178802719200302
PZ18_DasORIGINAL_1.pdb	GG	15.435734637994631
PZ18_DasORIGINAL_1.pdb	GG	10.991274707676881
PZ18_DasORIGINAL_1.pdb	GG	6.028984117875674
PZ18_DasORIGINAL_1.pdb	AG	19.08115616344605
PZ18_DasORIGINAL_1.pdb	AG	15.076656346753493
PZ18_DasORIGINAL_1.pdb	CG	16.883196957675484
PZ18_DasORIGINAL_1.pdb	CG	15.420660361491166
PZ18_DasORIGINAL_1.pdb	CG	13.540584542432036
PZ18_DasORIGINAL_1.pdb	CG	11.772025899520944
PZ18_DasORIGINAL_1.pdb	CG	12.10064427945128
PZ18_DasORIGINAL_1.pdb	CG	14.89432280662455
PZ18_DasORIGINAL_1.pdb	CG	19.13759931057729
PZ18_DasORIGINAL_1.pdb	GG	16.414787877236684
PZ18_DasORIGINAL_1.pdb	GG	11.746737387586188
PZ18_DasORIGINAL_1.pdb	AG	15.83988824017997
PZ18_DasORIGINAL_1.pdb	CG	15.704695762707535
PZ18_DasORIGINAL_1.pdb	CG	13.773650705158119
PZ18_DasORIGINAL_1.pdb	CG	12.56108516844191
PZ18_DasORIGINAL_1.pdb	CG	12.807520643580487
PZ18_DasORIGINAL_1.pdb	CG	15.349197173760128
PZ18_DasORIGINAL_1.pdb	CG	19.480021954868864
PZ18_DasORIGINAL_1.pdb	GG	17.043592675449986
PZ18_DasORIGINAL_1.pdb	GG	18.220352387369186
PZ18_DasORIGINAL_1.pdb	CG	19.922678977250307
PZ18_DasORIGINAL_1.pdb	AG	19.992361003495613
PZ18_DasORIGINAL_1.pdb	AG	15.474404599917623
PZ18_DasORIGINAL_1.pdb	CG	13.604464310437912
PZ18_DasORIGINAL_1.pdb	CG	12.396894814965723
PZ18_DasORIGINAL_1.pdb	CG	13.238082977532914
PZ18_DasORIGINAL_1.pdb	CG	15.76655135535907
PZ18_DasORIGINAL_1.pdb	CG	19.686271653926894
PZ18_DasORIGINAL_1.pdb	AC	16.567361580682142
PZ18_DasORIGINAL_1.pdb	AU	18.19306490671722
PZ18_DasORIGINAL_1.pdb	AG	19.67316331788557
PZ18_DasORIGINAL_1.pdb	AA	18.408784101060988
PZ18_DasORIGINAL_1.pdb	AA	14.610216943623099
PZ18_DasORIGINAL_1.pdb	AC	11.617984476584041
PZ18_DasORIGINAL_1.pdb	AC	12.449601000214848
PZ18_DasORIGINAL_1.pdb	AC	15.590796055326132
PZ18_DasORIGINAL_1.pdb	AC	19.446741789141498
PZ18_DasORIGINAL_1.pdb	AU	14.805541614442262
PZ18_DasORIGINAL_1.pdb	AG	16.358193729109857
PZ18_DasORIGINAL_1.pdb	AU	17.726048082556495
PZ18_DasORIGINAL_1.pdb	AG	18.93733852296094
PZ18_DasORIGINAL_1.pdb	AU	18.180202407866958
PZ18_DasORIGINAL_1.pdb	AA	14.229256376019473
PZ18_DasORIGINAL_1.pdb	AA	11.578491545421679
PZ18_DasORIGINAL_1.pdb	AC	8.356295894935048
PZ18_DasORIGINAL_1.pdb	AC	12.23839559534501
PZ18_DasORIGINAL_1.pdb	AC	17.212984291768603
PZ18_DasORIGINAL_1.pdb	AG	16.991666569913722
PZ18_DasORIGINAL_1.pdb	AU	18.1773875207944
PZ18_DasORIGINAL_1.pdb	AG	18.522088498246337
PZ18_DasORIGINAL_1.pdb	AC	18.711609084476567
PZ18_DasORIGINAL_1.pdb	AA	18.959358841181523
PZ18_DasORIGINAL_1.pdb	AG	18.78876905387509
PZ18_DasORIGINAL_1.pdb	AC	17.900675114517593
PZ18_DasORIGINAL_1.pdb	AC	18.33216972166862
PZ18_DasORIGINAL_1.pdb	AU	17.680183562911424
PZ18_DasORIGINAL_1.pdb	AG	15.6892824883598
PZ18_DasORIGINAL_1.pdb	AU	13.284524827725708
PZ18_DasORIGINAL_1.pdb	AA	10.854438012640715
PZ18_DasORIGINAL_1.pdb	AA	10.298666262705215
PZ18_DasORIGINAL_1.pdb	AC	8.296953534862899
PZ18_DasORIGINAL_1.pdb	AC	13.93884020275057
PZ18_DasORIGINAL_1.pdb	AC	19.461208388913846
PZ18_DasORIGINAL_1.pdb	GU	18.156087777733084
PZ18_DasORIGINAL_1.pdb	GG	18.88316536671654
PZ18_DasORIGINAL_1.pdb	GU	16.197148009326344
PZ18_DasORIGINAL_1.pdb	AG	12.919975515506875
PZ18_DasORIGINAL_1.pdb	AG	9.794257828203197
PZ18_DasORIGINAL_1.pdb	CG	11.050782949707108
PZ18_DasORIGINAL_1.pdb	CG	16.611967357389545
PZ18_DasORIGINAL_1.pdb	GG	18.891502417513863
PZ18_DasORIGINAL_1.pdb	GG	18.854527673511267
PZ18_DasORIGINAL_1.pdb	GG	19.662618933600005
PZ18_DasORIGINAL_1.pdb	CG	19.0476809149103
PZ18_DasORIGINAL_1.pdb	AC	18.607697320908194
PZ18_DasORIGINAL_1.pdb	AC	14.824003072196287
PZ18_DasORIGINAL_1.pdb	CC	16.143068227630536
PZ18_DasORIGINAL_1.pdb	AG	19.99355877452158
PZ18_DasORIGINAL_1.pdb	GU	19.784225406171842
PZ18_DasORIGINAL_1.pdb	CG	19.74323890018512
PZ18_DasORIGINAL_1.pdb	CU	19.639323057121892
PZ18_DasORIGINAL_1.pdb	CG	16.830225743411322
PZ18_DasORIGINAL_1.pdb	GG	16.730641434976274
PZ18_DasORIGINAL_1.pdb	GU	16.58184813662866
PZ18_DasORIGINAL_1.pdb	GG	19.927440862959
PZ18_DasORIGINAL_1.pdb	CU	14.888760444021006
PZ18_DasORIGINAL_1.pdb	CU	18.931946838503602
PZ18_DasORIGINAL_1.pdb	AU	16.22410245721908
PZ18_DasORIGINAL_1.pdb	GU	12.180236606462131
PZ18_DasORIGINAL_1.pdb	UU	12.227251296979535
PZ18_DasORIGINAL_1.pdb	GU	15.622626164355545
PZ18_DasORIGINAL_1.pdb	AC	14.061182463839039
PZ18_DasORIGINAL_1.pdb	AC	17.443178066000957
PZ18_DasORIGINAL_1.pdb	AA	16.443449852774034
PZ18_DasORIGINAL_1.pdb	AG	11.612447567033843
PZ18_DasORIGINAL_1.pdb	AU	11.040108847371771
PZ18_DasORIGINAL_1.pdb	AG	13.062319059607642
PZ18_DasORIGINAL_1.pdb	AG	16.197371092128137
PZ18_DasORIGINAL_1.pdb	AG	18.794355369470892
PZ18_DasORIGINAL_1.pdb	AC	15.238235429476761
PZ18_DasORIGINAL_1.pdb	AC	18.038600668184817
PZ18_DasORIGINAL_1.pdb	AG	14.99258190040713
PZ18_DasORIGINAL_1.pdb	AU	13.047486298094498
PZ18_DasORIGINAL_1.pdb	AG	12.380602106400731
PZ18_DasORIGINAL_1.pdb	AG	13.114827199053618
PZ18_DasORIGINAL_1.pdb	AG	14.171339611276766
PZ18_DasORIGINAL_1.pdb	CC	19.949183509393425
PZ18_DasORIGINAL_1.pdb	CG	16.82319625491877
PZ18_DasORIGINAL_1.pdb	CU	16.579692902563266
PZ18_DasORIGINAL_1.pdb	CG	17.25860271837625
PZ18_DasORIGINAL_1.pdb	CG	18.40106598817715
PZ18_DasORIGINAL_1.pdb	CG	18.95631294653974
PZ18_DasORIGINAL_1.pdb	AC	19.14283892611645
PZ18_DasORIGINAL_1.pdb	CG	16.080194845656
PZ18_DasORIGINAL_1.pdb	CU	17.38463729507367
PZ18_DasORIGINAL_1.pdb	CG	18.71780230617936
PZ18_DasORIGINAL_1.pdb	CG	19.65633677562635
PZ18_DasORIGINAL_1.pdb	CG	19.45520080439429
PZ18_DasORIGINAL_1.pdb	AC	18.289748720475455
PZ18_DasORIGINAL_1.pdb	CG	16.188208262759847
PZ18_DasORIGINAL_1.pdb	CU	18.102741738729733
PZ18_DasORIGINAL_1.pdb	CG	19.28999184154829
PZ18_DasORIGINAL_1.pdb	CG	19.57844222764485
PZ18_DasORIGINAL_1.pdb	CG	18.542348368851847
PZ18_DasORIGINAL_1.pdb	AC	18.531071148833956
PZ18_DasORIGINAL_1.pdb	CG	16.712119001464092
PZ18_DasORIGINAL_1.pdb	CU	18.176330279104445
PZ18_DasORIGINAL_1.pdb	CG	18.558038014209007
PZ18_DasORIGINAL_1.pdb	CG	17.900386700560034
PZ18_DasORIGINAL_1.pdb	CG	16.093158190453774
PZ18_DasORIGINAL_1.pdb	AC	19.740272760738637
PZ18_DasORIGINAL_1.pdb	CG	17.911112641582985
PZ18_DasORIGINAL_1.pdb	CU	18.432275541723268
PZ18_DasORIGINAL_1.pdb	CG	17.75961746656448
PZ18_DasORIGINAL_1.pdb	CG	16.102972557227172
PZ18_DasORIGINAL_1.pdb	CG	13.758278555325044
PZ18_DasORIGINAL_1.pdb	CG	19.328622159344565
PZ18_DasORIGINAL_1.pdb	CG	18.29636905895918
PZ18_DasORIGINAL_1.pdb	CU	17.6786421349656
PZ18_DasORIGINAL_1.pdb	CG	16.071119997885944
PZ18_DasORIGINAL_1.pdb	CG	13.882653865456204
PZ18_DasORIGINAL_1.pdb	CG	11.996988283549605
PZ18_DasORIGINAL_1.pdb	AC	18.155327837584466
PZ18_DasORIGINAL_1.pdb	AC	19.086349861843072
PZ18_DasORIGINAL_1.pdb	AC	19.744563431041133
PZ18_DasORIGINAL_1.pdb	CG	17.48326193512617
PZ18_DasORIGINAL_1.pdb	CU	15.883151074058585
PZ18_DasORIGINAL_1.pdb	CG	13.88605011277084
PZ18_DasORIGINAL_1.pdb	CG	12.243040290815216
PZ18_DasORIGINAL_1.pdb	CG	12.302440242522302
PZ18_DasORIGINAL_1.pdb	AA	17.026432482022436
PZ18_DasORIGINAL_1.pdb	AA	18.16610945700855
PZ18_DasORIGINAL_1.pdb	AG	15.96471641712125
PZ18_DasORIGINAL_1.pdb	AU	13.799355533945004
PZ18_DasORIGINAL_1.pdb	AG	12.339934205632344
PZ18_DasORIGINAL_1.pdb	AG	12.544459010816883
PZ18_DasORIGINAL_1.pdb	AG	14.977839643626686
PZ18_DasORIGINAL_1.pdb	AC	15.420471563540296
PZ18_DasORIGINAL_1.pdb	CG	13.902808229714891
PZ18_DasORIGINAL_1.pdb	CU	12.24017576051225
PZ18_DasORIGINAL_1.pdb	CG	12.716339274397177
PZ18_DasORIGINAL_1.pdb	CG	15.255008629430181
PZ18_DasORIGINAL_1.pdb	CG	19.114717841239916
PZ18_DasORIGINAL_1.pdb	GG	12.65673227280728
PZ18_DasORIGINAL_1.pdb	GU	13.194538009842455
PZ18_DasORIGINAL_1.pdb	GG	15.89843662002685
PZ18_DasORIGINAL_1.pdb	GG	19.587760127069455
PZ18_DasORIGINAL_1.pdb	AU	16.473169408360974
PZ18_DasORIGINAL_1.pdb	AG	19.237712222042727
PZ18_DasORIGINAL_1.pdb	GG	19.681040729289837
PZ18_Das_1.pdb	CG	19.298235575500012
PZ18_Das_1.pdb	GG	16.953021277752057
PZ18_Das_1.pdb	CG	14.95607410290855
PZ18_Das_1.pdb	CG	15.346792573116403
PZ18_Das_1.pdb	AG	16.28273986861979
PZ18_Das_1.pdb	CG	17.11350660077268
PZ18_Das_1.pdb	AG	17.709105553526474
PZ18_Das_1.pdb	GG	17.888944850421833
PZ18_Das_1.pdb	GU	17.645240389428974
PZ18_Das_1.pdb	GU	18.160784240534806
PZ18_Das_1.pdb	AG	18.46420862536135
PZ18_Das_1.pdb	AG	13.553172336658982
PZ18_Das_1.pdb	AG	9.722673762858667
PZ18_Das_1.pdb	GG	8.019709802948713
PZ18_Das_1.pdb	CG	7.228244469178089
PZ18_Das_1.pdb	GU	9.03493263535736
PZ18_Das_1.pdb	GG	10.855855206935912
PZ18_Das_1.pdb	GU	12.87701708492691
PZ18_Das_1.pdb	GG	14.759701122880466
PZ18_Das_1.pdb	CG	16.276754097129388
PZ18_Das_1.pdb	AG	16.812365236958925
PZ18_Das_1.pdb	GG	17.04094020890735
PZ18_Das_1.pdb	CG	16.91963990788672
PZ18_Das_1.pdb	CG	19.26271269748126
PZ18_Das_1.pdb	AG	17.691752198751153
PZ18_Das_1.pdb	AG	17.975131518488716
PZ18_Das_1.pdb	CG	19.55672861133219
PZ18_Das_1.pdb	GG	14.100209856209135
PZ18_Das_1.pdb	CG	11.834834417209727
PZ18_Das_1.pdb	CG	14.836595208423113
PZ18_Das_1.pdb	AG	17.932798442727904
PZ18_Das_1.pdb	AG	16.74872335389891
PZ18_Das_1.pdb	AG	11.274625907744916
PZ18_Das_1.pdb	GG	12.010149276072067
PZ18_Das_1.pdb	CG	13.320281455927484
PZ18_Das_1.pdb	GU	15.47764849924272
PZ18_Das_1.pdb	GG	16.338775789691816
PZ18_Das_1.pdb	GU	16.6328477983577
PZ18_Das_1.pdb	GG	16.12635352161914
PZ18_Das_1.pdb	CG	15.47877423428005
PZ18_Das_1.pdb	AG	13.789713692055482
PZ18_Das_1.pdb	GG	12.198051680935029
PZ18_Das_1.pdb	CG	10.776246662820078
PZ18_Das_1.pdb	CG	13.12822485675527
PZ18_Das_1.pdb	GU	15.395759492349013
PZ18_Das_1.pdb	GG	16.806077179362653
PZ18_Das_1.pdb	GU	18.005286098618477
PZ18_Das_1.pdb	AG	17.834794201898667
PZ18_Das_1.pdb	AG	19.53126149862163
PZ18_Das_1.pdb	GG	16.678575057845208
PZ18_Das_1.pdb	GG	17.35525390153528
PZ18_Das_1.pdb	CG	18.89779133943072
PZ18_Das_1.pdb	GU	18.786608945335544
PZ18_Das_1.pdb	CG	14.659390876093896
PZ18_Das_1.pdb	GG	9.832153354659635
PZ18_Das_1.pdb	CG	6.511650573046683
PZ18_Das_1.pdb	CG	9.713503455080549
PZ18_Das_1.pdb	AG	13.882633130552655
PZ18_Das_1.pdb	CG	17.769245250858756
PZ18_Das_1.pdb	AG	19.53287031899252
PZ18_Das_1.pdb	AG	13.126208918181979
PZ18_Das_1.pdb	AG	7.670017376312042
PZ18_Das_1.pdb	GG	11.842064936716191
PZ18_Das_1.pdb	CG	15.038382539881269
PZ18_Das_1.pdb	GU	17.671962529831756
PZ18_Das_1.pdb	GG	18.218066303339416
PZ18_Das_1.pdb	GU	17.760639556169078
PZ18_Das_1.pdb	GG	16.101515514446938
PZ18_Das_1.pdb	CG	14.49374910694352
PZ18_Das_1.pdb	AG	12.778159876561475
PZ18_Das_1.pdb	GG	11.330791626638177
PZ18_Das_1.pdb	CG	10.095132947974477
PZ18_Das_1.pdb	CG	11.544419290869635
PZ18_Das_1.pdb	GU	12.964503693306886
PZ18_Das_1.pdb	GG	13.713270075240331
PZ18_Das_1.pdb	GU	14.484441527612002
PZ18_Das_1.pdb	AG	14.701377074015594
PZ18_Das_1.pdb	AG	15.980222714837543
PZ18_Das_1.pdb	CG	19.19414799060512
PZ18_Das_1.pdb	GU	16.808676683508615
PZ18_Das_1.pdb	CU	19.725270927743086
PZ18_Das_1.pdb	GU	18.26267502826025
PZ18_Das_1.pdb	UU	14.233097061024841
PZ18_Das_1.pdb	CU	11.733781591713573
PZ18_Das_1.pdb	GU	9.56214678820237
PZ18_Das_1.pdb	CU	6.352548804911877
PZ18_Das_1.pdb	CU	6.08613890071509
PZ18_Das_1.pdb	AU	10.23085143182234
PZ18_Das_1.pdb	CU	14.796238003628266
PZ18_Das_1.pdb	AU	18.668856902647164
PZ18_Das_1.pdb	AU	15.723341877783481
PZ18_Das_1.pdb	AU	9.553939138365708
PZ18_Das_1.pdb	AU	6.6152034172450085
PZ18_Das_1.pdb	GU	13.190633771357364
PZ18_Das_1.pdb	CU	17.233064136377646
PZ18_Das_1.pdb	UU	19.87397023958209
PZ18_Das_1.pdb	UU	19.488027278127454
PZ18_Das_1.pdb	GU	17.5631533497489
PZ18_Das_1.pdb	CU	15.976258974042835
PZ18_Das_1.pdb	AU	15.393992356690864
PZ18_Das_1.pdb	GU	15.094985096419066
PZ18_Das_1.pdb	CU	14.807511902988395
PZ18_Das_1.pdb	CU	15.371661820390601
PZ18_Das_1.pdb	UU	15.428068225293394
PZ18_Das_1.pdb	GU	14.654062966624485
PZ18_Das_1.pdb	UU	13.796399646490185
PZ18_Das_1.pdb	AU	13.332982647233349
PZ18_Das_1.pdb	AU	13.097463482319792
PZ18_Das_1.pdb	CU	14.493054922965186
PZ18_Das_1.pdb	CU	19.180166124322206
PZ18_Das_1.pdb	CC	19.972789419110242
PZ18_Das_1.pdb	CG	16.145524264269042
PZ18_Das_1.pdb	CU	13.910688811076586
PZ18_Das_1.pdb	CC	13.968920513024447
PZ18_Das_1.pdb	CG	13.559384116277718
PZ18_Das_1.pdb	CC	10.555322339247887
PZ18_Das_1.pdb	CC	10.468228826392812
PZ18_Das_1.pdb	AC	14.109149739269002
PZ18_Das_1.pdb	CC	18.572821749315203
PZ18_Das_1.pdb	AC	16.976283948194887
PZ18_Das_1.pdb	AC	12.157984632909422
PZ18_Das_1.pdb	AC	10.53595339474554
PZ18_Das_1.pdb	CG	16.78570880140446
PZ18_Das_1.pdb	CG	19.487608227742964
PZ18_Das_1.pdb	CC	18.31988220821485
PZ18_Das_1.pdb	CC	17.242136102289475
PZ18_Das_1.pdb	CU	15.573702504741057
PZ18_Das_1.pdb	CG	13.463325420326635
PZ18_Das_1.pdb	CU	11.777097101286685
PZ18_Das_1.pdb	AC	12.27613723443098
PZ18_Das_1.pdb	AC	12.053751231549395
PZ18_Das_1.pdb	CC	11.482437211334913
PZ18_Das_1.pdb	CC	15.726789164299827
PZ18_Das_1.pdb	AA	18.34731167008559
PZ18_Das_1.pdb	AG	14.350643787167785
PZ18_Das_1.pdb	AU	13.565200649252866
PZ18_Das_1.pdb	AC	14.683235341805691
PZ18_Das_1.pdb	AG	14.602787782694094
PZ18_Das_1.pdb	AC	11.964911762103297
PZ18_Das_1.pdb	AC	13.695431181361576
PZ18_Das_1.pdb	AA	18.255526900955786
PZ18_Das_1.pdb	AA	17.682595281472587
PZ18_Das_1.pdb	AA	15.373064237014574
PZ18_Das_1.pdb	AG	19.793698766604955
PZ18_Das_1.pdb	AC	17.983473412745937
PZ18_Das_1.pdb	AC	15.889153955947213
PZ18_Das_1.pdb	AU	13.822421171863176
PZ18_Das_1.pdb	AG	12.456745286000201
PZ18_Das_1.pdb	AU	12.561606051375426
PZ18_Das_1.pdb	AA	15.434986885777056
PZ18_Das_1.pdb	AA	16.384818870605397
PZ18_Das_1.pdb	AC	15.453257315666148
PZ18_Das_1.pdb	AC	19.24029400074515
PZ18_Das_1.pdb	GG	18.62643382040939
PZ18_Das_1.pdb	AG	17.400705739390855
PZ18_Das_1.pdb	GG	14.466848724000057
PZ18_Das_1.pdb	GU	14.430678602403946
PZ18_Das_1.pdb	CG	15.518437714487368
PZ18_Das_1.pdb	GG	15.181845654023332
PZ18_Das_1.pdb	CG	13.197599256356389
PZ18_Das_1.pdb	CG	16.544086238786697
PZ18_Das_1.pdb	AG	19.531429430434503
PZ18_Das_1.pdb	GG	18.886242244050422
PZ18_Das_1.pdb	CG	16.654802764111384
PZ18_Das_1.pdb	CG	13.99893324650931
PZ18_Das_1.pdb	GU	12.487366967820009
PZ18_Das_1.pdb	GG	13.0529333500097
PZ18_Das_1.pdb	GU	15.390660431292543
PZ18_Das_1.pdb	AG	19.667636822618494
PZ18_Das_1.pdb	GG	17.525416332390787
PZ18_Das_1.pdb	AG	19.36037000305554
PZ18_Das_1.pdb	GG	16.865378123477615
PZ18_Das_1.pdb	GU	16.22140910977811
PZ18_Das_1.pdb	CG	15.95228774164236
PZ18_Das_1.pdb	GG	14.601384081951991
PZ18_Das_1.pdb	CG	13.502498188714876
PZ18_Das_1.pdb	CG	18.297394360825688
PZ18_Das_1.pdb	AG	19.362769926451747
PZ18_Das_1.pdb	GG	15.845769443268091
PZ18_Das_1.pdb	CG	13.4863342044454
PZ18_Das_1.pdb	CG	11.133053341161665
PZ18_Das_1.pdb	GU	11.774568355327984
PZ18_Das_1.pdb	GG	14.981034627338435
PZ18_Das_1.pdb	GU	19.061551736403047
PZ18_Das_1.pdb	CC	19.572409594834358
PZ18_Das_1.pdb	CG	19.505095381507267
PZ18_Das_1.pdb	CU	18.28742095496143
PZ18_Das_1.pdb	CC	16.934455309896673
PZ18_Das_1.pdb	CG	14.997875568600966
PZ18_Das_1.pdb	CC	14.930011708120803
PZ18_Das_1.pdb	AC	17.80859061089946
PZ18_Das_1.pdb	CG	13.924462305446987
PZ18_Das_1.pdb	CC	12.190141531960418
PZ18_Das_1.pdb	CC	11.167431023734645
PZ18_Das_1.pdb	CU	13.989197166280311
PZ18_Das_1.pdb	CG	18.53241989245958
PZ18_Das_1.pdb	CU	18.55531904514047
PZ18_Das_1.pdb	CC	16.400757346104317
PZ18_Das_1.pdb	CG	14.713645821157495
PZ18_Das_1.pdb	CC	16.05460945697286
PZ18_Das_1.pdb	AC	15.617724510926738
PZ18_Das_1.pdb	CG	12.520356783543136
PZ18_Das_1.pdb	CC	13.032006415668246
PZ18_Das_1.pdb	CC	14.272196384011167
PZ18_Das_1.pdb	CU	18.458156287646617
PZ18_Das_1.pdb	AG	17.6063532528335
PZ18_Das_1.pdb	AG	18.35166029946637
PZ18_Das_1.pdb	GG	18.25917062027336
PZ18_Das_1.pdb	GU	16.16674707589799
PZ18_Das_1.pdb	CG	14.088314361830891
PZ18_Das_1.pdb	GG	13.950919660062311
PZ18_Das_1.pdb	CG	16.54527355591624
PZ18_Das_1.pdb	CG	19.784186967817824
PZ18_Das_1.pdb	CG	18.496597317409368
PZ18_Das_1.pdb	AG	14.452300093191914
PZ18_Das_1.pdb	GG	13.343490196002517
PZ18_Das_1.pdb	CG	16.0512519327701
PZ18_Das_1.pdb	CG	18.45114694001704
PZ18_Das_1.pdb	AG	15.85249912243813
PZ18_Das_1.pdb	AG	18.504014695248003
PZ18_Das_1.pdb	GG	16.133893341262716
PZ18_Das_1.pdb	GU	13.70162905555198
PZ18_Das_1.pdb	CG	11.943556313137941
PZ18_Das_1.pdb	GG	13.697301834650336
PZ18_Das_1.pdb	CG	17.107539245362805
PZ18_Das_1.pdb	CG	18.55401722687911
PZ18_Das_1.pdb	CG	16.839904859196018
PZ18_Das_1.pdb	AG	14.363681489436575
PZ18_Das_1.pdb	GG	15.254445637874666
PZ18_Das_1.pdb	CG	19.232324674036235
PZ18_Das_1.pdb	AC	15.940267508913568
PZ18_Das_1.pdb	CG	13.90167596970137
PZ18_Das_1.pdb	CU	11.985650405894264
PZ18_Das_1.pdb	CC	11.854351103192517
PZ18_Das_1.pdb	CG	15.685263928357461
PZ18_Das_1.pdb	CC	19.192068359206434
PZ18_Das_1.pdb	CC	18.86227225087824
PZ18_Das_1.pdb	CC	18.211774675863666
PZ18_Das_1.pdb	AC	17.348892242820195
PZ18_Das_1.pdb	CG	19.326064419126713
PZ18_Das_1.pdb	GG	12.693317377453942
PZ18_Das_1.pdb	GU	13.016348437602947
PZ18_Das_1.pdb	CG	15.266265090556281
PZ18_Das_1.pdb	AU	15.714648923490019
PZ18_Das_1.pdb	AC	19.029431907300932
PZ18_Das_1.pdb	AC	17.96972505490569
PZ18_Das_1.pdb	CG	17.32437801023417
PZ18_Das_1.pdb	CG	16.15928238531384
PZ18_Das_1.pdb	AG	18.810536457131025
PZ18_Das_1.pdb	CU	10.982257486200089
PZ18_Das_1.pdb	AU	13.75816437905413
PZ18_Das_1.pdb	CU	19.159536572795496
PZ18_Das_1.pdb	CU	17.78841791067371
PZ18_Das_1.pdb	AU	17.373940531656654
PZ18_Das_1.pdb	GU	18.530984979544044
PZ18_Das_1.pdb	AC	10.819112044502143
PZ18_Das_1.pdb	CC	16.525370382069156
PZ18_Das_1.pdb	AC	18.371454966746253
PZ18_Das_1.pdb	AC	17.610402564205028
PZ18_Das_1.pdb	CG	15.889113844778072
PZ18_Das_1.pdb	CC	11.976498238323298
PZ18_Das_1.pdb	AC	11.500635328096635
PZ18_Das_1.pdb	CG	13.255904064540779
PZ18_Das_1.pdb	CC	16.479131770360716
PZ18_Das_1.pdb	CC	18.966113971501766
PZ18_Das_1.pdb	CG	17.060669960830328
PZ18_Das_1.pdb	AG	17.292943558955947
PZ18_Das_1.pdb	AG	14.743259526118004
PZ18_Das_1.pdb	GU	18.477584210208917
PZ18_Das_1.pdb	GG	13.724349699524486
PZ18_Das_1.pdb	CG	9.510120300273465
PZ18_Das_1.pdb	AG	7.32617247887862
PZ18_Das_1.pdb	GG	8.02031013492839
PZ18_Das_1.pdb	CG	11.065897656550582
PZ18_Das_1.pdb	CG	14.238207236827549
PZ18_Das_1.pdb	GU	17.440075199031593
PZ18_Das_1.pdb	GG	19.670683948764808
PZ18_Das_1.pdb	AC	15.093270702144006
PZ18_Das_1.pdb	AC	11.59774144473128
PZ18_Das_1.pdb	CG	17.316165220011737
PZ18_Das_1.pdb	CU	19.203613685297032
PZ18_Das_1.pdb	CG	15.552148008849263
PZ18_Das_1.pdb	CC	12.242331844551972
PZ18_Das_1.pdb	AC	9.999708965683853
PZ18_Das_1.pdb	CG	9.142417394920349
PZ18_Das_1.pdb	CC	9.898477994062528
PZ18_Das_1.pdb	CC	11.928731316289445
PZ18_Das_1.pdb	CU	14.21921960609727
PZ18_Das_1.pdb	CG	15.870854622793326
PZ18_Das_1.pdb	CU	17.292145273371432
PZ18_Das_1.pdb	AC	18.445381313079068
PZ18_Das_1.pdb	AC	19.123230223413486
PZ18_Das_1.pdb	AC	17.120137298585824
PZ18_Das_1.pdb	AC	11.498536518789924
PZ18_Das_1.pdb	AC	10.799006276050278
PZ18_Das_1.pdb	CG	16.777948660427
PZ18_Das_1.pdb	CC	19.290948144273674
PZ18_Das_1.pdb	CG	18.855167909936924
PZ18_Das_1.pdb	CU	16.548511914828346
PZ18_Das_1.pdb	CG	13.321311150179294
PZ18_Das_1.pdb	CC	11.3711060288978
PZ18_Das_1.pdb	AC	12.042909629938288
PZ18_Das_1.pdb	CG	13.671408025200428
PZ18_Das_1.pdb	CC	15.802802445715326
PZ18_Das_1.pdb	CC	18.053884929409914
PZ18_Das_1.pdb	CU	19.682905660981426
PZ18_Das_1.pdb	CU	19.825226541667494
PZ18_Das_1.pdb	AC	19.211429565748656
PZ18_Das_1.pdb	AC	18.23336064534677
PZ18_Das_1.pdb	CC	18.907729993990877
PZ18_Das_1.pdb	AU	19.43050919681467
PZ18_Das_1.pdb	AG	17.869792013574155
PZ18_Das_1.pdb	AA	14.184003938587198
PZ18_Das_1.pdb	AA	10.117848473535014
PZ18_Das_1.pdb	AA	12.3604163730494
PZ18_Das_1.pdb	AG	17.21245674533753
PZ18_Das_1.pdb	AC	18.565460583834085
PZ18_Das_1.pdb	AU	18.34805126946139
PZ18_Das_1.pdb	AG	16.39583607579384
PZ18_Das_1.pdb	AU	14.109173613830711
PZ18_Das_1.pdb	AG	12.110421173326229
PZ18_Das_1.pdb	AC	12.340437519804894
PZ18_Das_1.pdb	AA	15.28495462476983
PZ18_Das_1.pdb	AG	18.228314623937948
PZ18_Das_1.pdb	AA	19.25162227427779
PZ18_Das_1.pdb	AC	19.52333639456422
PZ18_Das_1.pdb	CU	19.297558815690675
PZ18_Das_1.pdb	CG	15.317930893947551
PZ18_Das_1.pdb	AC	12.123133646042175
PZ18_Das_1.pdb	AC	10.44509189697879
PZ18_Das_1.pdb	AC	14.530109362695041
PZ18_Das_1.pdb	CG	17.49694746869107
PZ18_Das_1.pdb	CC	17.429004838152697
PZ18_Das_1.pdb	CU	16.059253846969437
PZ18_Das_1.pdb	CG	13.890241009713476
PZ18_Das_1.pdb	CU	12.484649994384242
PZ18_Das_1.pdb	CG	12.923620756699895
PZ18_Das_1.pdb	CC	15.36813209234114
PZ18_Das_1.pdb	AC	19.444270142499505
PZ18_Das_1.pdb	AG	17.725931253692305
PZ18_Das_1.pdb	AG	13.574879129569524
PZ18_Das_1.pdb	AA	10.742705251102873
PZ18_Das_1.pdb	AA	11.566452958469725
PZ18_Das_1.pdb	AA	16.31607454978729
PZ18_Das_1.pdb	AG	17.09700240676808
PZ18_Das_1.pdb	AC	15.721916213290104
PZ18_Das_1.pdb	AU	13.663018640832787
PZ18_Das_1.pdb	AG	12.339837182169438
PZ18_Das_1.pdb	AU	13.065216996677549
PZ18_Das_1.pdb	AG	16.05317623835255
PZ18_Das_1.pdb	AC	19.726056165836773
PZ18_Das_1.pdb	GG	18.122864194975072
PZ18_Das_1.pdb	GG	15.168515808104624
PZ18_Das_1.pdb	GG	12.78848142393197
PZ18_Das_1.pdb	AG	10.015520290185684
PZ18_Das_1.pdb	AG	12.569908678050801
PZ18_Das_1.pdb	AG	17.094220170588077
PZ18_Das_1.pdb	GG	15.747207186222756
PZ18_Das_1.pdb	CG	13.595826273388607
PZ18_Das_1.pdb	GU	11.953319757266913
PZ18_Das_1.pdb	GG	12.788488982546797
PZ18_Das_1.pdb	GU	15.763488552197265
PZ18_Das_1.pdb	GU	14.418129222145316
PZ18_Das_1.pdb	GU	13.11916923269942
PZ18_Das_1.pdb	GU	12.477715402552624
PZ18_Das_1.pdb	AU	9.419516328573753
PZ18_Das_1.pdb	AU	12.610928581835662
PZ18_Das_1.pdb	AU	16.388432763261907
PZ18_Das_1.pdb	GU	13.423632921785137
PZ18_Das_1.pdb	CU	11.688929634086968
PZ18_Das_1.pdb	UU	12.077755201943114
PZ18_Das_1.pdb	GU	15.194405791649697
PZ18_Das_1.pdb	UU	19.282513690971964
PZ18_Das_1.pdb	AU	17.60197267677789
PZ18_Das_1.pdb	CU	19.855981186685067
PZ18_Das_1.pdb	GU	19.006665287553712
PZ18_Das_1.pdb	GU	12.369823359598039
PZ18_Das_1.pdb	GU	13.054032209528673
PZ18_Das_1.pdb	AU	9.98020345560229
PZ18_Das_1.pdb	AU	12.903917295477344
PZ18_Das_1.pdb	AU	15.577834747199262
PZ18_Das_1.pdb	GU	11.776208617572133
PZ18_Das_1.pdb	CU	11.808217839003722
PZ18_Das_1.pdb	UU	14.636181075162163
PZ18_Das_1.pdb	GU	18.939737674782567
PZ18_Das_1.pdb	AU	17.51000284695031
PZ18_Das_1.pdb	AU	14.073915503731833
PZ18_Das_1.pdb	CU	16.896100770713673
PZ18_Das_1.pdb	CU	18.862594900080595
PZ18_Das_1.pdb	GU	17.06499871396055
PZ18_Das_1.pdb	GU	13.298637748942246
PZ18_Das_1.pdb	GU	13.748632103402135
PZ18_Das_1.pdb	AU	12.313594644797874
PZ18_Das_1.pdb	AU	15.493672798739768
PZ18_Das_1.pdb	AU	17.70464133068226
PZ18_Das_1.pdb	GU	14.861657280047194
PZ18_Das_1.pdb	CU	17.016758863526135
PZ18_Das_1.pdb	AU	15.481957296462497
PZ18_Das_1.pdb	AU	11.979306443281843
PZ18_Das_1.pdb	CU	13.956255787085816
PZ18_Das_1.pdb	CU	15.123549200749299
PZ18_Das_1.pdb	CU	15.890866988529888
PZ18_Das_1.pdb	CU	15.90363895663219
PZ18_Das_1.pdb	CU	15.560771468150616
PZ18_Das_1.pdb	CU	16.287153933497134
PZ18_Das_1.pdb	CU	18.299679864742327
PZ18_Das_1.pdb	UU	19.348031847899296
PZ18_Das_1.pdb	GU	15.31722436005858
PZ18_Das_1.pdb	GU	10.962126165134602
PZ18_Das_1.pdb	GU	6.874497990919134
PZ18_Das_1.pdb	AG	15.745151977939136
PZ18_Das_1.pdb	AG	16.658323966730258
PZ18_Das_1.pdb	CG	17.429431114246178
PZ18_Das_1.pdb	CG	16.906476504162107
PZ18_Das_1.pdb	CG	15.70038455499262
PZ18_Das_1.pdb	CG	13.766916711525267
PZ18_Das_1.pdb	CG	11.933264291974574
PZ18_Das_1.pdb	CG	12.606565066517092
PZ18_Das_1.pdb	CG	15.676262181148886
PZ18_Das_1.pdb	GG	17.166652425931744
PZ18_Das_1.pdb	GG	12.521631677586958
PZ18_Das_1.pdb	GG	7.151119915989195
PZ18_Das_1.pdb	AG	19.310180965672334
PZ18_Das_1.pdb	AG	18.182059404646033
PZ18_Das_1.pdb	CG	17.58506306072407
PZ18_Das_1.pdb	CG	15.707938551439065
PZ18_Das_1.pdb	CG	13.549353125561383
PZ18_Das_1.pdb	CG	11.836050090870833
PZ18_Das_1.pdb	CG	12.02038912414505
PZ18_Das_1.pdb	CG	15.081650842522992
PZ18_Das_1.pdb	CG	19.523160239329723
PZ18_Das_1.pdb	GG	17.37661956461303
PZ18_Das_1.pdb	GG	12.68652770686022
PZ18_Das_1.pdb	AG	17.50029359295091
PZ18_Das_1.pdb	CG	16.042008801028814
PZ18_Das_1.pdb	CG	13.827200066863169
PZ18_Das_1.pdb	CG	12.329327106214539
PZ18_Das_1.pdb	CG	12.723708013705858
PZ18_Das_1.pdb	CG	15.428074068503124
PZ18_Das_1.pdb	CG	19.566383232521037
PZ18_Das_1.pdb	GG	16.788364923851763
PZ18_Das_1.pdb	GG	19.01552760945587
PZ18_Das_1.pdb	AG	15.683932524281312
PZ18_Das_1.pdb	CG	13.919924139145389
PZ18_Das_1.pdb	CG	12.519210868933513
PZ18_Das_1.pdb	CG	13.076914641849205
PZ18_Das_1.pdb	CG	15.763669506701852
PZ18_Das_1.pdb	CG	19.74165813359353
PZ18_Das_1.pdb	GG	19.74855800283543
PZ18_Das_1.pdb	AC	15.18824850047594
PZ18_Das_1.pdb	AU	17.065003007318044
PZ18_Das_1.pdb	AG	18.915970053844678
PZ18_Das_1.pdb	AA	16.663870536337356
PZ18_Das_1.pdb	AA	12.101674827523164
PZ18_Das_1.pdb	AC	12.22065591883163
PZ18_Das_1.pdb	AC	13.459235209503898
PZ18_Das_1.pdb	AC	16.04530526585578
PZ18_Das_1.pdb	AC	19.225764947815666
PZ18_Das_1.pdb	AG	18.74047740950973
PZ18_Das_1.pdb	AU	15.046663070265677
PZ18_Das_1.pdb	AG	16.478356340843494
PZ18_Das_1.pdb	AU	17.66148014132826
PZ18_Das_1.pdb	AG	18.644828461486576
PZ18_Das_1.pdb	AC	19.800465229158423
PZ18_Das_1.pdb	AU	17.733682150459963
PZ18_Das_1.pdb	AA	13.486481466250465
PZ18_Das_1.pdb	AA	10.212167071717849
PZ18_Das_1.pdb	AC	11.721827381396771
PZ18_Das_1.pdb	AC	15.237660105850267
PZ18_Das_1.pdb	AC	19.558901553798687
PZ18_Das_1.pdb	AG	16.77272835833696
PZ18_Das_1.pdb	AU	17.91111106106413
PZ18_Das_1.pdb	AG	18.230686578368932
PZ18_Das_1.pdb	AC	18.42020630146451
PZ18_Das_1.pdb	AA	18.678794061581577
PZ18_Das_1.pdb	AG	18.538872546215703
PZ18_Das_1.pdb	AC	17.70830767478809
PZ18_Das_1.pdb	AC	18.220149624933992
PZ18_Das_1.pdb	AU	17.66640451461303
PZ18_Das_1.pdb	AG	15.774272849437002
PZ18_Das_1.pdb	AU	13.393854019802193
PZ18_Das_1.pdb	AA	10.358942692536555
PZ18_Das_1.pdb	AA	9.611790705368985
PZ18_Das_1.pdb	AC	13.103945807822802
PZ18_Das_1.pdb	AC	18.209165023749847
PZ18_Das_1.pdb	GU	18.222777513272202
PZ18_Das_1.pdb	GG	18.82104154197744
PZ18_Das_1.pdb	GU	15.96831405324085
PZ18_Das_1.pdb	AG	11.556737080164922
PZ18_Das_1.pdb	AG	11.010088549300535
PZ18_Das_1.pdb	CG	15.95773412676517
PZ18_Das_1.pdb	GG	19.34478243458489
PZ18_Das_1.pdb	GG	19.016620399163973
PZ18_Das_1.pdb	CG	19.111333448770505
PZ18_Das_1.pdb	AC	17.305325667851502
PZ18_Das_1.pdb	AC	16.360063346380155
PZ18_Das_1.pdb	AG	19.992763151249715
PZ18_Das_1.pdb	GU	19.783295154555162
PZ18_Das_1.pdb	CG	19.743433410670615
PZ18_Das_1.pdb	CU	19.655499092049826
PZ18_Das_1.pdb	CG	18.684040114487257
PZ18_Das_1.pdb	CU	18.827335975289706
PZ18_Das_1.pdb	GU	19.868567003197054
PZ18_Das_1.pdb	UU	16.170413055518342
PZ18_Das_1.pdb	GU	15.699316720171511
PZ18_Das_1.pdb	GU	18.495753826441717
PZ18_Das_1.pdb	AC	19.956832943947465
PZ18_Das_1.pdb	AG	18.71501382814999
PZ18_Das_1.pdb	AU	14.606255170503902
PZ18_Das_1.pdb	AG	12.575652122793906
PZ18_Das_1.pdb	AG	13.755889832908078
PZ18_Das_1.pdb	AG	16.6124088055657
PZ18_Das_1.pdb	AC	19.394944838071094
PZ18_Das_1.pdb	AG	18.32919973540849
PZ18_Das_1.pdb	AU	15.071148085034894
PZ18_Das_1.pdb	AG	13.08782825331823
PZ18_Das_1.pdb	AG	13.195501255853083
PZ18_Das_1.pdb	AG	14.574884714088117
PZ18_Das_1.pdb	CC	19.52177097584449
PZ18_Das_1.pdb	CG	15.598523828082525
PZ18_Das_1.pdb	CU	14.175156927284837
PZ18_Das_1.pdb	CG	14.139850913876188
PZ18_Das_1.pdb	CG	15.274294535122113
PZ18_Das_1.pdb	CG	16.50884801502469
PZ18_Das_1.pdb	CC	19.619022668570885
PZ18_Das_1.pdb	AC	18.46248105008377
PZ18_Das_1.pdb	CG	14.643071325803371
PZ18_Das_1.pdb	CU	15.146204116175912
PZ18_Das_1.pdb	CG	16.114054519213155
PZ18_Das_1.pdb	CG	17.112246116635706
PZ18_Das_1.pdb	CG	17.485398235120876
PZ18_Das_1.pdb	AC	18.05995001973356
PZ18_Das_1.pdb	CG	15.492621182517619
PZ18_Das_1.pdb	CU	17.025698886445586
PZ18_Das_1.pdb	CG	18.02990046063823
PZ18_Das_1.pdb	CG	18.31442308296732
PZ18_Das_1.pdb	CG	17.63322250391979
PZ18_Das_1.pdb	AC	18.726968809766017
PZ18_Das_1.pdb	CG	16.841049570160965
PZ18_Das_1.pdb	CU	18.275016732943342
PZ18_Das_1.pdb	CG	18.637324704677052
PZ18_Das_1.pdb	CG	17.962260915420142
PZ18_Das_1.pdb	CG	16.354452053389636
PZ18_Das_1.pdb	AC	19.91214031449828
PZ18_Das_1.pdb	CG	18.04363192207322
PZ18_Das_1.pdb	CU	18.517125710136344
PZ18_Das_1.pdb	CG	17.788701975816156
PZ18_Das_1.pdb	CG	16.068326811868996
PZ18_Das_1.pdb	CG	13.877125940036606
PZ18_Das_1.pdb	CG	19.327771533766867
PZ18_Das_1.pdb	CG	18.295625493337248
PZ18_Das_1.pdb	CU	17.678298657610917
PZ18_Das_1.pdb	CG	16.07151306613474
PZ18_Das_1.pdb	CG	13.882354859718346
PZ18_Das_1.pdb	CG	12.176792421966535
PZ18_Das_1.pdb	AC	18.154648815654525
PZ18_Das_1.pdb	AC	19.08553896045159
PZ18_Das_1.pdb	AC	19.74360209922771
PZ18_Das_1.pdb	CG	17.48302140702266
PZ18_Das_1.pdb	CU	15.88346405277447
PZ18_Das_1.pdb	CG	13.887041373934244
PZ18_Das_1.pdb	CG	12.243390537469203
PZ18_Das_1.pdb	CG	12.421754281788942
PZ18_Das_1.pdb	AA	17.02525691575244
PZ18_Das_1.pdb	AA	18.164732943353254
PZ18_Das_1.pdb	AG	15.963782648784957
PZ18_Das_1.pdb	AU	13.798707151735973
PZ18_Das_1.pdb	AG	12.339647455245956
PZ18_Das_1.pdb	AG	12.54405863796324
PZ18_Das_1.pdb	AG	15.057104596623642
PZ18_Das_1.pdb	AC	15.419451831529834
PZ18_Das_1.pdb	CG	13.902445540154105
PZ18_Das_1.pdb	CU	12.24049034793986
PZ18_Das_1.pdb	CG	12.716911374773439
PZ18_Das_1.pdb	CG	15.25571241350607
PZ18_Das_1.pdb	CG	19.198081448559396
PZ18_Das_1.pdb	GG	12.656078208015616
PZ18_Das_1.pdb	GU	13.194186224937393
PZ18_Das_1.pdb	GG	15.897747273388525
PZ18_Das_1.pdb	GG	19.587128655297718
PZ18_Das_1.pdb	AU	16.473421586720697
PZ18_Das_1.pdb	AG	19.237605221067636
PZ18_Das_1.pdb	GG	19.850884874568752
PZ30_Bujnicki_1.pdb	CG	12.792732915815721
PZ30_Bujnicki_1.pdb	CG	14.436281964109778
PZ30_Bujnicki_1.pdb	CG	17.072298710898686
PZ30_Bujnicki_1.pdb	GG	19.915858238918588
PZ30_Bujnicki_1.pdb	GG	18.56706803274004
PZ30_Bujnicki_1.pdb	CG	13.976390340585276
PZ30_Bujnicki_1.pdb	CG	11.37266992141502
PZ30_Bujnicki_1.pdb	GG	15.13544724449968
PZ30_Bujnicki_1.pdb	CG	13.772057233165938
PZ30_Bujnicki_1.pdb	GG	12.63461088856108
PZ30_Bujnicki_1.pdb	GG	10.075304507501954
PZ30_Bujnicki_1.pdb	GG	9.010903688284026
PZ30_Bujnicki_1.pdb	AC	17.00510638240835
PZ30_Bujnicki_1.pdb	AG	15.547511607957993
PZ30_Bujnicki_1.pdb	AC	11.077348398784663
PZ30_Bujnicki_1.pdb	AC	9.958439770682125
PZ30_Bujnicki_1.pdb	AG	14.243238748399392
PZ30_Bujnicki_1.pdb	AC	15.024259820702097
PZ30_Bujnicki_1.pdb	AG	15.474651782822882
PZ30_Bujnicki_1.pdb	AG	14.505918378566783
PZ30_Bujnicki_1.pdb	AG	14.22687498801755
PZ30_Bujnicki_1.pdb	AC	18.46168996166787
PZ30_Bujnicki_1.pdb	AA	17.948979793570096
PZ30_Bujnicki_1.pdb	AG	14.582581539036587
PZ30_Bujnicki_1.pdb	AC	11.695015806900633
PZ30_Bujnicki_1.pdb	AC	11.418451579930487
PZ30_Bujnicki_1.pdb	AG	16.311440268514453
PZ30_Bujnicki_1.pdb	AC	18.221979007307485
PZ30_Bujnicki_1.pdb	AG	19.055221264300418
PZ30_Bujnicki_1.pdb	AG	18.14889587677215
PZ30_Bujnicki_1.pdb	AG	17.110535002330863
PZ30_Bujnicki_1.pdb	CG	19.519098915260873
PZ30_Bujnicki_1.pdb	CU	19.96885020750411
PZ30_Bujnicki_1.pdb	CC	16.513871972741587
PZ30_Bujnicki_1.pdb	AC	17.335634946049815
PZ30_Bujnicki_1.pdb	CG	15.123892643745622
PZ30_Bujnicki_1.pdb	CC	13.33024585007901
PZ30_Bujnicki_1.pdb	CC	12.230011750784854
PZ30_Bujnicki_1.pdb	CG	17.06906838047495
PZ30_Bujnicki_1.pdb	CC	18.483723916631845
PZ30_Bujnicki_1.pdb	CG	18.887116612447024
PZ30_Bujnicki_1.pdb	CG	17.67505623201867
PZ30_Bujnicki_1.pdb	CG	16.065493596870827
PZ30_Bujnicki_1.pdb	CC	19.014740906980048
PZ30_Bujnicki_1.pdb	CC	19.44255957027803
PZ30_Bujnicki_1.pdb	CG	18.849967049513197
PZ30_Bujnicki_1.pdb	CC	17.12737094337915
PZ30_Bujnicki_1.pdb	CC	14.760509375947045
PZ30_Bujnicki_1.pdb	CG	18.928470016895517
PZ30_Bujnicki_1.pdb	CC	18.653999314688562
PZ30_Bujnicki_1.pdb	CG	17.838705990837457
PZ30_Bujnicki_1.pdb	CG	15.658496226227598
PZ30_Bujnicki_1.pdb	CG	13.126424526434993
PZ30_Bujnicki_1.pdb	CC	19.92943974654359
PZ30_Bujnicki_1.pdb	CC	18.87376346430431
PZ30_Bujnicki_1.pdb	CC	15.819768109153358
PZ30_Bujnicki_1.pdb	CG	19.0183264321891
PZ30_Bujnicki_1.pdb	CC	17.510668172076752
PZ30_Bujnicki_1.pdb	CG	15.955021965826592
PZ30_Bujnicki_1.pdb	CG	13.657451569454848
PZ30_Bujnicki_1.pdb	CG	11.41902368563576
PZ30_Bujnicki_1.pdb	CC	19.57660477147567
PZ30_Bujnicki_1.pdb	CC	16.183915756127867
PZ30_Bujnicki_1.pdb	CG	17.839102828447935
PZ30_Bujnicki_1.pdb	CC	15.345155982515092
PZ30_Bujnicki_1.pdb	CG	13.542736562431097
PZ30_Bujnicki_1.pdb	CG	12.415022699300586
PZ30_Bujnicki_1.pdb	CG	12.130608719678065
PZ30_Bujnicki_1.pdb	GG	18.80392604426617
PZ30_Bujnicki_1.pdb	AG	18.34392839717341
PZ30_Bujnicki_1.pdb	GG	19.934401684252084
PZ30_Bujnicki_1.pdb	CG	19.300209994424495
PZ30_Bujnicki_1.pdb	CG	16.1232594984494
PZ30_Bujnicki_1.pdb	GG	16.14443825014657
PZ30_Bujnicki_1.pdb	CG	13.586150461562239
PZ30_Bujnicki_1.pdb	GG	12.56115430056209
PZ30_Bujnicki_1.pdb	GG	13.629551621658463
PZ30_Bujnicki_1.pdb	GG	15.42252177443413
PZ30_Bujnicki_1.pdb	CG	14.599204405036838
PZ30_Bujnicki_1.pdb	AC	14.149585064284098
PZ30_Bujnicki_1.pdb	CG	16.939496817594858
PZ30_Bujnicki_1.pdb	AC	18.82327467508642
PZ30_Bujnicki_1.pdb	CG	17.41858683172093
PZ30_Bujnicki_1.pdb	CC	17.364748500280452
PZ30_Bujnicki_1.pdb	CC	14.850652761591839
PZ30_Bujnicki_1.pdb	CG	13.280319519721804
PZ30_Bujnicki_1.pdb	CC	11.745079450101832
PZ30_Bujnicki_1.pdb	CG	12.468119699141015
PZ30_Bujnicki_1.pdb	CG	15.679377309853626
PZ30_Bujnicki_1.pdb	CG	18.858775484744076
PZ30_Bujnicki_1.pdb	AC	12.039258802767685
PZ30_Bujnicki_1.pdb	CG	16.292879725804127
PZ30_Bujnicki_1.pdb	AC	19.348812054151054
PZ30_Bujnicki_1.pdb	CC	18.9327674519072
PZ30_Bujnicki_1.pdb	AC	15.821717762538373
PZ30_Bujnicki_1.pdb	CG	14.615728730900525
PZ30_Bujnicki_1.pdb	CC	15.452093808200157
PZ30_Bujnicki_1.pdb	CC	14.021774325575667
PZ30_Bujnicki_1.pdb	CG	11.069705801957177
PZ30_Bujnicki_1.pdb	CC	11.53364996466409
PZ30_Bujnicki_1.pdb	CG	14.060170653231644
PZ30_Bujnicki_1.pdb	CG	18.48673640334705
PZ30_Bujnicki_1.pdb	GU	15.885019723790448
PZ30_Bujnicki_1.pdb	GU	19.384408042459842
PZ30_Bujnicki_1.pdb	AU	16.39364741835952
PZ30_Bujnicki_1.pdb	AU	14.484375500587381
PZ30_Bujnicki_1.pdb	GU	16.958311883557407
PZ30_Bujnicki_1.pdb	CU	16.062224175123227
PZ30_Bujnicki_1.pdb	AU	12.298444539692362
PZ30_Bujnicki_1.pdb	GU	12.433056068767966
PZ30_Bujnicki_1.pdb	CU	14.98246214150043
PZ30_Bujnicki_1.pdb	CU	15.079056085002314
PZ30_Bujnicki_1.pdb	GU	12.001780821090682
PZ30_Bujnicki_1.pdb	CU	14.896790346678788
PZ30_Bujnicki_1.pdb	GU	18.39789724825433
PZ30_Bujnicki_1.pdb	GG	18.349962852490712
PZ30_Bujnicki_1.pdb	CG	18.32130187814544
PZ30_Bujnicki_1.pdb	GG	15.408236713348032
PZ30_Bujnicki_1.pdb	AG	11.225118773993215
PZ30_Bujnicki_1.pdb	AG	8.863277183643584
PZ30_Bujnicki_1.pdb	GG	11.629111648164523
PZ30_Bujnicki_1.pdb	AG	15.380371724292536
PZ30_Bujnicki_1.pdb	GG	18.53381381123322
PZ30_Bujnicki_1.pdb	GU	19.24873014505904
PZ30_Bujnicki_1.pdb	GU	18.915199295465516
PZ30_Bujnicki_1.pdb	GG	16.7148548898662
PZ30_Bujnicki_1.pdb	GG	18.429985024940194
PZ30_Bujnicki_1.pdb	GU	18.060646264024598
PZ30_Bujnicki_1.pdb	CG	14.00238227919051
PZ30_Bujnicki_1.pdb	AG	11.127239244018083
PZ30_Bujnicki_1.pdb	GG	13.813114072246194
PZ30_Bujnicki_1.pdb	CG	17.891456670312618
PZ30_Bujnicki_1.pdb	CG	18.94745214560156
PZ30_Bujnicki_1.pdb	GG	16.680669829587742
PZ30_Bujnicki_1.pdb	CG	17.301213072503888
PZ30_Bujnicki_1.pdb	CG	18.647826073183925
PZ30_Bujnicki_1.pdb	GG	18.045645638719076
PZ30_Bujnicki_1.pdb	CG	14.758743460234287
PZ30_Bujnicki_1.pdb	GG	12.46071495879307
PZ30_Bujnicki_1.pdb	AG	9.069279083283439
PZ30_Bujnicki_1.pdb	AG	9.52879834294287
PZ30_Bujnicki_1.pdb	GG	13.987653520359535
PZ30_Bujnicki_1.pdb	AG	18.344554702945267
PZ30_Bujnicki_1.pdb	GU	19.43839114444553
PZ30_Bujnicki_1.pdb	GG	16.133906592466637
PZ30_Bujnicki_1.pdb	GG	16.71984265542933
PZ30_Bujnicki_1.pdb	GG	19.804825970258047
PZ30_Bujnicki_1.pdb	GU	16.89404930880593
PZ30_Bujnicki_1.pdb	CG	14.335642943048935
PZ30_Bujnicki_1.pdb	AG	13.259184069499444
PZ30_Bujnicki_1.pdb	GG	16.262430413442466
PZ30_Bujnicki_1.pdb	GG	18.693023684872824
PZ30_Bujnicki_1.pdb	AC	17.768580508049563
PZ30_Bujnicki_1.pdb	AG	19.351897539410057
PZ30_Bujnicki_1.pdb	AC	17.33074205212848
PZ30_Bujnicki_1.pdb	AG	15.86700357938942
PZ30_Bujnicki_1.pdb	AA	12.789518030070296
PZ30_Bujnicki_1.pdb	AA	15.067154058675568
PZ30_Bujnicki_1.pdb	AG	19.72471911394591
PZ30_Bujnicki_1.pdb	AG	17.173090057930974
PZ30_Bujnicki_1.pdb	AG	18.179168660149287
PZ30_Bujnicki_1.pdb	AA	19.181678623490868
PZ30_Bujnicki_1.pdb	GG	17.928009724766138
PZ30_Bujnicki_1.pdb	CG	18.54797606494075
PZ30_Bujnicki_1.pdb	CG	17.540723873241433
PZ30_Bujnicki_1.pdb	AG	19.13320574517795
PZ30_Bujnicki_1.pdb	CG	19.800964064873806
PZ30_Bujnicki_1.pdb	CG	18.517691684827994
PZ30_Bujnicki_1.pdb	GG	17.60182922620486
PZ30_Bujnicki_1.pdb	CG	16.485044986977567
PZ30_Bujnicki_1.pdb	GG	15.811821236280451
PZ30_Bujnicki_1.pdb	AG	13.874034995635878
PZ30_Bujnicki_1.pdb	AG	17.830765316232636
PZ30_Bujnicki_1.pdb	GG	17.824244665938327
PZ30_Bujnicki_1.pdb	GG	17.711388467483793
PZ30_Bujnicki_1.pdb	CG	18.61284111274737
PZ30_Bujnicki_1.pdb	GG	18.27537476006106
PZ30_Bujnicki_1.pdb	CG	14.056590402767055
PZ30_Bujnicki_1.pdb	CG	14.362216549593704
PZ30_Bujnicki_1.pdb	AG	17.309765213553757
PZ30_Bujnicki_1.pdb	CG	19.149532266161348
PZ30_Bujnicki_1.pdb	CG	18.70197477078802
PZ30_Bujnicki_1.pdb	GG	18.10224329159198
PZ30_Bujnicki_1.pdb	CG	16.86114666522548
PZ30_Bujnicki_1.pdb	GG	16.03823780243303
PZ30_Bujnicki_1.pdb	AG	14.284797179911187
PZ30_Bujnicki_1.pdb	AG	19.334120029553436
PZ30_Bujnicki_1.pdb	GG	16.209276206036144
PZ30_Bujnicki_1.pdb	GG	15.304261338846004
PZ30_Bujnicki_1.pdb	CG	19.4701945714277
PZ30_Bujnicki_1.pdb	CC	19.59324616733097
PZ30_Bujnicki_1.pdb	CU	19.068843224953287
PZ30_Bujnicki_1.pdb	CG	13.676699363145408
PZ30_Bujnicki_1.pdb	CC	10.642805733529077
PZ30_Bujnicki_1.pdb	CC	13.274279980751265
PZ30_Bujnicki_1.pdb	AC	17.30202976458667
PZ30_Bujnicki_1.pdb	CC	19.738597501890965
PZ30_Bujnicki_1.pdb	CC	19.62590856494552
PZ30_Bujnicki_1.pdb	CG	18.88714540825854
PZ30_Bujnicki_1.pdb	CC	17.21929979911004
PZ30_Bujnicki_1.pdb	CG	16.098628374616307
PZ30_Bujnicki_1.pdb	AC	14.66939426994805
PZ30_Bujnicki_1.pdb	CU	19.534594466786523
PZ30_Bujnicki_1.pdb	CG	14.874652273363482
PZ30_Bujnicki_1.pdb	CG	12.752416091305847
PZ30_Bujnicki_1.pdb	CG	17.626366655930674
PZ30_Bujnicki_1.pdb	CG	19.637768172390203
PZ30_Bujnicki_1.pdb	CU	16.458249234616105
PZ30_Bujnicki_1.pdb	CG	11.750733875697719
PZ30_Bujnicki_1.pdb	CC	10.909637526198761
PZ30_Bujnicki_1.pdb	CC	15.276611601868376
PZ30_Bujnicki_1.pdb	AC	19.059171515519246
PZ30_Bujnicki_1.pdb	CC	19.990145109877197
PZ30_Bujnicki_1.pdb	CG	18.316262950320642
PZ30_Bujnicki_1.pdb	CC	15.65954227850696
PZ30_Bujnicki_1.pdb	CG	13.954759327279962
PZ30_Bujnicki_1.pdb	AC	13.06699314554545
PZ30_Bujnicki_1.pdb	AC	18.782645245582852
PZ30_Bujnicki_1.pdb	CU	17.609732315860825
PZ30_Bujnicki_1.pdb	CG	13.253873737066886
PZ30_Bujnicki_1.pdb	CG	9.056803161024556
PZ30_Bujnicki_1.pdb	CG	12.722488888014759
PZ30_Bujnicki_1.pdb	CC	18.104701991258104
PZ30_Bujnicki_1.pdb	GU	19.514822350556845
PZ30_Bujnicki_1.pdb	GU	15.574245631798666
PZ30_Bujnicki_1.pdb	GG	11.68721874065457
PZ30_Bujnicki_1.pdb	CG	11.8445014763767
PZ30_Bujnicki_1.pdb	CG	16.191388817501405
PZ30_Bujnicki_1.pdb	AG	19.04049931332261
PZ30_Bujnicki_1.pdb	CG	19.78810562171309
PZ30_Bujnicki_1.pdb	CG	18.358319168230658
PZ30_Bujnicki_1.pdb	GG	16.120456196825984
PZ30_Bujnicki_1.pdb	CG	13.227439559165873
PZ30_Bujnicki_1.pdb	GG	11.899480363166477
PZ30_Bujnicki_1.pdb	AG	12.963478000253431
PZ30_Bujnicki_1.pdb	AG	18.45824584639182
PZ30_Bujnicki_1.pdb	GU	19.59771757949559
PZ30_Bujnicki_1.pdb	GG	15.68877344994787
PZ30_Bujnicki_1.pdb	GG	9.942524071952063
PZ30_Bujnicki_1.pdb	GG	11.185400072323906
PZ30_Bujnicki_1.pdb	CG	16.15487115713723
PZ30_Bujnicki_1.pdb	CC	19.14735695048681
PZ30_Bujnicki_1.pdb	CC	19.664951460680328
PZ30_Bujnicki_1.pdb	CU	15.550065973350957
PZ30_Bujnicki_1.pdb	CG	12.729671052854748
PZ30_Bujnicki_1.pdb	CC	13.288667065383494
PZ30_Bujnicki_1.pdb	CC	16.86193180718577
PZ30_Bujnicki_1.pdb	AC	18.493965221924697
PZ30_Bujnicki_1.pdb	CC	18.259346969333777
PZ30_Bujnicki_1.pdb	CC	16.585123826812925
PZ30_Bujnicki_1.pdb	CG	14.387863398356057
PZ30_Bujnicki_1.pdb	CC	12.326529703311278
PZ30_Bujnicki_1.pdb	CG	12.431354967689385
PZ30_Bujnicki_1.pdb	AC	15.754420531156997
PZ30_Bujnicki_1.pdb	CG	14.564536595946228
PZ30_Bujnicki_1.pdb	CG	14.035383993543428
PZ30_Bujnicki_1.pdb	CC	17.97300694132329
PZ30_Bujnicki_1.pdb	CG	19.201978838610845
PZ30_Bujnicki_1.pdb	CU	18.834489193707736
PZ30_Bujnicki_1.pdb	GU	18.506734470559596
PZ30_Bujnicki_1.pdb	GG	16.16613108000166
PZ30_Bujnicki_1.pdb	CG	15.997853501205991
PZ30_Bujnicki_1.pdb	CG	17.926625795203492
PZ30_Bujnicki_1.pdb	AG	17.92814591717945
PZ30_Bujnicki_1.pdb	CG	16.30536206837447
PZ30_Bujnicki_1.pdb	CG	14.184761076717917
PZ30_Bujnicki_1.pdb	GG	12.199788718983536
PZ30_Bujnicki_1.pdb	CG	11.615209646402713
PZ30_Bujnicki_1.pdb	GG	13.441828217525227
PZ30_Bujnicki_1.pdb	AG	18.40915433136121
PZ30_Bujnicki_1.pdb	GG	19.371889988335
PZ30_Bujnicki_1.pdb	GG	18.48683562396388
PZ30_Bujnicki_1.pdb	GG	18.655988874548125
PZ30_Bujnicki_1.pdb	GU	17.622184557628962
PZ30_Bujnicki_1.pdb	GG	19.085643872171577
PZ30_Bujnicki_1.pdb	GU	19.492409100340748
PZ30_Bujnicki_1.pdb	GG	17.51185268835746
PZ30_Bujnicki_1.pdb	CG	16.722612147426513
PZ30_Bujnicki_1.pdb	CG	17.14502702170515
PZ30_Bujnicki_1.pdb	AG	15.838454326848213
PZ30_Bujnicki_1.pdb	CG	13.705575497232601
PZ30_Bujnicki_1.pdb	CG	12.627608089348854
PZ30_Bujnicki_1.pdb	GG	12.547581702990078
PZ30_Bujnicki_1.pdb	CG	14.358834995202626
PZ30_Bujnicki_1.pdb	GG	17.45756993949866
PZ30_Bujnicki_1.pdb	CU	19.281056696591403
PZ30_Bujnicki_1.pdb	GU	18.393385905010916
PZ30_Bujnicki_1.pdb	CU	16.959093364739115
PZ30_Bujnicki_1.pdb	CU	15.852017948330193
PZ30_Bujnicki_1.pdb	AU	13.485264033090754
PZ30_Bujnicki_1.pdb	CU	11.734799735666613
PZ30_Bujnicki_1.pdb	CU	12.851300171864045
PZ30_Bujnicki_1.pdb	GU	15.042228198294202
PZ30_Bujnicki_1.pdb	CU	18.430568302053622
PZ30_Bujnicki_1.pdb	CC	19.76772423883037
PZ30_Bujnicki_1.pdb	AC	18.997006825336733
PZ30_Bujnicki_1.pdb	CC	18.587816811556117
PZ30_Bujnicki_1.pdb	CC	19.157961318896568
PZ30_Bujnicki_1.pdb	CU	19.527071733211475
PZ30_Bujnicki_1.pdb	CG	18.253679980290784
PZ30_Bujnicki_1.pdb	CC	16.662871962933863
PZ30_Bujnicki_1.pdb	CC	14.735914161657087
PZ30_Bujnicki_1.pdb	AC	12.39149257953353
PZ30_Bujnicki_1.pdb	CC	12.560790394195385
PZ30_Bujnicki_1.pdb	CC	15.851395189451987
PZ30_Bujnicki_1.pdb	CG	19.28482381923349
PZ30_Bujnicki_1.pdb	CG	17.123919641551637
PZ30_Bujnicki_1.pdb	AG	14.42066222427544
PZ30_Bujnicki_1.pdb	CG	14.5254394999651
PZ30_Bujnicki_1.pdb	CG	16.89687745768579
PZ30_Bujnicki_1.pdb	CG	18.9119618240296
PZ30_Bujnicki_1.pdb	AG	19.37096038769399
PZ30_Bujnicki_1.pdb	CG	18.871741674634997
PZ30_Bujnicki_1.pdb	GU	19.548553121026714
PZ30_Bujnicki_1.pdb	GG	18.27158981285939
PZ30_Bujnicki_1.pdb	CG	16.29360428660582
PZ30_Bujnicki_1.pdb	CG	13.650953529466548
PZ30_Bujnicki_1.pdb	AG	11.70812265313904
PZ30_Bujnicki_1.pdb	CG	13.634376430409281
PZ30_Bujnicki_1.pdb	CG	18.102546480940735
PZ30_Bujnicki_1.pdb	GG	18.935411123585432
PZ30_Bujnicki_1.pdb	GG	19.68470221661947
PZ30_Bujnicki_1.pdb	GG	15.324144350558816
PZ30_Bujnicki_1.pdb	CG	11.881551899234434
PZ30_Bujnicki_1.pdb	AG	9.995937316665245
PZ30_Bujnicki_1.pdb	CG	11.183533761803023
PZ30_Bujnicki_1.pdb	CG	14.32669218487093
PZ30_Bujnicki_1.pdb	CG	16.520266449148025
PZ30_Bujnicki_1.pdb	AG	17.25068963568985
PZ30_Bujnicki_1.pdb	CG	16.933133921359662
PZ30_Bujnicki_1.pdb	GU	17.25109033464748
PZ30_Bujnicki_1.pdb	GG	15.797740404917954
PZ30_Bujnicki_1.pdb	CG	13.712386789821785
PZ30_Bujnicki_1.pdb	CG	11.35907497464409
PZ30_Bujnicki_1.pdb	AG	11.395962859495967
PZ30_Bujnicki_1.pdb	CG	15.423299803755672
PZ30_Bujnicki_1.pdb	CG	16.327723241028803
PZ30_Bujnicki_1.pdb	CG	18.397131728747375
PZ30_Bujnicki_1.pdb	CG	19.180201557334982
PZ30_Bujnicki_1.pdb	CC	19.77129881192222
PZ30_Bujnicki_1.pdb	AC	17.59347110015299
PZ30_Bujnicki_1.pdb	CG	14.416577016255841
PZ30_Bujnicki_1.pdb	CG	10.927634916074515
PZ30_Bujnicki_1.pdb	CC	8.767294744709325
PZ30_Bujnicki_1.pdb	AC	8.974343627693635
PZ30_Bujnicki_1.pdb	CC	11.162389993331624
PZ30_Bujnicki_1.pdb	CC	14.202168703589374
PZ30_Bujnicki_1.pdb	CC	15.704441889007976
PZ30_Bujnicki_1.pdb	AC	16.062719135460064
PZ30_Bujnicki_1.pdb	CC	15.549898701772106
PZ30_Bujnicki_1.pdb	CU	15.073710897739177
PZ30_Bujnicki_1.pdb	CG	13.455372459544405
PZ30_Bujnicki_1.pdb	CC	11.698902647014076
PZ30_Bujnicki_1.pdb	CC	10.764097274309785
PZ30_Bujnicki_1.pdb	AC	13.303027184429968
PZ30_Bujnicki_1.pdb	CC	18.47670646818306
PZ30_Bujnicki_1.pdb	CG	16.175092522460282
PZ30_Bujnicki_1.pdb	CG	18.12596135046888
PZ30_Bujnicki_1.pdb	CC	19.65252043532179
PZ30_Bujnicki_1.pdb	CG	16.402894240893506
PZ30_Bujnicki_1.pdb	AC	13.863922072873168
PZ30_Bujnicki_1.pdb	CG	12.31898160041958
PZ30_Bujnicki_1.pdb	CG	11.04412549623496
PZ30_Bujnicki_1.pdb	CC	10.908164308710713
PZ30_Bujnicki_1.pdb	AC	12.234347356735194
PZ30_Bujnicki_1.pdb	CC	13.98894310876864
PZ30_Bujnicki_1.pdb	CC	15.81472638308873
PZ30_Bujnicki_1.pdb	CC	15.83103055387861
PZ30_Bujnicki_1.pdb	AC	15.14447085469303
PZ30_Bujnicki_1.pdb	CC	14.133856783378274
PZ30_Bujnicki_1.pdb	CU	12.773265866862152
PZ30_Bujnicki_1.pdb	CG	11.501134719485522
PZ30_Bujnicki_1.pdb	CC	11.192231092817618
PZ30_Bujnicki_1.pdb	CC	12.77312804742791
PZ30_Bujnicki_1.pdb	AC	16.938727123838074
PZ30_Bujnicki_1.pdb	CG	17.865997263167106
PZ30_Bujnicki_1.pdb	CG	18.225066658806167
PZ30_Bujnicki_1.pdb	CG	14.670804765258211
PZ30_Bujnicki_1.pdb	AC	13.964425209082279
PZ30_Bujnicki_1.pdb	CG	14.34165107766129
PZ30_Bujnicki_1.pdb	CG	14.476556724958535
PZ30_Bujnicki_1.pdb	CC	14.79235961064007
PZ30_Bujnicki_1.pdb	AC	15.626116918385026
PZ30_Bujnicki_1.pdb	CC	16.37183072237377
PZ30_Bujnicki_1.pdb	CC	16.74543342521419
PZ30_Bujnicki_1.pdb	CC	15.232737908771764
PZ30_Bujnicki_1.pdb	AC	13.559583304340263
PZ30_Bujnicki_1.pdb	CC	12.435967631364335
PZ30_Bujnicki_1.pdb	CU	11.083291833170424
PZ30_Bujnicki_1.pdb	CG	11.409164679659936
PZ30_Bujnicki_1.pdb	CC	13.328556101212712
PZ30_Bujnicki_1.pdb	CC	16.726090828425587
PZ30_Bujnicki_1.pdb	CG	19.341922765143433
PZ30_Bujnicki_1.pdb	GG	16.361322891253128
PZ30_Bujnicki_1.pdb	GG	14.36306841939705
PZ30_Bujnicki_1.pdb	AG	15.416069433099224
PZ30_Bujnicki_1.pdb	GG	16.623391857704696
PZ30_Bujnicki_1.pdb	GG	16.843553316303243
PZ30_Bujnicki_1.pdb	CG	16.762019218738445
PZ30_Bujnicki_1.pdb	AG	16.71077325839218
PZ30_Bujnicki_1.pdb	CG	16.449695882529063
PZ30_Bujnicki_1.pdb	CG	15.571234691029419
PZ30_Bujnicki_1.pdb	CG	13.22068296590171
PZ30_Bujnicki_1.pdb	AG	11.949346230804792
PZ30_Bujnicki_1.pdb	CG	12.287982370622942
PZ30_Bujnicki_1.pdb	GU	12.742393509601627
PZ30_Bujnicki_1.pdb	GG	14.937885450408798
PZ30_Bujnicki_1.pdb	CG	17.895453819886914
PZ30_Bujnicki_1.pdb	GG	15.937284453464887
PZ30_Bujnicki_1.pdb	GG	15.099647027548704
PZ30_Bujnicki_1.pdb	AG	16.923022506684678
PZ30_Bujnicki_1.pdb	GG	18.000382981224536
PZ30_Bujnicki_1.pdb	GG	17.67588483897304
PZ30_Bujnicki_1.pdb	CG	16.95121916967099
PZ30_Bujnicki_1.pdb	AG	16.04835354089769
PZ30_Bujnicki_1.pdb	CG	15.02195365962838
PZ30_Bujnicki_1.pdb	CG	13.385547783384705
PZ30_Bujnicki_1.pdb	CG	11.373188900458443
PZ30_Bujnicki_1.pdb	AG	12.166239089612198
PZ30_Bujnicki_1.pdb	CG	14.564109037700767
PZ30_Bujnicki_1.pdb	GU	16.736498915280485
PZ30_Bujnicki_1.pdb	GG	19.566164135226277
PZ30_Bujnicki_1.pdb	GU	19.61934397458792
PZ30_Bujnicki_1.pdb	GG	16.767597461396925
PZ30_Bujnicki_1.pdb	GG	16.42891171459347
PZ30_Bujnicki_1.pdb	AG	18.21382034318878
PZ30_Bujnicki_1.pdb	GG	18.70087825059242
PZ30_Bujnicki_1.pdb	GG	17.69393939311024
PZ30_Bujnicki_1.pdb	CG	16.43193897369334
PZ30_Bujnicki_1.pdb	AG	15.038813575127824
PZ30_Bujnicki_1.pdb	CG	13.764815181219607
PZ30_Bujnicki_1.pdb	CG	12.275330933048375
PZ30_Bujnicki_1.pdb	CG	12.118990499796567
PZ30_Bujnicki_1.pdb	AG	15.327427534805603
PZ30_Bujnicki_1.pdb	CG	18.91691851249088
PZ30_Bujnicki_1.pdb	CG	18.894515897837543
PZ30_Bujnicki_1.pdb	GG	18.103669583440208
PZ30_Bujnicki_1.pdb	GG	17.17133137039308
PZ30_Bujnicki_1.pdb	AG	18.00588068607081
PZ30_Bujnicki_1.pdb	GG	17.497385770053153
PZ30_Bujnicki_1.pdb	GG	15.830751010156712
PZ30_Bujnicki_1.pdb	CG	14.424025208709727
PZ30_Bujnicki_1.pdb	AG	13.473495143956955
PZ30_Bujnicki_1.pdb	CG	13.127933381349138
PZ30_Bujnicki_1.pdb	CG	13.351695320889789
PZ30_Bujnicki_1.pdb	CG	15.53873521879153
PZ30_Bujnicki_1.pdb	AG	19.865324498373653
PZ30_Bujnicki_1.pdb	CU	19.989786428141414
PZ30_Bujnicki_1.pdb	CG	18.162108971510072
PZ30_Bujnicki_1.pdb	AC	17.7087729513495
PZ30_Bujnicki_1.pdb	CG	16.102384119738915
PZ30_Bujnicki_1.pdb	CG	13.920916827262284
PZ30_Bujnicki_1.pdb	CC	12.765641802489059
PZ30_Bujnicki_1.pdb	AC	12.97420438730267
PZ30_Bujnicki_1.pdb	CC	14.106569237344614
PZ30_Bujnicki_1.pdb	CC	16.130498998838387
PZ30_Bujnicki_1.pdb	CC	19.62422065901081
PZ30_Bujnicki_1.pdb	CU	19.603921608776293
PZ30_Bujnicki_1.pdb	GU	17.470662206073584
PZ30_Bujnicki_1.pdb	AU	15.840904251395909
PZ30_Bujnicki_1.pdb	GU	13.635984088749723
PZ30_Bujnicki_1.pdb	GU	12.099368695352679
PZ30_Bujnicki_1.pdb	CU	12.585618034899277
PZ30_Bujnicki_1.pdb	AU	15.032762442801314
PZ30_Bujnicki_1.pdb	CU	17.704352471867836
PZ30_Bujnicki_1.pdb	CU	18.10407464222984
PZ30_Bujnicki_1.pdb	GU	18.987928742076836
PZ30_Bujnicki_1.pdb	GU	15.989833962445827
PZ30_Bujnicki_1.pdb	AU	14.04732799754536
PZ30_Bujnicki_1.pdb	GU	12.369285762251462
PZ30_Bujnicki_1.pdb	GU	12.619119680165523
PZ30_Bujnicki_1.pdb	CU	14.83791509693697
PZ30_Bujnicki_1.pdb	AU	18.564539208595424
PZ30_Bujnicki_1.pdb	CG	16.873931523286103
PZ30_Bujnicki_1.pdb	CG	13.910708148786993
PZ30_Bujnicki_1.pdb	AC	12.186997088586647
PZ30_Bujnicki_1.pdb	CG	12.060572464670608
PZ30_Bujnicki_1.pdb	CG	14.626815307404769
PZ30_Bujnicki_1.pdb	CC	18.221078622687553
PZ30_Bujnicki_1.pdb	GU	12.543436253808629
PZ30_Bujnicki_1.pdb	AU	12.488407834839316
PZ30_Bujnicki_1.pdb	GU	14.626312953078807
PZ30_Bujnicki_1.pdb	GU	18.697731983457967
PZ30_Bujnicki_1.pdb	AC	12.273790352416466
PZ30_Bujnicki_1.pdb	CG	16.097553982244726
PZ30_Bujnicki_1.pdb	CG	18.166074863796055
PZ30_Bujnicki_1.pdb	CG	18.45478399120106
PZ30_Bujnicki_1.pdb	AA	19.228205670514736
PZ30_Bujnicki_1.pdb	CG	19.364633729673574
PZ30_Bujnicki_1.pdb	CG	18.88353785058829
PZ30_Bujnicki_1.pdb	CG	19.90327275021192
PZ30_Bujnicki_1.pdb	CG	18.09850428831668
PZ30_Bujnicki_1.pdb	CC	18.31001462053622
PZ30_Bujnicki_1.pdb	CC	19.756425871419285
PZ30_Bujnicki_1.pdb	CC	17.73313588181944
PZ30_Bujnicki_1.pdb	AC	19.414724301523634
PZ30_Bujnicki_1.pdb	AA	17.6312982391779
PZ30_Bujnicki_1.pdb	AC	19.725876445253785
PZ30_Bujnicki_1.pdb	AC	19.106982296521167
PZ30_Bujnicki_1.pdb	CC	17.668439662812013
PZ30_Bujnicki_1.pdb	CU	19.50544391011696
PZ30_Bujnicki_1.pdb	CG	19.73845619673824
PZ30_Bujnicki_1.pdb	AC	19.662573731192428
PZ30_Bujnicki_1.pdb	CG	19.992902329632525
PZ30_Bujnicki_1.pdb	GG	19.84803810108455
PZ30_Bujnicki_1.pdb	CC	17.353114375846108
PZ30_Bujnicki_1.pdb	CG	18.659437274030854
PZ30_Bujnicki_1.pdb	CC	19.288466366195312
PZ30_Bujnicki_1.pdb	CG	19.885356039513237
PZ30_Bujnicki_1.pdb	CG	16.868334165913918
PZ30_Bujnicki_1.pdb	CC	19.183474635209247
PZ30_Bujnicki_1.pdb	AC	18.46334758126427
PZ30_Bujnicki_1.pdb	CG	19.480167276254306
PZ30_Bujnicki_1.pdb	CU	18.817104962578895
PZ30_Bujnicki_1.pdb	AG	19.423907078392645
PZ30_Bujnicki_1.pdb	GG	18.11255990967345
PZ30_Bujnicki_1.pdb	GU	13.543271392924353
PZ30_Bujnicki_1.pdb	CG	17.532597459220913
PZ30_Bujnicki_1.pdb	CG	18.50532939623176
PZ30_Bujnicki_1.pdb	CG	17.01380739803578
PZ30_Bujnicki_1.pdb	CG	18.318053204346672
PZ30_Bujnicki_1.pdb	CU	18.786282526160473
PZ30_Bujnicki_1.pdb	CG	13.419180430719228
PZ30_Bujnicki_1.pdb	CU	9.583109615769278
PZ30_Bujnicki_1.pdb	CC	13.902890188707257
PZ30_Bujnicki_1.pdb	AC	18.294283118496985
PZ30_Bujnicki_1.pdb	AG	19.229652716132147
PZ30_Bujnicki_1.pdb	GG	17.075281492247058
PZ30_Bujnicki_1.pdb	GG	13.07673172397721
PZ30_Bujnicki_1.pdb	GG	14.427091371293589
PZ30_Bujnicki_1.pdb	CG	17.499165677826728
PZ30_Bujnicki_1.pdb	GU	19.582317680718713
PZ30_Bujnicki_1.pdb	CG	18.973211291887317
PZ30_Bujnicki_1.pdb	GU	15.789913585771385
PZ30_Bujnicki_1.pdb	GG	11.446276476408633
PZ30_Bujnicki_1.pdb	GU	9.09849038884709
PZ30_Bujnicki_1.pdb	CG	12.661137169711418
PZ30_Bujnicki_1.pdb	AG	16.422478455982446
PZ30_Bujnicki_1.pdb	AG	17.161310929655514
PZ30_Bujnicki_1.pdb	AU	16.86655572047062
PZ30_Bujnicki_1.pdb	AU	15.11852474715213
PZ30_Bujnicki_1.pdb	AG	11.615360964061935
PZ30_Bujnicki_1.pdb	AG	9.392290376659794
PZ30_Bujnicki_1.pdb	AG	12.31884921126749
PZ30_Bujnicki_1.pdb	AC	15.475791474923538
PZ30_Bujnicki_1.pdb	AU	17.925564691658664
PZ30_Bujnicki_1.pdb	AC	18.152832865320605
PZ30_Bujnicki_1.pdb	AU	16.443235424666902
PZ30_Bujnicki_1.pdb	AG	14.032553981848345
PZ30_Bujnicki_1.pdb	AU	13.01717569729159
PZ30_Bujnicki_1.pdb	AC	13.96054814724148
PZ30_Bujnicki_1.pdb	AA	15.624833669201848
PZ30_Bujnicki_1.pdb	AU	15.353419635079891
PZ30_Bujnicki_1.pdb	AU	15.706391342058666
PZ30_Bujnicki_1.pdb	AG	13.722655819652083
PZ30_Bujnicki_1.pdb	AG	13.204920460728173
PZ30_Bujnicki_1.pdb	AG	14.929047846631054
PZ30_Bujnicki_1.pdb	AC	16.24097037332174
PZ30_Bujnicki_1.pdb	AU	16.811358193195616
PZ30_Bujnicki_1.pdb	AC	15.760120293694431
PZ30_Bujnicki_1.pdb	AU	13.903120428283136
PZ30_Bujnicki_1.pdb	AG	12.478123164102916
PZ30_Bujnicki_1.pdb	AU	12.310973731686463
PZ30_Bujnicki_1.pdb	AC	10.90031962504236
PZ30_Bujnicki_1.pdb	AA	11.2394504297975
PZ30_Bujnicki_1.pdb	AG	16.451698075077484
PZ30_Bujnicki_1.pdb	GU	16.559103687774066
PZ30_Bujnicki_1.pdb	GG	16.0976543924134
PZ30_Bujnicki_1.pdb	GG	16.27659123771126
PZ30_Bujnicki_1.pdb	GG	16.655284849582063
PZ30_Bujnicki_1.pdb	CG	16.221981354348138
PZ30_Bujnicki_1.pdb	GU	15.017046911297328
PZ30_Bujnicki_1.pdb	CG	13.030812358822127
PZ30_Bujnicki_1.pdb	GU	11.869960441401794
PZ30_Bujnicki_1.pdb	GG	12.556891313431034
PZ30_Bujnicki_1.pdb	GU	14.127355025771994
PZ30_Bujnicki_1.pdb	CG	11.828913533461748
PZ30_Bujnicki_1.pdb	AG	11.215265831394255
PZ30_Bujnicki_1.pdb	GG	16.276797079903066
PZ30_Bujnicki_1.pdb	AG	15.977322985410813
PZ30_Bujnicki_1.pdb	AG	17.4136331056127
PZ30_Bujnicki_1.pdb	AG	17.13644243011576
PZ30_Bujnicki_1.pdb	AC	15.424219775445907
PZ30_Bujnicki_1.pdb	AU	13.475827562110522
PZ30_Bujnicki_1.pdb	AC	12.455308271838726
PZ30_Bujnicki_1.pdb	AU	13.861747862918396
PZ30_Bujnicki_1.pdb	AG	16.76608664880357
PZ30_Bujnicki_1.pdb	AU	19.506342020817943
PZ30_Bujnicki_1.pdb	AC	17.4999008913512
PZ30_Bujnicki_1.pdb	AA	16.255828080325646
PZ30_Bujnicki_1.pdb	GG	16.18783261686528
PZ30_Bujnicki_1.pdb	GG	15.880813536073779
PZ30_Bujnicki_1.pdb	CG	13.928982056945696
PZ30_Bujnicki_1.pdb	GU	13.079768732943275
PZ30_Bujnicki_1.pdb	CG	14.508169672505227
PZ30_Bujnicki_1.pdb	GU	17.733953884311823
PZ30_Bujnicki_1.pdb	GU	14.143180624555217
PZ30_Bujnicki_1.pdb	CU	13.28365448415023
PZ30_Bujnicki_1.pdb	UU	14.491599049770734
PZ30_Bujnicki_1.pdb	CU	17.39158687459768
PZ30_Bujnicki_1.pdb	CU	13.503530659461426
PZ30_Bujnicki_1.pdb	UU	16.8753592187317
PZ30_Bujnicki_1.pdb	GU	17.92543881006992
PZ30_Bujnicki_1.pdb	CG	18.766524930577575
PZ30_Bujnicki_1.pdb	GU	19.731617341498783
PZ30_Bujnicki_1.pdb	GG	19.57320772932359
PZ30_Bujnicki_1.pdb	GU	16.616331650125645
PZ30_Bujnicki_1.pdb	GG	17.699542838363225
PZ30_Bujnicki_1.pdb	CG	17.275479584982936
PZ30_Bujnicki_1.pdb	CC	19.528016728378635
PZ30_Bujnicki_1.pdb	AU	17.8683350457153
PZ30_Bujnicki_1.pdb	CC	16.411901379284103
PZ30_Bujnicki_1.pdb	CG	18.026904855580835
PZ30_Bujnicki_1.pdb	AG	13.55050540098563
PZ30_Bujnicki_1.pdb	AC	18.759673666691423
PZ30_Bujnicki_1.pdb	CG	14.21479388253575
PZ30_Bujnicki_1.pdb	GG	17.914266085285384
PZ30_Bujnicki_1.pdb	CG	14.360228429006666
PZ30_Bujnicki_1.pdb	CG	17.049005361743685
PZ30_Bujnicki_1.pdb	CG	19.405208352424296
PZ30_Bujnicki_1.pdb	CG	13.227355140579306
PZ30_Bujnicki_1.pdb	CG	15.693574533296156
PZ30_Bujnicki_1.pdb	GG	18.116918005489826
PZ30_Chen_1.pdb	CG	15.162936324151481
PZ30_Chen_1.pdb	CG	18.633968597022726
PZ30_Chen_1.pdb	CG	18.39384136721483
PZ30_Chen_1.pdb	CG	17.11953763932568
PZ30_Chen_1.pdb	GG	16.8364332692346
PZ30_Chen_1.pdb	CG	17.689556653753144
PZ30_Chen_1.pdb	GG	17.695217555631622
PZ30_Chen_1.pdb	GG	15.062981567666037
PZ30_Chen_1.pdb	GG	13.72214341931763
PZ30_Chen_1.pdb	AC	15.529174502261453
PZ30_Chen_1.pdb	AC	17.929983086028546
PZ30_Chen_1.pdb	AG	18.08224926273042
PZ30_Chen_1.pdb	AC	13.761603325696576
PZ30_Chen_1.pdb	AC	12.80410776993752
PZ30_Chen_1.pdb	AG	13.207525055756987
PZ30_Chen_1.pdb	AC	15.394243284918854
PZ30_Chen_1.pdb	AG	16.337946797353865
PZ30_Chen_1.pdb	AG	14.637005354776248
PZ30_Chen_1.pdb	AG	14.123140998580958
PZ30_Chen_1.pdb	AC	16.23566554594813
PZ30_Chen_1.pdb	AG	19.586190924120707
PZ30_Chen_1.pdb	AG	13.922602843595357
PZ30_Chen_1.pdb	AC	9.607670131426849
PZ30_Chen_1.pdb	AC	10.783493174844033
PZ30_Chen_1.pdb	AG	13.063763770497085
PZ30_Chen_1.pdb	AC	17.015782420803564
PZ30_Chen_1.pdb	AG	18.86132155287234
PZ30_Chen_1.pdb	AG	18.039282329664115
PZ30_Chen_1.pdb	AG	17.870951964370914
PZ30_Chen_1.pdb	CG	18.47754546948945
PZ30_Chen_1.pdb	CC	15.078871009160842
PZ30_Chen_1.pdb	CC	16.903009808326665
PZ30_Chen_1.pdb	CG	18.362172673511946
PZ30_Chen_1.pdb	CG	19.386470462439963
PZ30_Chen_1.pdb	CG	17.44929652464785
PZ30_Chen_1.pdb	CC	18.127939633885504
PZ30_Chen_1.pdb	CC	18.387829917661897
PZ30_Chen_1.pdb	CG	17.813430944861096
PZ30_Chen_1.pdb	CC	19.729362819175787
PZ30_Chen_1.pdb	CG	19.14964939711025
PZ30_Chen_1.pdb	CG	16.210861218535815
PZ30_Chen_1.pdb	CG	14.175545086193289
PZ30_Chen_1.pdb	CG	18.54080089424078
PZ30_Chen_1.pdb	CC	19.037259889610898
PZ30_Chen_1.pdb	CG	17.22867021822004
PZ30_Chen_1.pdb	CG	14.094819211567783
PZ30_Chen_1.pdb	CG	12.416735424452062
PZ30_Chen_1.pdb	CU	18.539090400007726
PZ30_Chen_1.pdb	CG	16.539881517886112
PZ30_Chen_1.pdb	CC	16.255637301415177
PZ30_Chen_1.pdb	CG	14.387166207797918
PZ30_Chen_1.pdb	CG	12.92020644610152
PZ30_Chen_1.pdb	CG	13.475210001774672
PZ30_Chen_1.pdb	GG	19.23737098412622
PZ30_Chen_1.pdb	GG	15.484502577254613
PZ30_Chen_1.pdb	CG	14.279522119078255
PZ30_Chen_1.pdb	GG	12.76501924446088
PZ30_Chen_1.pdb	GG	13.753957830325655
PZ30_Chen_1.pdb	GG	16.43030544899301
PZ30_Chen_1.pdb	CG	18.86993508586548
PZ30_Chen_1.pdb	CC	19.510385100302628
PZ30_Chen_1.pdb	CG	14.575466972156473
PZ30_Chen_1.pdb	CC	13.97359737355523
PZ30_Chen_1.pdb	CG	14.347340144091932
PZ30_Chen_1.pdb	CG	17.448844372832703
PZ30_Chen_1.pdb	CG	19.21434324274001
PZ30_Chen_1.pdb	CC	19.31089658979124
PZ30_Chen_1.pdb	GU	18.525450452338205
PZ30_Chen_1.pdb	CG	18.443073713156572
PZ30_Chen_1.pdb	GG	18.043920382115083
PZ30_Chen_1.pdb	CG	19.35583321876451
PZ30_Chen_1.pdb	GG	18.11292280828552
PZ30_Chen_1.pdb	GG	19.087121820709744
PZ30_Chen_1.pdb	CG	17.256312349256408
PZ30_Chen_1.pdb	CG	15.399768568544534
PZ30_Chen_1.pdb	GG	16.9443437270156
PZ30_Chen_1.pdb	AC	18.735491393530353
PZ30_Chen_1.pdb	AG	17.374303884045496
PZ30_Chen_1.pdb	AC	16.930694438577085
PZ30_Chen_1.pdb	AG	17.816146934440084
PZ30_Chen_1.pdb	AC	18.913293658475563
PZ30_Chen_1.pdb	AC	15.84408979653589
PZ30_Chen_1.pdb	AG	17.22625045668102
PZ30_Chen_1.pdb	AG	19.97461148478401
PZ30_Chen_1.pdb	CG	17.90720699104399
PZ30_Chen_1.pdb	CG	15.918576512033573
PZ30_Chen_1.pdb	GG	15.669090840875482
PZ30_Chen_1.pdb	CG	15.9789865515901
PZ30_Chen_1.pdb	GG	17.273872797480088
PZ30_Chen_1.pdb	GG	18.732714807197034
PZ30_Chen_1.pdb	CG	17.219941804293274
PZ30_Chen_1.pdb	CG	13.715312814379914
PZ30_Chen_1.pdb	GG	15.76311227304471
PZ30_Chen_1.pdb	CG	19.297943422519126
PZ30_Chen_1.pdb	CG	18.7074566826118
PZ30_Chen_1.pdb	CG	18.767554640401695
PZ30_Chen_1.pdb	AG	17.248091920231854
PZ30_Chen_1.pdb	CG	16.967972018424593
PZ30_Chen_1.pdb	CG	16.28589753380114
PZ30_Chen_1.pdb	GG	16.410398244847006
PZ30_Chen_1.pdb	CG	16.551386151299766
PZ30_Chen_1.pdb	GG	17.312396260857813
PZ30_Chen_1.pdb	AG	19.79454325821764
PZ30_Chen_1.pdb	GG	16.421834162402487
PZ30_Chen_1.pdb	CG	15.227304465602863
PZ30_Chen_1.pdb	CG	12.184046664139062
PZ30_Chen_1.pdb	GG	15.46224726326233
PZ30_Chen_1.pdb	CG	19.1750624165555
PZ30_Chen_1.pdb	CG	19.68686890931132
PZ30_Chen_1.pdb	CC	18.648636420326767
PZ30_Chen_1.pdb	CC	18.592201151026778
PZ30_Chen_1.pdb	AC	18.96751340729242
PZ30_Chen_1.pdb	CC	19.80894055843505
PZ30_Chen_1.pdb	CC	19.2885960881545
PZ30_Chen_1.pdb	CG	18.559036982698252
PZ30_Chen_1.pdb	CC	17.53573143954929
PZ30_Chen_1.pdb	CG	16.91473361203896
PZ30_Chen_1.pdb	AC	17.260397255390284
PZ30_Chen_1.pdb	CG	13.159903056887849
PZ30_Chen_1.pdb	CC	12.91703173676831
PZ30_Chen_1.pdb	CC	11.945025709461902
PZ30_Chen_1.pdb	CG	16.91240942678711
PZ30_Chen_1.pdb	CG	19.961251654580128
PZ30_Chen_1.pdb	CC	17.90373908776214
PZ30_Chen_1.pdb	CC	19.262929649625875
PZ30_Chen_1.pdb	CC	19.81369290238342
PZ30_Chen_1.pdb	CG	18.057047043061864
PZ30_Chen_1.pdb	CC	16.238605323421165
PZ30_Chen_1.pdb	CG	15.060934419537775
PZ30_Chen_1.pdb	AC	14.930891992368146
PZ30_Chen_1.pdb	CG	12.512794905310624
PZ30_Chen_1.pdb	CC	14.691397720099
PZ30_Chen_1.pdb	CC	16.316850728688987
PZ30_Chen_1.pdb	GG	17.106647638798915
PZ30_Chen_1.pdb	CG	14.32713043509023
PZ30_Chen_1.pdb	GG	12.703939823623092
PZ30_Chen_1.pdb	AG	18.005226986570243
PZ30_Chen_1.pdb	GG	19.560071934312152
PZ30_Chen_1.pdb	GU	17.11425055754014
PZ30_Chen_1.pdb	CG	16.626855253696185
PZ30_Chen_1.pdb	AG	13.02771017557074
PZ30_Chen_1.pdb	GG	13.653446190389653
PZ30_Chen_1.pdb	CG	17.657832271389427
PZ30_Chen_1.pdb	CC	19.886219709563548
PZ30_Chen_1.pdb	CC	19.47968607174606
PZ30_Chen_1.pdb	CC	19.135554516937393
PZ30_Chen_1.pdb	CC	19.357166767520198
PZ30_Chen_1.pdb	CC	16.9641438437147
PZ30_Chen_1.pdb	CG	14.207126730494005
PZ30_Chen_1.pdb	CC	12.852234353331701
PZ30_Chen_1.pdb	CG	13.558709454339827
PZ30_Chen_1.pdb	AC	18.067228648708596
PZ30_Chen_1.pdb	AC	19.89777140472862
PZ30_Chen_1.pdb	CG	18.914670606471134
PZ30_Chen_1.pdb	CU	17.90284321142295
PZ30_Chen_1.pdb	CC	19.5404568940517
PZ30_Chen_1.pdb	AC	16.94670910541528
PZ30_Chen_1.pdb	CG	18.793678183805362
PZ30_Chen_1.pdb	GG	16.702962206752755
PZ30_Chen_1.pdb	AG	18.681272383002874
PZ30_Chen_1.pdb	CG	19.890588836639857
PZ30_Chen_1.pdb	CG	19.7166547494589
PZ30_Chen_1.pdb	CG	19.788503160708437
PZ30_Chen_1.pdb	AG	18.368292730056353
PZ30_Chen_1.pdb	CG	16.228759140893924
PZ30_Chen_1.pdb	CG	13.539027233299345
PZ30_Chen_1.pdb	GG	11.572651550813195
PZ30_Chen_1.pdb	CG	12.53575668666288
PZ30_Chen_1.pdb	GG	15.791346248164247
PZ30_Chen_1.pdb	AG	19.122529103839568
PZ30_Chen_1.pdb	AG	18.927362834789214
PZ30_Chen_1.pdb	GG	19.586952387372428
PZ30_Chen_1.pdb	GG	18.43586344045017
PZ30_Chen_1.pdb	CG	19.577560194353307
PZ30_Chen_1.pdb	AG	16.571751644070254
PZ30_Chen_1.pdb	CG	13.04204596942551
PZ30_Chen_1.pdb	CG	10.311656975019213
PZ30_Chen_1.pdb	GG	10.249057123013896
PZ30_Chen_1.pdb	CG	13.851342866993063
PZ30_Chen_1.pdb	GG	18.866846878648825
PZ30_Chen_1.pdb	AG	19.822664445497423
PZ30_Chen_1.pdb	GG	19.356819984723394
PZ30_Chen_1.pdb	CU	18.718019360500406
PZ30_Chen_1.pdb	CU	17.238647886482724
PZ30_Chen_1.pdb	CU	16.19683515343549
PZ30_Chen_1.pdb	AU	17.68635313398361
PZ30_Chen_1.pdb	CU	18.643520144673413
PZ30_Chen_1.pdb	CU	17.21418872832163
PZ30_Chen_1.pdb	AU	14.798198595923289
PZ30_Chen_1.pdb	CU	12.651902704626245
PZ30_Chen_1.pdb	CU	12.616768589655441
PZ30_Chen_1.pdb	GU	14.698161418790583
PZ30_Chen_1.pdb	CU	18.813989062825943
PZ30_Chen_1.pdb	CC	17.873028555430416
PZ30_Chen_1.pdb	AC	16.154086102160583
PZ30_Chen_1.pdb	CC	15.956220628406859
PZ30_Chen_1.pdb	CC	14.10731364484756
PZ30_Chen_1.pdb	CC	14.621503261910366
PZ30_Chen_1.pdb	AC	17.655795812850826
PZ30_Chen_1.pdb	CC	19.10729199132186
PZ30_Chen_1.pdb	AC	16.8633563671351
PZ30_Chen_1.pdb	CC	15.213109330822146
PZ30_Chen_1.pdb	CC	16.201161701356995
PZ30_Chen_1.pdb	CG	18.986303273593233
PZ30_Chen_1.pdb	CG	17.65546995325313
PZ30_Chen_1.pdb	AG	18.327100783989838
PZ30_Chen_1.pdb	CG	19.349411284686003
PZ30_Chen_1.pdb	CG	17.662541293918665
PZ30_Chen_1.pdb	CG	16.81063909746061
PZ30_Chen_1.pdb	AG	19.669391261447903
PZ30_Chen_1.pdb	CG	16.321153284836903
PZ30_Chen_1.pdb	CG	13.6167520311628
PZ30_Chen_1.pdb	AG	11.356299649469426
PZ30_Chen_1.pdb	CG	11.50202971000311
PZ30_Chen_1.pdb	CG	15.233808268511316
PZ30_Chen_1.pdb	GG	19.855813485737972
PZ30_Chen_1.pdb	GG	19.6634866418712
PZ30_Chen_1.pdb	GG	19.21567825528022
PZ30_Chen_1.pdb	GG	17.640941102620896
PZ30_Chen_1.pdb	CG	16.526302785955874
PZ30_Chen_1.pdb	AG	19.374503538820072
PZ30_Chen_1.pdb	CG	19.192277042265133
PZ30_Chen_1.pdb	CG	17.476138973118783
PZ30_Chen_1.pdb	GG	17.380493282296385
PZ30_Chen_1.pdb	CG	13.91925021259124
PZ30_Chen_1.pdb	CG	11.388197767538125
PZ30_Chen_1.pdb	AG	11.313256555115087
PZ30_Chen_1.pdb	CG	14.330581782513844
PZ30_Chen_1.pdb	CG	19.567597201281338
PZ30_Chen_1.pdb	AC	19.960835570701338
PZ30_Chen_1.pdb	CG	16.68090280276622
PZ30_Chen_1.pdb	CG	17.406548694477113
PZ30_Chen_1.pdb	CC	17.81974027112558
PZ30_Chen_1.pdb	CC	17.603239026808247
PZ30_Chen_1.pdb	AC	19.689323908452366
PZ30_Chen_1.pdb	CC	18.756317995553832
PZ30_Chen_1.pdb	CU	16.38824452026399
PZ30_Chen_1.pdb	CG	13.534214762811787
PZ30_Chen_1.pdb	CC	11.659849613976467
PZ30_Chen_1.pdb	CC	11.284775752218886
PZ30_Chen_1.pdb	AC	14.423852766999959
PZ30_Chen_1.pdb	CC	19.212396089331673
PZ30_Chen_1.pdb	CG	19.63245925721353
PZ30_Chen_1.pdb	AC	16.063646854631173
PZ30_Chen_1.pdb	CG	14.321579792952084
PZ30_Chen_1.pdb	CG	16.65417789663005
PZ30_Chen_1.pdb	CC	17.833133826039838
PZ30_Chen_1.pdb	CC	16.536220269808833
PZ30_Chen_1.pdb	AC	18.25272209562241
PZ30_Chen_1.pdb	CC	16.76476872819948
PZ30_Chen_1.pdb	CU	14.025421938527883
PZ30_Chen_1.pdb	CG	13.073858697023757
PZ30_Chen_1.pdb	CC	14.099397689698884
PZ30_Chen_1.pdb	CC	15.92684150426958
PZ30_Chen_1.pdb	CG	17.593575193808128
PZ30_Chen_1.pdb	CC	19.063441457944055
PZ30_Chen_1.pdb	CU	19.5223809572844
PZ30_Chen_1.pdb	CG	19.341714805057777
PZ30_Chen_1.pdb	CG	14.991949611659921
PZ30_Chen_1.pdb	AC	11.658356738550868
PZ30_Chen_1.pdb	CG	10.219421302159077
PZ30_Chen_1.pdb	CG	12.92384805072641
PZ30_Chen_1.pdb	CC	14.52502401580655
PZ30_Chen_1.pdb	AC	19.907105004249647
PZ30_Chen_1.pdb	CC	19.509876982217403
PZ30_Chen_1.pdb	CC	17.77488464570699
PZ30_Chen_1.pdb	CC	15.179514940980397
PZ30_Chen_1.pdb	AC	17.911526963315453
PZ30_Chen_1.pdb	CC	17.90233074977096
PZ30_Chen_1.pdb	CU	16.864041843363164
PZ30_Chen_1.pdb	CG	18.088713918405837
PZ30_Chen_1.pdb	CG	19.268404517933302
PZ30_Chen_1.pdb	GG	17.411300349416706
PZ30_Chen_1.pdb	AG	15.685195986660242
PZ30_Chen_1.pdb	GG	15.268307823850108
PZ30_Chen_1.pdb	GG	17.306067398983398
PZ30_Chen_1.pdb	CG	17.696042683056543
PZ30_Chen_1.pdb	CG	19.79732218021555
PZ30_Chen_1.pdb	CG	16.87226678880787
PZ30_Chen_1.pdb	CG	13.08201007196669
PZ30_Chen_1.pdb	AG	14.475262827115046
PZ30_Chen_1.pdb	CG	14.151630319878576
PZ30_Chen_1.pdb	GU	14.034634678109397
PZ30_Chen_1.pdb	GG	17.3378158211773
PZ30_Chen_1.pdb	GU	19.228864090334408
PZ30_Chen_1.pdb	GG	19.79518953986125
PZ30_Chen_1.pdb	AG	18.600978047914566
PZ30_Chen_1.pdb	GG	17.84079908469884
PZ30_Chen_1.pdb	GG	18.507906878770374
PZ30_Chen_1.pdb	CG	17.774337786736456
PZ30_Chen_1.pdb	CG	17.289704445803846
PZ30_Chen_1.pdb	CG	14.4015757371189
PZ30_Chen_1.pdb	CG	11.702031442980488
PZ30_Chen_1.pdb	AG	13.33881900662087
PZ30_Chen_1.pdb	CG	14.983143880849228
PZ30_Chen_1.pdb	GU	17.18018436495366
PZ30_Chen_1.pdb	GG	19.25903000813292
PZ30_Chen_1.pdb	GG	18.387258849620967
PZ30_Chen_1.pdb	CG	16.6987832721754
PZ30_Chen_1.pdb	AG	18.080318739727858
PZ30_Chen_1.pdb	CG	14.149042115898455
PZ30_Chen_1.pdb	CG	12.434993683455392
PZ30_Chen_1.pdb	CG	12.459791477882964
PZ30_Chen_1.pdb	AG	15.240517580551737
PZ30_Chen_1.pdb	CG	18.810954664803564
PZ30_Chen_1.pdb	GG	18.71990850302009
PZ30_Chen_1.pdb	GG	16.633504600576533
PZ30_Chen_1.pdb	CG	14.705085826355088
PZ30_Chen_1.pdb	AG	15.298712750099606
PZ30_Chen_1.pdb	CG	12.096651566761478
PZ30_Chen_1.pdb	CG	12.91882728076299
PZ30_Chen_1.pdb	CG	15.601867350678145
PZ30_Chen_1.pdb	AG	19.574563967946958
PZ30_Chen_1.pdb	AC	19.563489500949423
PZ30_Chen_1.pdb	CG	16.730607708225488
PZ30_Chen_1.pdb	CG	13.804609598139155
PZ30_Chen_1.pdb	CC	12.552078925944441
PZ30_Chen_1.pdb	AC	13.408169258850505
PZ30_Chen_1.pdb	CC	12.559019979669793
PZ30_Chen_1.pdb	CC	15.650343511165477
PZ30_Chen_1.pdb	CC	19.52922048951181
PZ30_Chen_1.pdb	GU	19.113526003431605
PZ30_Chen_1.pdb	AU	16.77597899278298
PZ30_Chen_1.pdb	GU	14.102633751300846
PZ30_Chen_1.pdb	GU	11.676664323411869
PZ30_Chen_1.pdb	CU	12.538143152101958
PZ30_Chen_1.pdb	AU	14.99368957952139
PZ30_Chen_1.pdb	CU	16.267688744389634
PZ30_Chen_1.pdb	CU	19.868009096786057
PZ30_Chen_1.pdb	CU	18.218868775671243
PZ30_Chen_1.pdb	GU	19.253735917360643
PZ30_Chen_1.pdb	GU	16.99657663003476
PZ30_Chen_1.pdb	AU	14.670858285531724
PZ30_Chen_1.pdb	GU	12.78848337561431
PZ30_Chen_1.pdb	GU	11.9051881453093
PZ30_Chen_1.pdb	CU	15.011231848712919
PZ30_Chen_1.pdb	AU	18.767446339982744
PZ30_Chen_1.pdb	CG	15.744868901666287
PZ30_Chen_1.pdb	CG	14.272860217718618
PZ30_Chen_1.pdb	AC	13.38546800621556
PZ30_Chen_1.pdb	CG	13.939271448274198
PZ30_Chen_1.pdb	CG	15.474012257343496
PZ30_Chen_1.pdb	CC	19.622353277686184
PZ30_Chen_1.pdb	GU	12.06762699426184
PZ30_Chen_1.pdb	AU	13.457410125027577
PZ30_Chen_1.pdb	GU	16.47843654213477
PZ30_Chen_1.pdb	GU	19.739531772660545
PZ30_Chen_1.pdb	AC	15.444363567899014
PZ30_Chen_1.pdb	CG	17.568497194944786
PZ30_Chen_1.pdb	CG	19.660299752360153
PZ30_Chen_1.pdb	CC	16.110488435774613
PZ30_Chen_1.pdb	CG	19.018473648613583
PZ30_Chen_1.pdb	AC	19.644005632291545
PZ30_Chen_1.pdb	AG	14.575009063364577
PZ30_Chen_1.pdb	GG	16.514044197219107
PZ30_Chen_1.pdb	CG	14.249785427218576
PZ30_Chen_1.pdb	CG	17.252422532925628
PZ30_Chen_1.pdb	CU	14.674378808176082
PZ30_Chen_1.pdb	CC	17.965479911467675
PZ30_Chen_1.pdb	AC	14.978338315583377
PZ30_Chen_1.pdb	CG	18.321870422430568
PZ30_Chen_1.pdb	GU	19.599627302940412
PZ30_Chen_1.pdb	GG	14.560308024556857
PZ30_Chen_1.pdb	GU	10.29258334038406
PZ30_Chen_1.pdb	CG	12.102051014637594
PZ30_Chen_1.pdb	AG	8.959061364248921
PZ30_Chen_1.pdb	GG	13.404676883207992
PZ30_Chen_1.pdb	CG	17.10139352891486
PZ30_Chen_1.pdb	AC	19.175047246349816
PZ30_Chen_1.pdb	AU	15.900559843208955
PZ30_Chen_1.pdb	AG	11.083137753340681
PZ30_Chen_1.pdb	AU	7.361421135175394
PZ30_Chen_1.pdb	AC	11.696591960703502
PZ30_Chen_1.pdb	AA	11.97948828943237
PZ30_Chen_1.pdb	AG	18.036672012403407
PZ30_Chen_1.pdb	AC	18.926350225179608
PZ30_Chen_1.pdb	AU	18.71144027150201
PZ30_Chen_1.pdb	AC	16.744810519785183
PZ30_Chen_1.pdb	AU	14.874956183055321
PZ30_Chen_1.pdb	AG	11.914830871236868
PZ30_Chen_1.pdb	AU	11.12979070436102
PZ30_Chen_1.pdb	AC	17.003575566719373
PZ30_Chen_1.pdb	AA	17.8605235869533
PZ30_Chen_1.pdb	GG	19.72998316159435
PZ30_Chen_1.pdb	CG	17.137369267965067
PZ30_Chen_1.pdb	GU	16.248845230241308
PZ30_Chen_1.pdb	CG	14.479792765502383
PZ30_Chen_1.pdb	GU	14.17264013484097
PZ30_Chen_1.pdb	GG	13.538979325753374
PZ30_Chen_1.pdb	GU	15.121352797512486
PZ30_Chen_1.pdb	AG	18.893248732531077
PZ30_Chen_1.pdb	AC	15.256640692442739
PZ30_Chen_1.pdb	AU	13.568221400691131
PZ30_Chen_1.pdb	AC	12.670217367851704
PZ30_Chen_1.pdb	AU	14.773123519299787
PZ30_Chen_1.pdb	AG	16.664886490997745
PZ30_Chen_1.pdb	GG	19.100989836024674
PZ30_Chen_1.pdb	GG	16.998507275513774
PZ30_Chen_1.pdb	CG	13.689043822027939
PZ30_Chen_1.pdb	GU	12.882755818044952
PZ30_Chen_1.pdb	CG	13.990685408708094
PZ30_Chen_1.pdb	GU	17.75173958522619
PZ30_Chen_1.pdb	GU	15.716275056635935
PZ30_Chen_1.pdb	CU	14.280846313883846
PZ30_Chen_1.pdb	UU	15.545275021738911
PZ30_Chen_1.pdb	CU	18.326050441647688
PZ30_Chen_1.pdb	CU	16.595842549115105
PZ30_Chen_1.pdb	UU	19.658759327014796
PZ30_Chen_1.pdb	GU	19.348239212201584
PZ30_Chen_1.pdb	CG	17.38783793942763
PZ30_Chen_1.pdb	UU	19.221466065706824
PZ30_Chen_1.pdb	GG	18.33158010979652
PZ30_Ding_1.pdb	CG	15.137475537255169
PZ30_Ding_1.pdb	CG	19.98672764878556
PZ30_Ding_1.pdb	GG	19.87778908667061
PZ30_Ding_1.pdb	GG	17.730293748835635
PZ30_Ding_1.pdb	AC	19.556902623446707
PZ30_Ding_1.pdb	AC	15.94880282433626
PZ30_Ding_1.pdb	AG	15.138965738910901
PZ30_Ding_1.pdb	AC	16.478565142277258
PZ30_Ding_1.pdb	AG	18.126536887930268
PZ30_Ding_1.pdb	AG	18.925303177244093
PZ30_Ding_1.pdb	AG	18.574877577335393
PZ30_Ding_1.pdb	AC	19.826223731102317
PZ30_Ding_1.pdb	AC	15.647258062232815
PZ30_Ding_1.pdb	AC	12.415342457152642
PZ30_Ding_1.pdb	AG	12.991226895620114
PZ30_Ding_1.pdb	AC	15.15948367263299
PZ30_Ding_1.pdb	AG	17.38924021477247
PZ30_Ding_1.pdb	AG	18.3226980302913
PZ30_Ding_1.pdb	AG	18.060893611704735
PZ30_Ding_1.pdb	CG	18.98821146801286
PZ30_Ding_1.pdb	CG	18.682828309903257
PZ30_Ding_1.pdb	CG	18.591420927785386
PZ30_Ding_1.pdb	CC	15.299285109657207
PZ30_Ding_1.pdb	CC	13.98554044118929
PZ30_Ding_1.pdb	CG	15.268401119765524
PZ30_Ding_1.pdb	CC	16.793031514793753
PZ30_Ding_1.pdb	CG	18.13782871306445
PZ30_Ding_1.pdb	CG	17.920711530994947
PZ30_Ding_1.pdb	CG	16.61629379260491
PZ30_Ding_1.pdb	CG	17.85551951699414
PZ30_Ding_1.pdb	CG	14.379701786180924
PZ30_Ding_1.pdb	CC	16.477354694140885
PZ30_Ding_1.pdb	AC	19.202303580503628
PZ30_Ding_1.pdb	CG	18.597863535126738
PZ30_Ding_1.pdb	CC	16.846231408017946
PZ30_Ding_1.pdb	CC	16.28666448652405
PZ30_Ding_1.pdb	CG	17.079238169549004
PZ30_Ding_1.pdb	CC	17.288751208169494
PZ30_Ding_1.pdb	CG	17.352216564220257
PZ30_Ding_1.pdb	CG	15.96302063559053
PZ30_Ding_1.pdb	CG	13.954912796319183
PZ30_Ding_1.pdb	CG	18.295796764438435
PZ30_Ding_1.pdb	CG	13.210836404028901
PZ30_Ding_1.pdb	CG	9.781590298051828
PZ30_Ding_1.pdb	CC	12.834118807735178
PZ30_Ding_1.pdb	CU	17.80658287803448
PZ30_Ding_1.pdb	AC	17.737000744866595
PZ30_Ding_1.pdb	CG	18.18917920114895
PZ30_Ding_1.pdb	CC	17.96302792094564
PZ30_Ding_1.pdb	CC	17.734345730327302
PZ30_Ding_1.pdb	CG	17.863223322050874
PZ30_Ding_1.pdb	CC	16.82977041754889
PZ30_Ding_1.pdb	CG	15.872879704902878
PZ30_Ding_1.pdb	CG	13.95359789398658
PZ30_Ding_1.pdb	CG	12.487872090401304
PZ30_Ding_1.pdb	CU	19.395964506560663
PZ30_Ding_1.pdb	CU	16.714722270619134
PZ30_Ding_1.pdb	CG	13.454722405609353
PZ30_Ding_1.pdb	CG	9.442340341015907
PZ30_Ding_1.pdb	CG	7.99153089705861
PZ30_Ding_1.pdb	CC	12.722017776852772
PZ30_Ding_1.pdb	CU	18.500393851589518
PZ30_Ding_1.pdb	AC	17.565485619492357
PZ30_Ding_1.pdb	CG	18.33417050387391
PZ30_Ding_1.pdb	CC	19.195233634432583
PZ30_Ding_1.pdb	CC	18.82890238888288
PZ30_Ding_1.pdb	CG	18.15447610887951
PZ30_Ding_1.pdb	CC	16.03342051058216
PZ30_Ding_1.pdb	CG	14.387360921232855
PZ30_Ding_1.pdb	CG	12.754303656271444
PZ30_Ding_1.pdb	CG	13.00914808955314
PZ30_Ding_1.pdb	GG	19.321028964637243
PZ30_Ding_1.pdb	GG	19.201827864990662
PZ30_Ding_1.pdb	AG	17.15504625762374
PZ30_Ding_1.pdb	GG	19.805173804199647
PZ30_Ding_1.pdb	GG	19.302291866800047
PZ30_Ding_1.pdb	CG	18.04306081932684
PZ30_Ding_1.pdb	GG	16.500963912560152
PZ30_Ding_1.pdb	AG	18.521492166783023
PZ30_Ding_1.pdb	GU	18.659196836765695
PZ30_Ding_1.pdb	GU	14.56410796113084
PZ30_Ding_1.pdb	GG	9.869662806298848
PZ30_Ding_1.pdb	GG	7.054289878123492
PZ30_Ding_1.pdb	GG	9.689343956165285
PZ30_Ding_1.pdb	CG	15.457596006316697
PZ30_Ding_1.pdb	AG	15.991368107576617
PZ30_Ding_1.pdb	GG	15.840940527766698
PZ30_Ding_1.pdb	CG	17.23623295418668
PZ30_Ding_1.pdb	CG	16.6874665804361
PZ30_Ding_1.pdb	GG	15.67114679939875
PZ30_Ding_1.pdb	CG	13.55750172847944
PZ30_Ding_1.pdb	GG	12.994799875300684
PZ30_Ding_1.pdb	GG	13.665063142423024
PZ30_Ding_1.pdb	GG	16.371223068173123
PZ30_Ding_1.pdb	CG	13.908424995899844
PZ30_Ding_1.pdb	AC	11.783692223243351
PZ30_Ding_1.pdb	CG	14.90104476757837
PZ30_Ding_1.pdb	CG	18.03370189568966
PZ30_Ding_1.pdb	CC	18.102421915505168
PZ30_Ding_1.pdb	CG	14.602301485844622
PZ30_Ding_1.pdb	CC	14.650115134652415
PZ30_Ding_1.pdb	CG	14.446498881486162
PZ30_Ding_1.pdb	AC	17.995739292151264
PZ30_Ding_1.pdb	CU	16.05729327691194
PZ30_Ding_1.pdb	CG	10.724772343010006
PZ30_Ding_1.pdb	CG	9.920875710449975
PZ30_Ding_1.pdb	CG	14.33696286332705
PZ30_Ding_1.pdb	AC	16.929513032736914
PZ30_Ding_1.pdb	CG	15.410870927181591
PZ30_Ding_1.pdb	CC	16.789898161909008
PZ30_Ding_1.pdb	CC	15.713547974177445
PZ30_Ding_1.pdb	CG	14.227227275667932
PZ30_Ding_1.pdb	CC	12.369278941073082
PZ30_Ding_1.pdb	CG	13.172664265460932
PZ30_Ding_1.pdb	CG	15.88828397953933
PZ30_Ding_1.pdb	AC	12.181285370536797
PZ30_Ding_1.pdb	CG	17.09560514348805
PZ30_Ding_1.pdb	CC	17.134026243098873
PZ30_Ding_1.pdb	CG	14.45183315137146
PZ30_Ding_1.pdb	CC	16.07363907720022
PZ30_Ding_1.pdb	CG	17.948110911731767
PZ30_Ding_1.pdb	CU	16.413393491613615
PZ30_Ding_1.pdb	CG	11.575897419157783
PZ30_Ding_1.pdb	CG	13.73969781139916
PZ30_Ding_1.pdb	CG	18.73253656125039
PZ30_Ding_1.pdb	CG	19.378723233860967
PZ30_Ding_1.pdb	CC	16.602918268907636
PZ30_Ding_1.pdb	CG	16.275471139732087
PZ30_Ding_1.pdb	CG	18.712904035698106
PZ30_Ding_1.pdb	GU	18.434658816151355
PZ30_Ding_1.pdb	CU	19.817166139176617
PZ30_Ding_1.pdb	GU	19.02844872063652
PZ30_Ding_1.pdb	GU	17.6414330098887
PZ30_Ding_1.pdb	GU	19.713832313788597
PZ30_Ding_1.pdb	CU	17.401472319486565
PZ30_Ding_1.pdb	GU	16.01669796694622
PZ30_Ding_1.pdb	GU	18.53531642190531
PZ30_Ding_1.pdb	CG	18.08490180367998
PZ30_Ding_1.pdb	GG	19.037454906900138
PZ30_Ding_1.pdb	CG	19.015140627974322
PZ30_Ding_1.pdb	GG	18.546409334511374
PZ30_Ding_1.pdb	CG	16.043206715715765
PZ30_Ding_1.pdb	CG	15.179858937988122
PZ30_Ding_1.pdb	GG	17.05154942141362
PZ30_Ding_1.pdb	GG	18.574802720968663
PZ30_Ding_1.pdb	CG	16.11359303799166
PZ30_Ding_1.pdb	GG	17.283805977141505
PZ30_Ding_1.pdb	AA	18.26591755263926
PZ30_Ding_1.pdb	AC	14.040704551512766
PZ30_Ding_1.pdb	AC	13.75811845065827
PZ30_Ding_1.pdb	AG	15.074804775214115
PZ30_Ding_1.pdb	AC	18.17478141598833
PZ30_Ding_1.pdb	AG	19.490076552646205
PZ30_Ding_1.pdb	AC	19.928757298375146
PZ30_Ding_1.pdb	AC	16.589685941313977
PZ30_Ding_1.pdb	AG	13.602230332457525
PZ30_Ding_1.pdb	AC	12.53483492154145
PZ30_Ding_1.pdb	AG	15.465814031786774
PZ30_Ding_1.pdb	GG	19.40510302712334
PZ30_Ding_1.pdb	CG	18.205704371163737
PZ30_Ding_1.pdb	AG	14.749032458577153
PZ30_Ding_1.pdb	CG	12.285281324413235
PZ30_Ding_1.pdb	CG	13.69613311315854
PZ30_Ding_1.pdb	GG	15.460078947220657
PZ30_Ding_1.pdb	CG	17.90565359515907
PZ30_Ding_1.pdb	GG	18.26906400576992
PZ30_Ding_1.pdb	GG	18.13600682285499
PZ30_Ding_1.pdb	CG	16.718012485728714
PZ30_Ding_1.pdb	CG	13.56905160221162
PZ30_Ding_1.pdb	GG	11.938516384879396
PZ30_Ding_1.pdb	CG	13.56005759146645
PZ30_Ding_1.pdb	GG	18.207723203707253
PZ30_Ding_1.pdb	CG	19.279677706508753
PZ30_Ding_1.pdb	CG	17.980538443926353
PZ30_Ding_1.pdb	CG	15.30701198624187
PZ30_Ding_1.pdb	AG	13.67641860443549
PZ30_Ding_1.pdb	CG	13.190893263928729
PZ30_Ding_1.pdb	CG	15.290125069571546
PZ30_Ding_1.pdb	GG	16.589734191234676
PZ30_Ding_1.pdb	CG	17.90697825313312
PZ30_Ding_1.pdb	GG	17.164468932695243
PZ30_Ding_1.pdb	GG	15.91341474068435
PZ30_Ding_1.pdb	CG	13.981710618628936
PZ30_Ding_1.pdb	CG	12.037252555182384
PZ30_Ding_1.pdb	GG	12.658984935432628
PZ30_Ding_1.pdb	CG	16.342584861584033
PZ30_Ding_1.pdb	CG	19.057774361890296
PZ30_Ding_1.pdb	CC	15.12142334095421
PZ30_Ding_1.pdb	CC	14.250203796209943
PZ30_Ding_1.pdb	AC	14.981111178314253
PZ30_Ding_1.pdb	CC	15.767091279754686
PZ30_Ding_1.pdb	CC	17.634841831014153
PZ30_Ding_1.pdb	CG	17.98081950237383
PZ30_Ding_1.pdb	CC	17.950211769678283
PZ30_Ding_1.pdb	CG	16.109589154733772
PZ30_Ding_1.pdb	CC	19.690912695049985
PZ30_Ding_1.pdb	AC	19.873079508355126
PZ30_Ding_1.pdb	CG	14.044809465586114
PZ30_Ding_1.pdb	CC	12.261746816464015
PZ30_Ding_1.pdb	CC	12.695341561660149
PZ30_Ding_1.pdb	CG	15.470501646963132
PZ30_Ding_1.pdb	CU	19.84917084140657
PZ30_Ding_1.pdb	CG	15.17606836750653
PZ30_Ding_1.pdb	CC	12.4722422739848
PZ30_Ding_1.pdb	CC	13.789081885966514
PZ30_Ding_1.pdb	AC	16.411542703993995
PZ30_Ding_1.pdb	CC	17.564908590184846
PZ30_Ding_1.pdb	CC	18.736260338732418
PZ30_Ding_1.pdb	CG	18.159182009359604
PZ30_Ding_1.pdb	CC	17.003081147633313
PZ30_Ding_1.pdb	CG	14.73282672019418
PZ30_Ding_1.pdb	AC	18.930187023732117
PZ30_Ding_1.pdb	CC	16.767835614158034
PZ30_Ding_1.pdb	AC	18.384518623757092
PZ30_Ding_1.pdb	CG	13.492586050717762
PZ30_Ding_1.pdb	CC	13.296188365436613
PZ30_Ding_1.pdb	CC	16.15222413629654
PZ30_Ding_1.pdb	CG	19.906804813717905
PZ30_Ding_1.pdb	GU	19.997157706224428
PZ30_Ding_1.pdb	CG	19.84248296085135
PZ30_Ding_1.pdb	GU	13.82461113918049
PZ30_Ding_1.pdb	GG	9.938892498059937
PZ30_Ding_1.pdb	CG	9.677385871469987
PZ30_Ding_1.pdb	CG	12.512056089365386
PZ30_Ding_1.pdb	AG	15.965806038141855
PZ30_Ding_1.pdb	CG	16.702589090474373
PZ30_Ding_1.pdb	CG	16.8786131447043
PZ30_Ding_1.pdb	GG	15.809124011575664
PZ30_Ding_1.pdb	CG	14.300573087607113
PZ30_Ding_1.pdb	GG	13.239275431484097
PZ30_Ding_1.pdb	AG	16.612026011657562
PZ30_Ding_1.pdb	GU	19.285004958076925
PZ30_Ding_1.pdb	CG	16.588647452516454
PZ30_Ding_1.pdb	AG	18.51647880724981
PZ30_Ding_1.pdb	GG	15.366960515086534
PZ30_Ding_1.pdb	CG	17.335274935685618
PZ30_Ding_1.pdb	CC	15.639562612337382
PZ30_Ding_1.pdb	CU	9.711348833071945
PZ30_Ding_1.pdb	CG	8.294665002721878
PZ30_Ding_1.pdb	CC	11.100848824755083
PZ30_Ding_1.pdb	CC	14.060082991769802
PZ30_Ding_1.pdb	AC	17.157883850560566
PZ30_Ding_1.pdb	CC	16.907661425647998
PZ30_Ding_1.pdb	CC	15.765050386080558
PZ30_Ding_1.pdb	CG	14.06543590671753
PZ30_Ding_1.pdb	CC	12.413099007768063
PZ30_Ding_1.pdb	CG	13.044371438320109
PZ30_Ding_1.pdb	AC	15.343847531932619
PZ30_Ding_1.pdb	AC	17.797820398266776
PZ30_Ding_1.pdb	CC	17.98116478377835
PZ30_Ding_1.pdb	AC	19.49935250934906
PZ30_Ding_1.pdb	CG	17.968144548137456
PZ30_Ding_1.pdb	GG	18.91987476656695
PZ30_Ding_1.pdb	AG	16.81368275040599
PZ30_Ding_1.pdb	CG	12.319811752724343
PZ30_Ding_1.pdb	GU	8.181042214628247
PZ30_Ding_1.pdb	GG	9.63087219094503
PZ30_Ding_1.pdb	CG	13.286128369335524
PZ30_Ding_1.pdb	CG	15.183934527551452
PZ30_Ding_1.pdb	AG	17.280098949749515
PZ30_Ding_1.pdb	CG	16.131216491890008
PZ30_Ding_1.pdb	CG	14.086936174785244
PZ30_Ding_1.pdb	GG	12.801208585852402
PZ30_Ding_1.pdb	CG	12.302009485435077
PZ30_Ding_1.pdb	GG	15.115211469130998
PZ30_Ding_1.pdb	AG	17.078843967781985
PZ30_Ding_1.pdb	AG	18.485761722729467
PZ30_Ding_1.pdb	GG	18.492080670471676
PZ30_Ding_1.pdb	CG	19.99308660134959
PZ30_Ding_1.pdb	CG	17.389094072376274
PZ30_Ding_1.pdb	AG	13.51603523244056
PZ30_Ding_1.pdb	CG	10.605949818374807
PZ30_Ding_1.pdb	GU	9.76487881897237
PZ30_Ding_1.pdb	GG	12.091815960544311
PZ30_Ding_1.pdb	CG	14.998395138877843
PZ30_Ding_1.pdb	CG	15.408937168718102
PZ30_Ding_1.pdb	AG	16.290985390932136
PZ30_Ding_1.pdb	CG	14.729857819319042
PZ30_Ding_1.pdb	CG	12.685012451324214
PZ30_Ding_1.pdb	GG	13.236006772872345
PZ30_Ding_1.pdb	CG	14.687704548535338
PZ30_Ding_1.pdb	GG	18.866940414324226
PZ30_Ding_1.pdb	CU	17.561351562424814
PZ30_Ding_1.pdb	CU	18.61013851228607
PZ30_Ding_1.pdb	CU	18.892513000802346
PZ30_Ding_1.pdb	CU	15.397311662649994
PZ30_Ding_1.pdb	CU	13.104899499128816
PZ30_Ding_1.pdb	AU	10.531834659991425
PZ30_Ding_1.pdb	CU	9.73686716261273
PZ30_Ding_1.pdb	UU	12.135166879846942
PZ30_Ding_1.pdb	GU	14.455193569885033
PZ30_Ding_1.pdb	CU	16.484065529193227
PZ30_Ding_1.pdb	CU	15.840143545252918
PZ30_Ding_1.pdb	AU	16.06128441034694
PZ30_Ding_1.pdb	CU	15.275779126296998
PZ30_Ding_1.pdb	CU	14.49677698875177
PZ30_Ding_1.pdb	GU	17.137097824975942
PZ30_Ding_1.pdb	CU	19.75907160572113
PZ30_Ding_1.pdb	CC	18.738876910254497
PZ30_Ding_1.pdb	AC	17.739979566529126
PZ30_Ding_1.pdb	CC	14.425139902750127
PZ30_Ding_1.pdb	CC	12.64269766173875
PZ30_Ding_1.pdb	CC	13.000538406150074
PZ30_Ding_1.pdb	AC	12.599504944670207
PZ30_Ding_1.pdb	CC	13.372376763956014
PZ30_Ding_1.pdb	CU	16.88483811150425
PZ30_Ding_1.pdb	CG	18.13169695670124
PZ30_Ding_1.pdb	CC	18.525614740665507
PZ30_Ding_1.pdb	CC	16.449011686569918
PZ30_Ding_1.pdb	AC	15.584302061612656
PZ30_Ding_1.pdb	CC	15.762235768207104
PZ30_Ding_1.pdb	CC	16.620689426079675
PZ30_Ding_1.pdb	CG	18.26797164275366
PZ30_Ding_1.pdb	CG	18.445744850092726
PZ30_Ding_1.pdb	AG	15.616863947273192
PZ30_Ding_1.pdb	CG	14.048970323204864
PZ30_Ding_1.pdb	CG	13.962048518941623
PZ30_Ding_1.pdb	CG	15.114251294738198
PZ30_Ding_1.pdb	AG	14.166197416775631
PZ30_Ding_1.pdb	CG	13.726036831856865
PZ30_Ding_1.pdb	GU	16.73093973304598
PZ30_Ding_1.pdb	GG	16.543206670671864
PZ30_Ding_1.pdb	CG	15.697692526349924
PZ30_Ding_1.pdb	CG	13.567607184347935
PZ30_Ding_1.pdb	AG	13.835908070091202
PZ30_Ding_1.pdb	CG	16.44592123022052
PZ30_Ding_1.pdb	CG	19.068014661580783
PZ30_Ding_1.pdb	GG	19.473619298308584
PZ30_Ding_1.pdb	GG	18.680880026244747
PZ30_Ding_1.pdb	CG	17.21720950219239
PZ30_Ding_1.pdb	AG	16.409715446129987
PZ30_Ding_1.pdb	CG	16.45113492730377
PZ30_Ding_1.pdb	CG	17.20525341508141
PZ30_Ding_1.pdb	CG	18.33994043481395
PZ30_Ding_1.pdb	AG	16.7840482059498
PZ30_Ding_1.pdb	CG	15.22836009127844
PZ30_Ding_1.pdb	GU	17.29051064008013
PZ30_Ding_1.pdb	GG	15.824820545048297
PZ30_Ding_1.pdb	CG	13.977045973048154
PZ30_Ding_1.pdb	CG	12.450143364491538
PZ30_Ding_1.pdb	AG	14.291649450459786
PZ30_Ding_1.pdb	CG	18.631231340961556
PZ30_Ding_1.pdb	CG	18.145015123023963
PZ30_Ding_1.pdb	CG	17.294845004431888
PZ30_Ding_1.pdb	CC	17.59349764068635
PZ30_Ding_1.pdb	AC	18.5239516124776
PZ30_Ding_1.pdb	CC	19.05396236650732
PZ30_Ding_1.pdb	CC	19.23129184931336
PZ30_Ding_1.pdb	CC	19.357810767765734
PZ30_Ding_1.pdb	AC	16.877019191180437
PZ30_Ding_1.pdb	CC	14.32744160735832
PZ30_Ding_1.pdb	CU	15.704192088858795
PZ30_Ding_1.pdb	CG	13.981757330628541
PZ30_Ding_1.pdb	CC	12.917426299439576
PZ30_Ding_1.pdb	CC	13.69140518320436
PZ30_Ding_1.pdb	AC	17.485956476323814
PZ30_Ding_1.pdb	AC	18.67000518192495
PZ30_Ding_1.pdb	CG	16.967301944541962
PZ30_Ding_1.pdb	CG	17.40207370893456
PZ30_Ding_1.pdb	CC	18.552066101683742
PZ30_Ding_1.pdb	CC	19.242661390718077
PZ30_Ding_1.pdb	CC	18.06215820776198
PZ30_Ding_1.pdb	AC	14.895495178302893
PZ30_Ding_1.pdb	CC	12.092351837347888
PZ30_Ding_1.pdb	CU	13.701099504701471
PZ30_Ding_1.pdb	CG	13.35031499549199
PZ30_Ding_1.pdb	CC	14.687135483715434
PZ30_Ding_1.pdb	CC	17.356589215156202
PZ30_Ding_1.pdb	CG	19.29736795290618
PZ30_Ding_1.pdb	CG	16.721864354152583
PZ30_Ding_1.pdb	AC	16.178424580740785
PZ30_Ding_1.pdb	CG	15.80898691353409
PZ30_Ding_1.pdb	CG	16.95004648797372
PZ30_Ding_1.pdb	CC	18.454234835506362
PZ30_Ding_1.pdb	CC	18.61390612162903
PZ30_Ding_1.pdb	CC	16.74815470183253
PZ30_Ding_1.pdb	AC	13.974347690082155
PZ30_Ding_1.pdb	CC	12.545676745838332
PZ30_Ding_1.pdb	CU	15.414224178306853
PZ30_Ding_1.pdb	CG	16.866443065303034
PZ30_Ding_1.pdb	CC	19.681698844053816
PZ30_Ding_1.pdb	CG	17.58271460891842
PZ30_Ding_1.pdb	GG	17.206606110762745
PZ30_Ding_1.pdb	GG	16.01100546961431
PZ30_Ding_1.pdb	AG	16.3466238020411
PZ30_Ding_1.pdb	GG	16.039504758851685
PZ30_Ding_1.pdb	GG	16.519519486438128
PZ30_Ding_1.pdb	CG	17.21157727213164
PZ30_Ding_1.pdb	AG	18.598395946015692
PZ30_Ding_1.pdb	CG	18.129595119958733
PZ30_Ding_1.pdb	CG	15.923976451971896
PZ30_Ding_1.pdb	CG	13.972655138651191
PZ30_Ding_1.pdb	AG	12.786420169343156
PZ30_Ding_1.pdb	CG	13.990549350250411
PZ30_Ding_1.pdb	GU	18.6230963489164
PZ30_Ding_1.pdb	GU	17.964937599135972
PZ30_Ding_1.pdb	GG	18.253457340490833
PZ30_Ding_1.pdb	GG	18.107052929620608
PZ30_Ding_1.pdb	AG	18.7270115934699
PZ30_Ding_1.pdb	GG	18.030602038442456
PZ30_Ding_1.pdb	GG	17.539090382209274
PZ30_Ding_1.pdb	CG	17.090512154248184
PZ30_Ding_1.pdb	AG	17.599257626413163
PZ30_Ding_1.pdb	CG	16.617812676680693
PZ30_Ding_1.pdb	CG	14.099150226870488
PZ30_Ding_1.pdb	CG	12.502634978069198
PZ30_Ding_1.pdb	AG	13.345635999614192
PZ30_Ding_1.pdb	CG	16.621098365824025
PZ30_Ding_1.pdb	GU	19.60140338837338
PZ30_Ding_1.pdb	GG	19.563852289262222
PZ30_Ding_1.pdb	GG	17.759903593111105
PZ30_Ding_1.pdb	CG	15.921519393687191
PZ30_Ding_1.pdb	AG	15.402300715545076
PZ30_Ding_1.pdb	CG	14.223676767528502
PZ30_Ding_1.pdb	CG	12.323542823086141
PZ30_Ding_1.pdb	CG	12.408552361590713
PZ30_Ding_1.pdb	AG	15.437097113864962
PZ30_Ding_1.pdb	GG	19.417942193656046
PZ30_Ding_1.pdb	GG	16.690610586705485
PZ30_Ding_1.pdb	CG	14.111477773503578
PZ30_Ding_1.pdb	AG	13.559032087795321
PZ30_Ding_1.pdb	CG	13.350007767732828
PZ30_Ding_1.pdb	CG	13.439613118525697
PZ30_Ding_1.pdb	CG	15.571806065205912
PZ30_Ding_1.pdb	AG	19.49885553932739
PZ30_Ding_1.pdb	AC	18.84497338778553
PZ30_Ding_1.pdb	CG	16.068078223844555
PZ30_Ding_1.pdb	CG	13.528451034386947
PZ30_Ding_1.pdb	CC	12.140444702226763
PZ30_Ding_1.pdb	AC	13.97979764479931
PZ30_Ding_1.pdb	CC	15.904698933940507
PZ30_Ding_1.pdb	CC	17.783760156850043
PZ30_Ding_1.pdb	CU	19.500383016097686
PZ30_Ding_1.pdb	GU	18.340673530652506
PZ30_Ding_1.pdb	AU	16.324876986908215
PZ30_Ding_1.pdb	GU	13.96638463124024
PZ30_Ding_1.pdb	GU	12.47067408122375
PZ30_Ding_1.pdb	CU	13.144984406029371
PZ30_Ding_1.pdb	AU	17.012021097752168
PZ30_Ding_1.pdb	CU	16.501978944431148
PZ30_Ding_1.pdb	GU	18.600943001644676
PZ30_Ding_1.pdb	GU	15.825027890043993
PZ30_Ding_1.pdb	AU	14.063440361784938
PZ30_Ding_1.pdb	GU	13.361174456748648
PZ30_Ding_1.pdb	GU	13.917831390520764
PZ30_Ding_1.pdb	CU	16.588907834465243
PZ30_Ding_1.pdb	CG	16.22948619690034
PZ30_Ding_1.pdb	CG	13.674423808568857
PZ30_Ding_1.pdb	AC	12.94206578773395
PZ30_Ding_1.pdb	CG	14.66194155583428
PZ30_Ding_1.pdb	CG	17.179663397021127
PZ30_Ding_1.pdb	GU	13.005496878236784
PZ30_Ding_1.pdb	AU	14.648949555087945
PZ30_Ding_1.pdb	GU	18.502051253377196
PZ30_Ding_1.pdb	AC	16.086203605507347
PZ30_Ding_1.pdb	CG	19.79670876823405
PZ30_Ding_1.pdb	CG	19.587220800512508
PZ30_Ding_1.pdb	CC	19.177218879987564
PZ30_Ding_1.pdb	AA	18.826126848055278
PZ30_Ding_1.pdb	CC	19.488182536591008
PZ30_Ding_1.pdb	CC	17.81350262969872
PZ30_Ding_1.pdb	AU	19.207204794121523
PZ30_Ding_1.pdb	CG	18.10838715960853
PZ30_Ding_1.pdb	CG	19.0417986341223
PZ30_Ding_1.pdb	GG	19.92657815023349
PZ30_Ding_1.pdb	CG	19.84687681048725
PZ30_Ding_1.pdb	CC	17.743348278816715
PZ30_Ding_1.pdb	CG	19.9318523155862
PZ30_Ding_1.pdb	CG	18.430473012974435
PZ30_Ding_1.pdb	AC	19.97540182768594
PZ30_Ding_1.pdb	CG	19.18584477179294
PZ30_Ding_1.pdb	AG	17.887333617061724
PZ30_Ding_1.pdb	GU	19.372121270939818
PZ30_Ding_1.pdb	GG	16.19629844379757
PZ30_Ding_1.pdb	GG	17.96639083090419
PZ30_Ding_1.pdb	AG	18.701041733460745
PZ30_Ding_1.pdb	GG	17.247819089152145
PZ30_Ding_1.pdb	CG	18.199636225374203
PZ30_Ding_1.pdb	CU	16.576337876889912
PZ30_Ding_1.pdb	CG	14.047967839754248
PZ30_Ding_1.pdb	CG	15.029884637170847
PZ30_Ding_1.pdb	CG	19.8776395633307
PZ30_Ding_1.pdb	CC	16.61746524484995
PZ30_Ding_1.pdb	AC	14.02733710721762
PZ30_Ding_1.pdb	CG	13.72124023598668
PZ30_Ding_1.pdb	CC	18.081355456017366
PZ30_Ding_1.pdb	GU	19.70471568597371
PZ30_Ding_1.pdb	GU	16.72605020759801
PZ30_Ding_1.pdb	GG	14.173854287382131
PZ30_Ding_1.pdb	GG	12.913472730655947
PZ30_Ding_1.pdb	GG	16.623317193732568
PZ30_Ding_1.pdb	CG	19.782445509255666
PZ30_Ding_1.pdb	GG	17.294765606424065
PZ30_Ding_1.pdb	GU	16.220772205172096
PZ30_Ding_1.pdb	CG	11.178535960637477
PZ30_Ding_1.pdb	AG	8.616970167619556
PZ30_Ding_1.pdb	GG	8.385817969975879
PZ30_Ding_1.pdb	CG	13.384886876536687
PZ30_Ding_1.pdb	CG	17.473370988230357
PZ30_Ding_1.pdb	AG	16.925290177604037
PZ30_Ding_1.pdb	AU	16.209330993188956
PZ30_Ding_1.pdb	AU	14.757488246744263
PZ30_Ding_1.pdb	AG	14.091780520376455
PZ30_Ding_1.pdb	AG	12.917026753353033
PZ30_Ding_1.pdb	AG	15.521794597732809
PZ30_Ding_1.pdb	AC	17.062446907545723
PZ30_Ding_1.pdb	AU	17.264983083814997
PZ30_Ding_1.pdb	AC	17.29491735624037
PZ30_Ding_1.pdb	AU	15.218368652377286
PZ30_Ding_1.pdb	AG	12.897204103244622
PZ30_Ding_1.pdb	AU	13.343362560223397
PZ30_Ding_1.pdb	AC	9.404215064750085
PZ30_Ding_1.pdb	AA	7.330885415198782
PZ30_Ding_1.pdb	AG	10.949334438995386
PZ30_Ding_1.pdb	AC	16.61442187502149
PZ30_Ding_1.pdb	AU	14.30598613893003
PZ30_Ding_1.pdb	AU	14.403769908236757
PZ30_Ding_1.pdb	AG	15.692392272925298
PZ30_Ding_1.pdb	AG	15.712848965484108
PZ30_Ding_1.pdb	AG	17.827246425686397
PZ30_Ding_1.pdb	AC	18.013807758758052
PZ30_Ding_1.pdb	AU	17.075709995613042
PZ30_Ding_1.pdb	AC	16.22112936613779
PZ30_Ding_1.pdb	AU	14.098822451603416
PZ30_Ding_1.pdb	AG	12.536234079170585
PZ30_Ding_1.pdb	AU	14.841726255477898
PZ30_Ding_1.pdb	AC	12.77010460501136
PZ30_Ding_1.pdb	AA	11.621972966263264
PZ30_Ding_1.pdb	AG	16.28150621783772
PZ30_Ding_1.pdb	GU	15.3602811153477
PZ30_Ding_1.pdb	GG	18.2111796671904
PZ30_Ding_1.pdb	GG	18.38137622352358
PZ30_Ding_1.pdb	GG	19.309118059058154
PZ30_Ding_1.pdb	CG	17.881208906718797
PZ30_Ding_1.pdb	GU	15.654686191449544
PZ30_Ding_1.pdb	CG	13.989397487758623
PZ30_Ding_1.pdb	GU	12.599422555250843
PZ30_Ding_1.pdb	GG	12.830107252683428
PZ30_Ding_1.pdb	GU	16.613745082533125
PZ30_Ding_1.pdb	CG	16.00470607908635
PZ30_Ding_1.pdb	AG	15.18483670348033
PZ30_Ding_1.pdb	AG	19.328452883130215
PZ30_Ding_1.pdb	AG	19.595578230529096
PZ30_Ding_1.pdb	AG	19.408787733722324
PZ30_Ding_1.pdb	AC	16.694933249509237
PZ30_Ding_1.pdb	AU	13.967104063694167
PZ30_Ding_1.pdb	AC	12.745573527098497
PZ30_Ding_1.pdb	AU	13.695462989640363
PZ30_Ding_1.pdb	AG	16.03670620404413
PZ30_Ding_1.pdb	AC	19.955489590588126
PZ30_Ding_1.pdb	AA	18.47266081729357
PZ30_Ding_1.pdb	GG	16.757652101620586
PZ30_Ding_1.pdb	GG	16.588707690200415
PZ30_Ding_1.pdb	CG	14.286760516162547
PZ30_Ding_1.pdb	GU	13.457884081254585
PZ30_Ding_1.pdb	CG	14.769940691324305
PZ30_Ding_1.pdb	GU	17.58853465757386
PZ30_Ding_1.pdb	AG	19.256795549135433
PZ30_Ding_1.pdb	GU	13.611997079868056
PZ30_Ding_1.pdb	CU	13.281360020368078
PZ30_Ding_1.pdb	UU	14.9700958240363
PZ30_Ding_1.pdb	CU	17.945375548641934
PZ30_Ding_1.pdb	AU	18.3864779230292
PZ30_Ding_1.pdb	CU	14.304104503742277
PZ30_Ding_1.pdb	UU	17.415884719700298
PZ30_Ding_1.pdb	AU	17.067727935196366
PZ30_Ding_1.pdb	GU	18.89522322066878
PZ30_Ding_1.pdb	AG	15.407724530923138
PZ30_Ding_1.pdb	GG	17.85919029599696
PZ30_Ding_1.pdb	CG	19.4151541274732
PZ30_Ding_1.pdb	CG	17.293124513233455
PZ30_Ding_1.pdb	AG	11.391473116857735
PZ30_Ding_1.pdb	GG	13.799165099452583
PZ30_Ding_1.pdb	CG	17.28042543267069
PZ30_Ding_1.pdb	CG	19.275434644142525
PZ30_Ding_1.pdb	CG	19.494197016525895
PZ30_Ding_1.pdb	GG	19.857385029246917
PZ30_Ding_1.pdb	GU	19.498886178478493
PZ30_Ding_1.pdb	CG	17.354559990312413
PZ30_Ding_1.pdb	AG	11.858141531394212
PZ30_Ding_1.pdb	GG	15.129585625839173
PZ30_Ding_1.pdb	CG	17.98124023275337
PZ30_Ding_1.pdb	CG	19.312136346753192
PZ30_Ding_1.pdb	CC	17.752960216706242
PZ30_Ding_1.pdb	AC	13.419930799179072
PZ30_Ding_1.pdb	CG	18.1001260869486
PZ30_Ding_1.pdb	UU	17.765525411826925
PZ30_Ding_1.pdb	CU	16.586192588293535
PZ30_Ding_1.pdb	AU	14.033685900953971
PZ30_Ding_1.pdb	GU	19.605049769719265
PZ30_Ding_1.pdb	CC	15.296786553955311
PZ30_Ding_1.pdb	AC	14.860784944658821
PZ30_Ding_1.pdb	AU	13.719635101576651
PZ30_Ding_1.pdb	GU	19.083987493278563
PZ30_Ding_1.pdb	GG	16.64785437770188
PZ30_Ding_1.pdb	CU	17.353343796040345
PZ30_Ding_1.pdb	CC	18.97242083261335
PZ30_Ding_1.pdb	CG	18.894097520967858
PZ30_Ding_1.pdb	CG	19.700083167600248
PZ30_Ding_1.pdb	GG	19.61234732256139
PZ35_Bujnicki_1.pdb	GG	19.220228590049263
PZ35_Bujnicki_1.pdb	CG	19.19977882788815
PZ35_Bujnicki_1.pdb	GU	19.020473545751546
PZ35_Bujnicki_1.pdb	CG	19.272577886875435
PZ35_Bujnicki_1.pdb	GU	16.92769268921163
PZ35_Bujnicki_1.pdb	GG	18.151470606724544
PZ35_Bujnicki_1.pdb	CG	16.63916673269805
PZ35_Bujnicki_1.pdb	GU	15.51314248819151
PZ35_Bujnicki_1.pdb	AC	19.225846858283727
PZ35_Bujnicki_1.pdb	CC	19.48878838223165
PZ35_Bujnicki_1.pdb	CU	16.246073084175098
PZ35_Bujnicki_1.pdb	CG	14.992614309457513
PZ35_Bujnicki_1.pdb	CC	14.743086886183116
PZ35_Bujnicki_1.pdb	CU	14.482308345799984
PZ35_Bujnicki_1.pdb	CG	17.46257002183131
PZ35_Bujnicki_1.pdb	CU	18.133472474394228
PZ35_Bujnicki_1.pdb	CC	15.505640607797046
PZ35_Bujnicki_1.pdb	CU	13.722594101166523
PZ35_Bujnicki_1.pdb	CG	13.82735423769294
PZ35_Bujnicki_1.pdb	CC	14.248707126656106
PZ35_Bujnicki_1.pdb	CU	14.066890342300043
PZ35_Bujnicki_1.pdb	AC	19.740651536691146
PZ35_Bujnicki_1.pdb	AA	19.41248654033652
PZ35_Bujnicki_1.pdb	AU	19.083078233825827
PZ35_Bujnicki_1.pdb	AU	15.964322013816526
PZ35_Bujnicki_1.pdb	AC	15.26413045265633
PZ35_Bujnicki_1.pdb	AU	15.43887558556023
PZ35_Bujnicki_1.pdb	AG	16.64664207814941
PZ35_Bujnicki_1.pdb	AC	17.231249863300683
PZ35_Bujnicki_1.pdb	AU	16.66707769160856
PZ35_Bujnicki_1.pdb	AC	19.35786722941665
PZ35_Bujnicki_1.pdb	CC	17.857630586058942
PZ35_Bujnicki_1.pdb	AC	15.436066424554348
PZ35_Bujnicki_1.pdb	CG	18.94771569541436
PZ35_Bujnicki_1.pdb	CU	17.130206528980157
PZ35_Bujnicki_1.pdb	CU	15.724778956652013
PZ35_Bujnicki_1.pdb	CC	16.092059935482606
PZ35_Bujnicki_1.pdb	CU	16.593856519691457
PZ35_Bujnicki_1.pdb	CG	17.321844415475802
PZ35_Bujnicki_1.pdb	CC	17.115619551822494
PZ35_Bujnicki_1.pdb	CU	15.995902842653294
PZ35_Bujnicki_1.pdb	AG	19.662568197718066
PZ35_Bujnicki_1.pdb	AG	18.017076949467917
PZ35_Bujnicki_1.pdb	AC	16.45815708284043
PZ35_Bujnicki_1.pdb	AA	15.10333882528642
PZ35_Bujnicki_1.pdb	AG	19.300848676310846
PZ35_Bujnicki_1.pdb	AU	17.888509640493382
PZ35_Bujnicki_1.pdb	AU	17.349713278648707
PZ35_Bujnicki_1.pdb	AC	17.56764385485323
PZ35_Bujnicki_1.pdb	AU	17.3219610075592
PZ35_Bujnicki_1.pdb	AG	16.852838679735413
PZ35_Bujnicki_1.pdb	AC	15.50687498667033
PZ35_Bujnicki_1.pdb	AU	13.916781933050144
PZ35_Bujnicki_1.pdb	AG	19.80788615537716
PZ35_Bujnicki_1.pdb	GU	18.137970611663302
PZ35_Bujnicki_1.pdb	CG	16.76332500305415
PZ35_Bujnicki_1.pdb	GG	15.56484953659349
PZ35_Bujnicki_1.pdb	CG	15.826720237358204
PZ35_Bujnicki_1.pdb	AG	16.615208153726776
PZ35_Bujnicki_1.pdb	GU	18.781172715850424
PZ35_Bujnicki_1.pdb	GU	18.4131905137958
PZ35_Bujnicki_1.pdb	CG	18.078189179804028
PZ35_Bujnicki_1.pdb	GU	17.0201623167692
PZ35_Bujnicki_1.pdb	GG	15.538468016028046
PZ35_Bujnicki_1.pdb	CG	13.628068118966393
PZ35_Bujnicki_1.pdb	GU	12.673276320915193
PZ35_Bujnicki_1.pdb	CG	19.040674786318878
PZ35_Bujnicki_1.pdb	CU	13.999994663469934
PZ35_Bujnicki_1.pdb	CC	14.377944343711237
PZ35_Bujnicki_1.pdb	CG	15.103268199937288
PZ35_Bujnicki_1.pdb	CC	16.745901557870425
PZ35_Bujnicki_1.pdb	AC	19.57464998168128
PZ35_Bujnicki_1.pdb	CU	19.325204922019477
PZ35_Bujnicki_1.pdb	CC	18.171809040957225
PZ35_Bujnicki_1.pdb	CU	16.292038199196167
PZ35_Bujnicki_1.pdb	CG	14.050934226989478
PZ35_Bujnicki_1.pdb	CC	12.282169816503105
PZ35_Bujnicki_1.pdb	CU	12.926517045358763
PZ35_Bujnicki_1.pdb	AG	19.889657113907866
PZ35_Bujnicki_1.pdb	AG	17.489062261632135
PZ35_Bujnicki_1.pdb	AU	12.004697186676614
PZ35_Bujnicki_1.pdb	AC	13.896055769434554
PZ35_Bujnicki_1.pdb	AG	15.592016308645578
PZ35_Bujnicki_1.pdb	AC	17.187444225663697
PZ35_Bujnicki_1.pdb	AU	19.57909367789815
PZ35_Bujnicki_1.pdb	AU	17.828827776560708
PZ35_Bujnicki_1.pdb	AC	15.787017322336785
PZ35_Bujnicki_1.pdb	AU	13.528960718009833
PZ35_Bujnicki_1.pdb	AG	11.657968195114217
PZ35_Bujnicki_1.pdb	AC	11.927101994783365
PZ35_Bujnicki_1.pdb	AU	15.07248257168864
PZ35_Bujnicki_1.pdb	CG	19.879104319305412
PZ35_Bujnicki_1.pdb	GG	18.25259887814911
PZ35_Bujnicki_1.pdb	GU	13.392591527396581
PZ35_Bujnicki_1.pdb	CG	15.575819679470433
PZ35_Bujnicki_1.pdb	GG	17.189097052643326
PZ35_Bujnicki_1.pdb	CG	18.022075612639128
PZ35_Bujnicki_1.pdb	GU	18.915280297487463
PZ35_Bujnicki_1.pdb	GU	16.19936993612195
PZ35_Bujnicki_1.pdb	CG	13.485334644053045
PZ35_Bujnicki_1.pdb	GU	11.46124886379814
PZ35_Bujnicki_1.pdb	GG	11.065566695325476
PZ35_Bujnicki_1.pdb	CG	13.799549611799856
PZ35_Bujnicki_1.pdb	GU	18.40414481523752
PZ35_Bujnicki_1.pdb	AG	19.74716499541513
PZ35_Bujnicki_1.pdb	AG	18.97807726861606
PZ35_Bujnicki_1.pdb	AU	15.534030480838371
PZ35_Bujnicki_1.pdb	AC	16.752716757006276
PZ35_Bujnicki_1.pdb	AG	17.54773211164235
PZ35_Bujnicki_1.pdb	AC	17.32333423079304
PZ35_Bujnicki_1.pdb	AA	18.500963920597705
PZ35_Bujnicki_1.pdb	AU	16.67898004833632
PZ35_Bujnicki_1.pdb	AU	13.717087985772894
PZ35_Bujnicki_1.pdb	AC	11.523106544988662
PZ35_Bujnicki_1.pdb	AU	11.547536073520506
PZ35_Bujnicki_1.pdb	AG	13.7363326540743
PZ35_Bujnicki_1.pdb	AC	18.083825555489597
PZ35_Bujnicki_1.pdb	AG	19.512588529315245
PZ35_Bujnicki_1.pdb	AU	17.704179839124716
PZ35_Bujnicki_1.pdb	AC	17.524108875075328
PZ35_Bujnicki_1.pdb	AG	17.24468559236851
PZ35_Bujnicki_1.pdb	AC	16.00726518364922
PZ35_Bujnicki_1.pdb	AA	19.968637594942248
PZ35_Bujnicki_1.pdb	AA	14.897873825213143
PZ35_Bujnicki_1.pdb	AU	14.119945658591602
PZ35_Bujnicki_1.pdb	AU	12.061790032584163
PZ35_Bujnicki_1.pdb	AC	11.827697016092515
PZ35_Bujnicki_1.pdb	AU	14.389495135884149
PZ35_Bujnicki_1.pdb	AG	18.169935568186908
PZ35_Bujnicki_1.pdb	GG	19.50965016425837
PZ35_Bujnicki_1.pdb	GU	19.30247539986778
PZ35_Bujnicki_1.pdb	CG	17.53938154753577
PZ35_Bujnicki_1.pdb	GG	16.057042384440543
PZ35_Bujnicki_1.pdb	CG	14.00107017173046
PZ35_Bujnicki_1.pdb	AG	19.370010064858903
PZ35_Bujnicki_1.pdb	AG	15.36489907291237
PZ35_Bujnicki_1.pdb	AG	10.485959002152049
PZ35_Bujnicki_1.pdb	GU	11.60144319355256
PZ35_Bujnicki_1.pdb	GU	11.96255891462886
PZ35_Bujnicki_1.pdb	CG	14.258374692046653
PZ35_Bujnicki_1.pdb	GU	18.424977303282674
PZ35_Bujnicki_1.pdb	CC	19.315853520491075
PZ35_Bujnicki_1.pdb	CG	17.949993223903313
PZ35_Bujnicki_1.pdb	CU	19.211360011412282
PZ35_Bujnicki_1.pdb	CC	16.022536188266105
PZ35_Bujnicki_1.pdb	CG	13.650224894976418
PZ35_Bujnicki_1.pdb	CC	11.623560552151446
PZ35_Bujnicki_1.pdb	AC	16.72719624167978
PZ35_Bujnicki_1.pdb	CG	17.032860816527613
PZ35_Bujnicki_1.pdb	CC	15.224528245372582
PZ35_Bujnicki_1.pdb	CG	16.57533900927289
PZ35_Bujnicki_1.pdb	AC	10.005169761472281
PZ35_Bujnicki_1.pdb	AC	6.308991693679915
PZ35_Bujnicki_1.pdb	CU	10.674917248606297
PZ35_Bujnicki_1.pdb	CU	14.108579320664976
PZ35_Bujnicki_1.pdb	CC	17.95051021676434
PZ35_Bujnicki_1.pdb	AG	18.973926381841785
PZ35_Bujnicki_1.pdb	CG	17.820703679584252
PZ35_Bujnicki_1.pdb	GG	15.750031740136517
PZ35_Bujnicki_1.pdb	GU	18.438389212822855
PZ35_Bujnicki_1.pdb	CG	14.256295160442916
PZ35_Bujnicki_1.pdb	GG	11.697181155193313
PZ35_Bujnicki_1.pdb	CG	10.995803562339608
PZ35_Bujnicki_1.pdb	AG	15.742581316293299
PZ35_Bujnicki_1.pdb	GG	18.348678422912652
PZ35_Bujnicki_1.pdb	GU	17.171021366088663
PZ35_Bujnicki_1.pdb	GG	11.754660609402075
PZ35_Bujnicki_1.pdb	CG	9.825204422503637
PZ35_Bujnicki_1.pdb	GG	12.223372992227224
PZ35_Bujnicki_1.pdb	AG	6.241069618820285
PZ35_Bujnicki_1.pdb	AG	6.490184737476059
PZ35_Bujnicki_1.pdb	GU	12.854948732944612
PZ35_Bujnicki_1.pdb	GU	17.946810975681622
PZ35_Bujnicki_1.pdb	CU	15.981638896074568
PZ35_Bujnicki_1.pdb	GU	15.331824949082579
PZ35_Bujnicki_1.pdb	UU	19.609043725944627
PZ35_Bujnicki_1.pdb	CU	15.189641610496755
PZ35_Bujnicki_1.pdb	GU	13.431055754408588
PZ35_Bujnicki_1.pdb	CU	14.545935998025769
PZ35_Bujnicki_1.pdb	AU	18.39140053615741
PZ35_Bujnicki_1.pdb	GU	19.887985140814514
PZ35_Bujnicki_1.pdb	GU	19.394577904844844
PZ35_Bujnicki_1.pdb	UU	17.112328933813544
PZ35_Bujnicki_1.pdb	CU	15.227843286763195
PZ35_Bujnicki_1.pdb	AU	14.535494877453198
PZ35_Bujnicki_1.pdb	GU	16.054733812925463
PZ35_Bujnicki_1.pdb	CU	19.705704751552364
PZ35_Bujnicki_1.pdb	CU	18.058183439727312
PZ35_Bujnicki_1.pdb	UU	12.888620902979897
PZ35_Bujnicki_1.pdb	GU	6.7467647248506575
PZ35_Bujnicki_1.pdb	CU	6.106511688627625
PZ35_Bujnicki_1.pdb	GU	10.8423752484713
PZ35_Bujnicki_1.pdb	AU	8.104277068615001
PZ35_Bujnicki_1.pdb	AU	11.79117541037675
PZ35_Bujnicki_1.pdb	UU	18.176399384019643
PZ35_Bujnicki_1.pdb	GU	14.611018666599385
PZ35_Bujnicki_1.pdb	UU	19.89604948127703
PZ35_Bujnicki_1.pdb	CU	16.134710220762077
PZ35_Bujnicki_1.pdb	GU	15.871156621879539
PZ35_Bujnicki_1.pdb	CU	18.488749274853504
PZ35_Bujnicki_1.pdb	UU	17.984064268339463
PZ35_Bujnicki_1.pdb	GU	15.669835491124315
PZ35_Bujnicki_1.pdb	UU	12.249115967646661
PZ35_Bujnicki_1.pdb	CU	10.050162519953586
PZ35_Bujnicki_1.pdb	AU	10.302690228828101
PZ35_Bujnicki_1.pdb	GU	13.449113937674499
PZ35_Bujnicki_1.pdb	CU	18.085890182102297
PZ35_Bujnicki_1.pdb	CU	17.553622536881928
PZ35_Bujnicki_1.pdb	UU	13.705805650353609
PZ35_Bujnicki_1.pdb	GU	8.01390163170049
PZ35_Bujnicki_1.pdb	CU	8.865168837794798
PZ35_Bujnicki_1.pdb	GU	14.022924552860504
PZ35_Bujnicki_1.pdb	AU	13.137814556762235
PZ35_Bujnicki_1.pdb	AU	16.966228105841086
PZ35_Bujnicki_1.pdb	CU	16.558619074688128
PZ35_Bujnicki_1.pdb	CC	13.217426775453694
PZ35_Bujnicki_1.pdb	CG	14.300656332848227
PZ35_Bujnicki_1.pdb	CC	18.438052429237974
PZ35_Bujnicki_1.pdb	CU	16.98214940280967
PZ35_Bujnicki_1.pdb	CG	14.10044115201772
PZ35_Bujnicki_1.pdb	CU	10.631206552881881
PZ35_Bujnicki_1.pdb	CC	10.575247431140475
PZ35_Bujnicki_1.pdb	AC	13.291437248275578
PZ35_Bujnicki_1.pdb	CG	17.725462361755294
PZ35_Bujnicki_1.pdb	CU	18.20763740902693
PZ35_Bujnicki_1.pdb	CG	12.976047935055403
PZ35_Bujnicki_1.pdb	CC	11.720643637266894
PZ35_Bujnicki_1.pdb	CG	15.838392338688475
PZ35_Bujnicki_1.pdb	AC	15.801313527611804
PZ35_Bujnicki_1.pdb	AC	19.04533053494455
PZ35_Bujnicki_1.pdb	AC	15.826888613139424
PZ35_Bujnicki_1.pdb	AG	18.813284384401406
PZ35_Bujnicki_1.pdb	AG	17.087996726070084
PZ35_Bujnicki_1.pdb	AU	11.976536711251821
PZ35_Bujnicki_1.pdb	AC	11.109224007185398
PZ35_Bujnicki_1.pdb	AA	14.245223457349327
PZ35_Bujnicki_1.pdb	AG	19.598936615174733
PZ35_Bujnicki_1.pdb	AG	18.220112591154084
PZ35_Bujnicki_1.pdb	AC	18.105040257576302
PZ35_Bujnicki_1.pdb	CG	16.485344121971167
PZ35_Bujnicki_1.pdb	CU	18.813470122215914
PZ35_Bujnicki_1.pdb	CC	17.825206054680145
PZ35_Bujnicki_1.pdb	AC	19.951321766455038
PZ35_Bujnicki_1.pdb	CG	16.427410049468353
PZ35_Bujnicki_1.pdb	CG	18.72217554259222
PZ35_Bujnicki_1.pdb	AG	19.028781631203113
PZ35_Bujnicki_1.pdb	AG	18.986812939484604
PZ35_Bujnicki_1.pdb	CC	17.115679944264627
PZ35_Bujnicki_1.pdb	CG	18.24555940400075
PZ35_Bujnicki_1.pdb	AC	16.1327711661577
PZ35_Bujnicki_1.pdb	AC	15.429176772946615
PZ35_Bujnicki_1.pdb	CU	17.224836028831508
PZ35_Bujnicki_1.pdb	CG	19.027071153041277
PZ35_Bujnicki_1.pdb	GG	18.983455383931275
PZ35_Bujnicki_1.pdb	CG	13.831108068569142
PZ35_Bujnicki_1.pdb	GG	13.663588295453124
PZ35_Bujnicki_1.pdb	AG	11.733521760631092
PZ35_Bujnicki_1.pdb	AG	11.060670712834384
PZ35_Bujnicki_1.pdb	GU	12.602378658335818
PZ35_Bujnicki_1.pdb	GU	16.80570570151787
PZ35_Bujnicki_1.pdb	CG	19.812174006373024
PZ35_Bujnicki_1.pdb	CG	19.322680947585884
PZ35_Bujnicki_1.pdb	CC	14.043296153901773
PZ35_Bujnicki_1.pdb	CG	12.396917504469942
PZ35_Bujnicki_1.pdb	AC	9.517165948755892
PZ35_Bujnicki_1.pdb	AC	7.1807266522378645
PZ35_Bujnicki_1.pdb	CU	7.110707574381516
PZ35_Bujnicki_1.pdb	CU	12.263915319516892
PZ35_Bujnicki_1.pdb	CC	16.38182407338531
PZ35_Bujnicki_1.pdb	AC	15.62759734251981
PZ35_Bujnicki_1.pdb	AG	11.703048097088063
PZ35_Bujnicki_1.pdb	AA	11.61151850302914
PZ35_Bujnicki_1.pdb	AA	10.788335687464963
PZ35_Bujnicki_1.pdb	AU	8.981790110597167
PZ35_Bujnicki_1.pdb	AU	14.277715822976525
PZ35_Bujnicki_1.pdb	AC	18.901219436837373
PZ35_Bujnicki_1.pdb	CG	15.585858793805397
PZ35_Bujnicki_1.pdb	GG	10.474185929503054
PZ35_Bujnicki_1.pdb	AG	12.753594362719006
PZ35_Bujnicki_1.pdb	AG	13.822013983567775
PZ35_Bujnicki_1.pdb	GU	13.20456237024949
PZ35_Bujnicki_1.pdb	GU	18.80724129417823
PZ35_Bujnicki_1.pdb	CC	15.181343107582553
PZ35_Bujnicki_1.pdb	CG	9.879495410268479
PZ35_Bujnicki_1.pdb	AC	14.66949827832642
PZ35_Bujnicki_1.pdb	AC	17.579426427759117
PZ35_Bujnicki_1.pdb	CU	18.446636740103287
PZ35_Bujnicki_1.pdb	CC	18.42300301856083
PZ35_Bujnicki_1.pdb	CU	18.68842434171341
PZ35_Bujnicki_1.pdb	CG	19.662618327329614
PZ35_Bujnicki_1.pdb	CC	15.415244942590956
PZ35_Bujnicki_1.pdb	CG	11.044576993298039
PZ35_Bujnicki_1.pdb	AC	17.31071116351251
PZ35_Bujnicki_1.pdb	CG	17.498521203014622
PZ35_Bujnicki_1.pdb	CC	16.350316130148297
PZ35_Bujnicki_1.pdb	CU	18.226693366150442
PZ35_Bujnicki_1.pdb	CG	19.560743012636376
PZ35_Bujnicki_1.pdb	CC	16.100290612743176
PZ35_Bujnicki_1.pdb	CG	13.28681314072404
PZ35_Bujnicki_1.pdb	AC	19.930195974076902
PZ35_Bujnicki_1.pdb	CC	18.12334829405334
PZ35_Bujnicki_1.pdb	CG	16.5877182341635
PZ35_Bujnicki_1.pdb	CG	15.227643671079926
PZ35_Bujnicki_1.pdb	CC	15.554666427499141
PZ35_Bujnicki_1.pdb	CU	18.383384786694222
PZ35_Bujnicki_1.pdb	CG	19.393149651932834
PZ35_Bujnicki_1.pdb	CC	16.77906249241793
PZ35_Bujnicki_1.pdb	CG	15.709211096934556
PZ35_Bujnicki_1.pdb	AU	19.354605461499094
PZ35_Bujnicki_1.pdb	CU	15.952611109253628
PZ35_Bujnicki_1.pdb	CU	14.17655809702988
PZ35_Bujnicki_1.pdb	GU	13.83263103222945
PZ35_Bujnicki_1.pdb	GU	13.84833010135107
PZ35_Bujnicki_1.pdb	CU	14.858595017857567
PZ35_Bujnicki_1.pdb	UU	17.647481119235255
PZ35_Bujnicki_1.pdb	GU	17.90790303780738
PZ35_Bujnicki_1.pdb	CU	16.324238176411875
PZ35_Bujnicki_1.pdb	GU	17.04060110625448
PZ35_Bujnicki_1.pdb	GG	18.829528870150327
PZ35_Bujnicki_1.pdb	GU	18.52984053458592
PZ35_Bujnicki_1.pdb	CG	12.917785859749102
PZ35_Bujnicki_1.pdb	CG	12.43987492041723
PZ35_Bujnicki_1.pdb	GG	13.674212982350832
PZ35_Bujnicki_1.pdb	GG	15.058450581468598
PZ35_Bujnicki_1.pdb	CG	16.302255126575478
PZ35_Bujnicki_1.pdb	GU	18.413456632834
PZ35_Bujnicki_1.pdb	GG	17.581598630426388
PZ35_Bujnicki_1.pdb	CG	17.139761465459042
PZ35_Bujnicki_1.pdb	GG	19.468530638115876
PZ35_Bujnicki_1.pdb	CU	19.561265009882327
PZ35_Bujnicki_1.pdb	CU	14.783150561856939
PZ35_Bujnicki_1.pdb	CU	14.919298250013563
PZ35_Bujnicki_1.pdb	GU	16.164182906870987
PZ35_Bujnicki_1.pdb	GU	17.484975591526453
PZ35_Bujnicki_1.pdb	CU	17.859807179164736
PZ35_Bujnicki_1.pdb	UU	18.43012332573621
PZ35_Bujnicki_1.pdb	GU	16.19685602735471
PZ35_Bujnicki_1.pdb	CU	16.913625326709543
PZ35_Bujnicki_1.pdb	CC	19.399131499795647
PZ35_Bujnicki_1.pdb	CC	17.73320974034389
PZ35_Bujnicki_1.pdb	CC	17.083760833303614
PZ35_Bujnicki_1.pdb	CG	17.148174819019484
PZ35_Bujnicki_1.pdb	CG	17.79265235745021
PZ35_Bujnicki_1.pdb	CC	17.29627091722304
PZ35_Bujnicki_1.pdb	CU	16.67803290927565
PZ35_Bujnicki_1.pdb	CG	14.01998189162454
PZ35_Bujnicki_1.pdb	CC	16.548979513542335
PZ35_Bujnicki_1.pdb	AA	19.251274277763745
PZ35_Bujnicki_1.pdb	AC	19.07903811838044
PZ35_Bujnicki_1.pdb	AG	17.626652350117645
PZ35_Bujnicki_1.pdb	AG	17.273850913483983
PZ35_Bujnicki_1.pdb	AC	15.912291188814063
PZ35_Bujnicki_1.pdb	AU	14.363579472947972
PZ35_Bujnicki_1.pdb	AG	12.155901631994116
PZ35_Bujnicki_1.pdb	AC	16.51284248658062
PZ35_Bujnicki_1.pdb	GU	18.47985232458354
PZ35_Bujnicki_1.pdb	GG	16.99794711494592
PZ35_Bujnicki_1.pdb	GG	15.556586832896548
PZ35_Bujnicki_1.pdb	CG	13.630013280035882
PZ35_Bujnicki_1.pdb	GU	11.948237634126226
PZ35_Bujnicki_1.pdb	GG	11.74305983136159
PZ35_Bujnicki_1.pdb	CG	17.414949386597943
PZ35_Bujnicki_1.pdb	CU	19.82851000228546
PZ35_Bujnicki_1.pdb	CG	15.7167491358168
PZ35_Bujnicki_1.pdb	CG	13.494847981716463
PZ35_Bujnicki_1.pdb	CC	11.812838125073347
PZ35_Bujnicki_1.pdb	CU	11.463666864470067
PZ35_Bujnicki_1.pdb	CG	14.010650955041337
PZ35_Bujnicki_1.pdb	CC	19.82095037621903
PZ35_Bujnicki_1.pdb	CG	19.23204321217721
PZ35_Bujnicki_1.pdb	CC	18.75441600882825
PZ35_Bujnicki_1.pdb	CG	13.674929524331588
PZ35_Bujnicki_1.pdb	CG	11.71078888065539
PZ35_Bujnicki_1.pdb	CC	11.785629175464166
PZ35_Bujnicki_1.pdb	CU	13.9356966561891
PZ35_Bujnicki_1.pdb	CG	18.080670191037452
PZ35_Bujnicki_1.pdb	AC	19.75783455311268
PZ35_Bujnicki_1.pdb	AC	16.636812235370034
PZ35_Bujnicki_1.pdb	AG	12.125779319234036
PZ35_Bujnicki_1.pdb	AG	12.050785299185149
PZ35_Bujnicki_1.pdb	AC	14.527226283892814
PZ35_Bujnicki_1.pdb	AU	18.395611730161765
PZ35_Bujnicki_1.pdb	AU	17.163121227123888
PZ35_Bujnicki_1.pdb	CU	19.244127082468175
PZ35_Bujnicki_1.pdb	CU	15.261446600616475
PZ35_Bujnicki_1.pdb	GU	12.866094200652245
PZ35_Bujnicki_1.pdb	GU	15.158354132530187
PZ35_Bujnicki_1.pdb	CU	18.876382088397392
PZ35_Bujnicki_1.pdb	CU	18.305321814486188
PZ35_Bujnicki_1.pdb	GU	17.67824188788749
PZ35_Bujnicki_1.pdb	GU	16.570896345450084
PZ35_Bujnicki_1.pdb	CG	17.13459586236551
PZ35_Bujnicki_1.pdb	CG	15.203251173333669
PZ35_Bujnicki_1.pdb	GG	16.267919415033187
PZ35_Bujnicki_1.pdb	CC	15.758524799620755
PZ35_Bujnicki_1.pdb	CC	15.609033246587765
PZ35_Bujnicki_1.pdb	CG	18.71784942679224
PZ35_Bujnicki_1.pdb	AC	12.496796472108068
PZ35_Bujnicki_1.pdb	AG	17.351201451264753
PZ35_Bujnicki_1.pdb	CG	19.025586923286447
PZ35_Bujnicki_1.pdb	CG	16.24698520991233
PZ35_Bujnicki_1.pdb	AC	19.905863838375765
PZ35_Bujnicki_1.pdb	AU	14.71522232267423
PZ35_Bujnicki_1.pdb	AG	15.904628783066943
PZ35_Bujnicki_1.pdb	CU	17.98199799556355
PZ35_Bujnicki_1.pdb	GG	19.220055069511886
PZ35_Bujnicki_1.pdb	CG	19.199725379266976
PZ35_Bujnicki_1.pdb	CG	19.987327521694546
PZ35_Bujnicki_1.pdb	CG	19.693490036052793
PZ35_Bujnicki_1.pdb	GU	18.52969820190648
PZ35_Bujnicki_1.pdb	GU	19.17811728579402
PZ35_Bujnicki_1.pdb	GG	18.17892474503353
PZ35_Bujnicki_1.pdb	CG	18.1150803677955
PZ35_Bujnicki_1.pdb	GU	18.125783766940813
PZ35_Bujnicki_1.pdb	CC	17.94253711184287
PZ35_Bujnicki_1.pdb	CU	15.650159225464233
PZ35_Bujnicki_1.pdb	CG	16.2520032905203
PZ35_Bujnicki_1.pdb	CC	17.336760895680797
PZ35_Bujnicki_1.pdb	CU	18.035079569410886
PZ35_Bujnicki_1.pdb	CG	19.50182011253154
PZ35_Bujnicki_1.pdb	CU	16.328229371139226
PZ35_Bujnicki_1.pdb	CC	14.111859628915733
PZ35_Bujnicki_1.pdb	CU	13.488800448851011
PZ35_Bujnicki_1.pdb	CG	15.425323991125827
PZ35_Bujnicki_1.pdb	CC	16.954597677241594
PZ35_Bujnicki_1.pdb	CU	17.634880747468884
PZ35_Bujnicki_1.pdb	AC	19.58850590875282
PZ35_Bujnicki_1.pdb	AA	18.58282170412929
PZ35_Bujnicki_1.pdb	AU	18.243112192900597
PZ35_Bujnicki_1.pdb	AU	15.25812204628684
PZ35_Bujnicki_1.pdb	AC	14.819395812515122
PZ35_Bujnicki_1.pdb	AU	15.310141949801656
PZ35_Bujnicki_1.pdb	AG	17.13358877353726
PZ35_Bujnicki_1.pdb	AC	17.969477963796066
PZ35_Bujnicki_1.pdb	AU	17.7342218907144
PZ35_Bujnicki_1.pdb	AC	19.857388688200743
PZ35_Bujnicki_1.pdb	CC	18.759054455391297
PZ35_Bujnicki_1.pdb	AC	16.18688927171581
PZ35_Bujnicki_1.pdb	CG	19.533433283042225
PZ35_Bujnicki_1.pdb	CU	18.351313577047936
PZ35_Bujnicki_1.pdb	CU	17.078269177053546
PZ35_Bujnicki_1.pdb	CC	17.355963921042925
PZ35_Bujnicki_1.pdb	CU	17.592210783389696
PZ35_Bujnicki_1.pdb	CG	18.23268757005543
PZ35_Bujnicki_1.pdb	CC	17.8324057297396
PZ35_Bujnicki_1.pdb	CU	16.435539528823394
PZ35_Bujnicki_1.pdb	AG	18.54641533549028
PZ35_Bujnicki_1.pdb	AC	17.294861651370375
PZ35_Bujnicki_1.pdb	AA	15.999515081810376
PZ35_Bujnicki_1.pdb	AU	18.983802949385893
PZ35_Bujnicki_1.pdb	AU	18.455148549455544
PZ35_Bujnicki_1.pdb	AC	18.516769187907386
PZ35_Bujnicki_1.pdb	AU	17.990397594451586
PZ35_Bujnicki_1.pdb	AG	17.31704693566321
PZ35_Bujnicki_1.pdb	AC	15.909823813521188
PZ35_Bujnicki_1.pdb	AU	13.969535188694861
PZ35_Bujnicki_1.pdb	GU	18.166879379186348
PZ35_Bujnicki_1.pdb	CG	16.93583602388384
PZ35_Bujnicki_1.pdb	GG	15.90869589669961
PZ35_Bujnicki_1.pdb	CG	16.34110303592716
PZ35_Bujnicki_1.pdb	AG	17.163315539954866
PZ35_Bujnicki_1.pdb	GU	19.391732819711308
PZ35_Bujnicki_1.pdb	GU	19.011508530369937
PZ35_Bujnicki_1.pdb	CG	18.59113491363108
PZ35_Bujnicki_1.pdb	GU	17.3872528175952
PZ35_Bujnicki_1.pdb	GG	15.737646517960988
PZ35_Bujnicki_1.pdb	CG	13.931203644514257
PZ35_Bujnicki_1.pdb	GU	12.499328668698647
PZ35_Bujnicki_1.pdb	CG	19.04200832976818
PZ35_Bujnicki_1.pdb	CU	14.000172611958993
PZ35_Bujnicki_1.pdb	CC	14.380118013149806
PZ35_Bujnicki_1.pdb	CG	15.103982120678214
PZ35_Bujnicki_1.pdb	CC	16.746495723753632
PZ35_Bujnicki_1.pdb	AC	19.574756818942564
PZ35_Bujnicki_1.pdb	CU	19.325959072253802
PZ35_Bujnicki_1.pdb	CC	18.172557276752283
PZ35_Bujnicki_1.pdb	CU	16.29246107011169
PZ35_Bujnicki_1.pdb	CG	13.943930371599315
PZ35_Bujnicki_1.pdb	CC	12.34740987531758
PZ35_Bujnicki_1.pdb	CU	12.345754877859191
PZ35_Bujnicki_1.pdb	AG	19.889985379796382
PZ35_Bujnicki_1.pdb	AG	17.48989369685674
PZ35_Bujnicki_1.pdb	AU	12.00483990444875
PZ35_Bujnicki_1.pdb	AC	13.897864244653073
PZ35_Bujnicki_1.pdb	AG	15.592252909494519
PZ35_Bujnicki_1.pdb	AC	17.18744850860191
PZ35_Bujnicki_1.pdb	AU	19.579622563125355
PZ35_Bujnicki_1.pdb	AU	17.82873238768915
PZ35_Bujnicki_1.pdb	AC	15.786994890751194
PZ35_Bujnicki_1.pdb	AU	13.529021110765864
PZ35_Bujnicki_1.pdb	AG	11.449050987332178
PZ35_Bujnicki_1.pdb	AC	11.57135296201458
PZ35_Bujnicki_1.pdb	AU	14.017034258437903
PZ35_Bujnicki_1.pdb	CG	19.879715772669503
PZ35_Bujnicki_1.pdb	GG	18.253345584645864
PZ35_Bujnicki_1.pdb	GU	13.392943987514895
PZ35_Bujnicki_1.pdb	CG	15.57786816857779
PZ35_Bujnicki_1.pdb	GG	17.189922193838388
PZ35_Bujnicki_1.pdb	CG	18.022936715302254
PZ35_Bujnicki_1.pdb	GU	18.91669757251973
PZ35_Bujnicki_1.pdb	GU	16.199838774697458
PZ35_Bujnicki_1.pdb	CG	13.485709403711162
PZ35_Bujnicki_1.pdb	GU	11.461766588987343
PZ35_Bujnicki_1.pdb	GG	10.847545508113855
PZ35_Bujnicki_1.pdb	CG	13.18888412693335
PZ35_Bujnicki_1.pdb	GU	17.216931158882485
PZ35_Bujnicki_1.pdb	AG	19.7475216884151
PZ35_Bujnicki_1.pdb	AG	18.977998621406037
PZ35_Bujnicki_1.pdb	AU	15.533685492738535
PZ35_Bujnicki_1.pdb	AC	16.75365666197054
PZ35_Bujnicki_1.pdb	AG	17.54756706720698
PZ35_Bujnicki_1.pdb	AC	17.32345800259327
PZ35_Bujnicki_1.pdb	AA	18.501305716460507
PZ35_Bujnicki_1.pdb	AU	16.679807755017134
PZ35_Bujnicki_1.pdb	AU	13.717065266795887
PZ35_Bujnicki_1.pdb	AC	11.5227915916787
PZ35_Bujnicki_1.pdb	AU	11.547760073557317
PZ35_Bujnicki_1.pdb	AG	13.634107806163032
PZ35_Bujnicki_1.pdb	AC	17.456791562947288
PZ35_Bujnicki_1.pdb	AG	19.511810058343517
PZ35_Bujnicki_1.pdb	AU	17.703327902399902
PZ35_Bujnicki_1.pdb	AC	17.524296210233558
PZ35_Bujnicki_1.pdb	AG	17.244152180497796
PZ35_Bujnicki_1.pdb	AC	16.007385763252493
PZ35_Bujnicki_1.pdb	AA	19.9669558143672
PZ35_Bujnicki_1.pdb	AA	14.89797331570347
PZ35_Bujnicki_1.pdb	AU	14.120833813399116
PZ35_Bujnicki_1.pdb	AU	12.062289346317202
PZ35_Bujnicki_1.pdb	AC	11.827429988954346
PZ35_Bujnicki_1.pdb	AU	14.389991644858396
PZ35_Bujnicki_1.pdb	AG	18.16649379858088
PZ35_Bujnicki_1.pdb	GG	19.51056101975492
PZ35_Bujnicki_1.pdb	GU	19.303089577098838
PZ35_Bujnicki_1.pdb	CG	17.540758447958613
PZ35_Bujnicki_1.pdb	GG	16.057787340999457
PZ35_Bujnicki_1.pdb	CG	14.002186945003764
PZ35_Bujnicki_1.pdb	AG	19.36993617363907
PZ35_Bujnicki_1.pdb	AG	15.364308881047915
PZ35_Bujnicki_1.pdb	AG	10.486670443821339
PZ35_Bujnicki_1.pdb	GU	11.602166345866088
PZ35_Bujnicki_1.pdb	GU	11.96270306687826
PZ35_Bujnicki_1.pdb	CG	14.256990234219975
PZ35_Bujnicki_1.pdb	GU	18.424632414355468
PZ35_Bujnicki_1.pdb	CC	19.3161245314802
PZ35_Bujnicki_1.pdb	CG	17.950050325753814
PZ35_Bujnicki_1.pdb	CU	19.211220260339456
PZ35_Bujnicki_1.pdb	CC	16.022851977085335
PZ35_Bujnicki_1.pdb	CG	13.650573633009929
PZ35_Bujnicki_1.pdb	CC	11.62462439749941
PZ35_Bujnicki_1.pdb	AC	16.72730183329119
PZ35_Bujnicki_1.pdb	CG	17.033865398106155
PZ35_Bujnicki_1.pdb	CC	15.22373525430611
PZ35_Bujnicki_1.pdb	CG	16.5760823128528
PZ35_Bujnicki_1.pdb	AC	10.004349810003289
PZ35_Bujnicki_1.pdb	AC	6.309542434679351
PZ35_Bujnicki_1.pdb	CU	10.675540630388257
PZ35_Bujnicki_1.pdb	CU	14.109648757557343
PZ35_Bujnicki_1.pdb	CC	17.949796522650818
PZ35_Bujnicki_1.pdb	AG	18.97298831255704
PZ35_Bujnicki_1.pdb	CG	17.821178423364916
PZ35_Bujnicki_1.pdb	GG	15.750020480960238
PZ35_Bujnicki_1.pdb	GU	18.438204774788936
PZ35_Bujnicki_1.pdb	CG	14.255939962168705
PZ35_Bujnicki_1.pdb	GG	11.69739439997769
PZ35_Bujnicki_1.pdb	CG	10.996436103880606
PZ35_Bujnicki_1.pdb	AG	15.742254724288735
PZ35_Bujnicki_1.pdb	GG	18.349449656805792
PZ35_Bujnicki_1.pdb	GU	17.171613030750198
PZ35_Bujnicki_1.pdb	GG	11.754967231432984
PZ35_Bujnicki_1.pdb	CG	9.823668652313147
PZ35_Bujnicki_1.pdb	GG	12.223797226100354
PZ35_Bujnicki_1.pdb	AG	6.239600209947075
PZ35_Bujnicki_1.pdb	AG	6.490231278693905
PZ35_Bujnicki_1.pdb	GU	12.855004565060986
PZ35_Bujnicki_1.pdb	GU	17.94804579816145
PZ35_Bujnicki_1.pdb	CU	15.982475468910328
PZ35_Bujnicki_1.pdb	GU	15.332487932233487
PZ35_Bujnicki_1.pdb	UU	19.609725922756645
PZ35_Bujnicki_1.pdb	CU	15.189513905945605
PZ35_Bujnicki_1.pdb	GU	13.432275799338923
PZ35_Bujnicki_1.pdb	CU	14.547118621361474
PZ35_Bujnicki_1.pdb	AU	18.39154241950962
PZ35_Bujnicki_1.pdb	GU	19.88920019687125
PZ35_Bujnicki_1.pdb	GU	19.393036124474012
PZ35_Bujnicki_1.pdb	UU	17.112378316994494
PZ35_Bujnicki_1.pdb	CU	15.226441139603365
PZ35_Bujnicki_1.pdb	AU	14.533808066868144
PZ35_Bujnicki_1.pdb	GU	16.05448011518591
PZ35_Bujnicki_1.pdb	CU	19.704151171421504
PZ35_Bujnicki_1.pdb	CU	18.057157990065267
PZ35_Bujnicki_1.pdb	UU	12.887920618112364
PZ35_Bujnicki_1.pdb	GU	6.745784650318235
PZ35_Bujnicki_1.pdb	CU	6.104276919726761
PZ35_Bujnicki_1.pdb	GU	10.843084251579635
PZ35_Bujnicki_1.pdb	AU	8.104028541527896
PZ35_Bujnicki_1.pdb	AU	11.791937001519516
PZ35_Bujnicki_1.pdb	UU	18.177015642010744
PZ35_Bujnicki_1.pdb	GU	14.61203904151061
PZ35_Bujnicki_1.pdb	UU	19.89712545824421
PZ35_Bujnicki_1.pdb	CU	16.13448673223904
PZ35_Bujnicki_1.pdb	GU	15.872654006684527
PZ35_Bujnicki_1.pdb	CU	18.48970467584442
PZ35_Bujnicki_1.pdb	UU	17.98318463973008
PZ35_Bujnicki_1.pdb	GU	15.668248518460555
PZ35_Bujnicki_1.pdb	UU	12.249031084661894
PZ35_Bujnicki_1.pdb	CU	10.04858864289854
PZ35_Bujnicki_1.pdb	AU	10.30104544043749
PZ35_Bujnicki_1.pdb	GU	13.448517147248811
PZ35_Bujnicki_1.pdb	CU	18.084626480793055
PZ35_Bujnicki_1.pdb	CU	17.552105515896507
PZ35_Bujnicki_1.pdb	UU	13.70456865710169
PZ35_Bujnicki_1.pdb	GU	8.012825805797892
PZ35_Bujnicki_1.pdb	CU	8.86364351677445
PZ35_Bujnicki_1.pdb	GU	14.023818998607283
PZ35_Bujnicki_1.pdb	AU	13.137567156362755
PZ35_Bujnicki_1.pdb	AU	16.966800214995914
PZ35_Bujnicki_1.pdb	CU	16.559114638799876
PZ35_Bujnicki_1.pdb	CC	13.216553848865239
PZ35_Bujnicki_1.pdb	CG	14.301940024404738
PZ35_Bujnicki_1.pdb	CC	18.438443732478035
PZ35_Bujnicki_1.pdb	CU	16.982124861511036
PZ35_Bujnicki_1.pdb	CG	14.099777882308876
PZ35_Bujnicki_1.pdb	CU	10.631697315063823
PZ35_Bujnicki_1.pdb	CC	10.573401510850108
PZ35_Bujnicki_1.pdb	AC	13.29020792979789
PZ35_Bujnicki_1.pdb	CG	17.724831758904845
PZ35_Bujnicki_1.pdb	CU	18.206959277403534
PZ35_Bujnicki_1.pdb	CG	12.974868999681808
PZ35_Bujnicki_1.pdb	CC	11.719497355938493
PZ35_Bujnicki_1.pdb	CG	15.839463609897914
PZ35_Bujnicki_1.pdb	AC	15.800490473156907
PZ35_Bujnicki_1.pdb	AC	19.04536692087015
PZ35_Bujnicki_1.pdb	AC	15.825387283103797
PZ35_Bujnicki_1.pdb	AG	18.813988895298312
PZ35_Bujnicki_1.pdb	AG	17.087816135062152
PZ35_Bujnicki_1.pdb	AU	11.976878611935357
PZ35_Bujnicki_1.pdb	AC	11.107557586879215
PZ35_Bujnicki_1.pdb	AA	14.244116369432879
PZ35_Bujnicki_1.pdb	AG	19.598069302752133
PZ35_Bujnicki_1.pdb	AG	18.21887638399393
PZ35_Bujnicki_1.pdb	AC	18.10333632879918
PZ35_Bujnicki_1.pdb	CG	16.486408785752644
PZ35_Bujnicki_1.pdb	CU	18.81357130284189
PZ35_Bujnicki_1.pdb	CC	17.823917787151725
PZ35_Bujnicki_1.pdb	AC	19.950927231047288
PZ35_Bujnicki_1.pdb	CG	16.427924367484994
PZ35_Bujnicki_1.pdb	CG	18.72116128108692
PZ35_Bujnicki_1.pdb	AG	19.02750546988494
PZ35_Bujnicki_1.pdb	AG	18.987121560770756
PZ35_Bujnicki_1.pdb	CC	17.113830110853087
PZ35_Bujnicki_1.pdb	CG	18.245529665706222
PZ35_Bujnicki_1.pdb	AC	16.130923242384625
PZ35_Bujnicki_1.pdb	AC	15.42942603254336
PZ35_Bujnicki_1.pdb	CU	17.225499130699475
PZ35_Bujnicki_1.pdb	CG	19.027963624309706
PZ35_Bujnicki_1.pdb	GG	18.98324316863664
PZ35_Bujnicki_1.pdb	CG	13.830512934043313
PZ35_Bujnicki_1.pdb	GG	13.663637238383998
PZ35_Bujnicki_1.pdb	AG	11.731989035848715
PZ35_Bujnicki_1.pdb	AG	11.060385403386984
PZ35_Bujnicki_1.pdb	GU	12.601409690152828
PZ35_Bujnicki_1.pdb	GU	16.805826629144907
PZ35_Bujnicki_1.pdb	CG	19.811203074049875
PZ35_Bujnicki_1.pdb	CG	19.3226971217198
PZ35_Bujnicki_1.pdb	CC	14.043016053236602
PZ35_Bujnicki_1.pdb	CG	12.39687070926873
PZ35_Bujnicki_1.pdb	AC	9.516501301986116
PZ35_Bujnicki_1.pdb	AC	7.181481227419792
PZ35_Bujnicki_1.pdb	CU	7.110689779268632
PZ35_Bujnicki_1.pdb	CU	12.265073462911614
PZ35_Bujnicki_1.pdb	CC	16.381535922626394
PZ35_Bujnicki_1.pdb	AC	15.627655965631865
PZ35_Bujnicki_1.pdb	AG	11.70241092994608
PZ35_Bujnicki_1.pdb	AA	11.61130055194526
PZ35_Bujnicki_1.pdb	AA	10.788129022001486
PZ35_Bujnicki_1.pdb	AU	8.980770105865117
PZ35_Bujnicki_1.pdb	AU	14.27826524348966
PZ35_Bujnicki_1.pdb	AC	18.900556568549277
PZ35_Bujnicki_1.pdb	CG	15.587930772430436
PZ35_Bujnicki_1.pdb	GG	10.474562410136302
PZ35_Bujnicki_1.pdb	AG	12.755396487620455
PZ35_Bujnicki_1.pdb	AG	13.822431227914187
PZ35_Bujnicki_1.pdb	GU	13.203264716635593
PZ35_Bujnicki_1.pdb	GU	18.807268153472794
PZ35_Bujnicki_1.pdb	CC	15.183629205053574
PZ35_Bujnicki_1.pdb	CG	9.87956364581917
PZ35_Bujnicki_1.pdb	AC	14.67194628537423
PZ35_Bujnicki_1.pdb	AC	17.58074622967741
PZ35_Bujnicki_1.pdb	CU	18.447101698809366
PZ35_Bujnicki_1.pdb	CC	18.425202283173107
PZ35_Bujnicki_1.pdb	CU	18.690542060522425
PZ35_Bujnicki_1.pdb	CG	19.662060464603787
PZ35_Bujnicki_1.pdb	CC	15.417121750106833
PZ35_Bujnicki_1.pdb	CG	11.044315018303601
PZ35_Bujnicki_1.pdb	AC	17.31234523399211
PZ35_Bujnicki_1.pdb	CG	17.49753758973041
PZ35_Bujnicki_1.pdb	CC	16.351275422147413
PZ35_Bujnicki_1.pdb	CU	18.22759876631718
PZ35_Bujnicki_1.pdb	CG	19.559410043801478
PZ35_Bujnicki_1.pdb	CC	16.102027651857526
PZ35_Bujnicki_1.pdb	CG	13.287201196989198
PZ35_Bujnicki_1.pdb	AC	19.93179279167987
PZ35_Bujnicki_1.pdb	CC	18.12364676115805
PZ35_Bujnicki_1.pdb	CG	16.588117554520114
PZ35_Bujnicki_1.pdb	CG	15.22895345692782
PZ35_Bujnicki_1.pdb	CC	15.557977553250362
PZ35_Bujnicki_1.pdb	CU	18.38647337671795
PZ35_Bujnicki_1.pdb	CG	19.39415441853746
PZ35_Bujnicki_1.pdb	CC	16.78259039062685
PZ35_Bujnicki_1.pdb	CG	15.71144097730179
PZ35_Bujnicki_1.pdb	AU	19.354468544880962
PZ35_Bujnicki_1.pdb	CU	15.952512744567892
PZ35_Bujnicki_1.pdb	CU	14.175462689555772
PZ35_Bujnicki_1.pdb	GU	13.830844678056495
PZ35_Bujnicki_1.pdb	GU	13.847012282238817
PZ35_Bujnicki_1.pdb	CU	14.858733306044604
PZ35_Bujnicki_1.pdb	UU	17.647528773981175
PZ35_Bujnicki_1.pdb	GU	17.90660198100442
PZ35_Bujnicki_1.pdb	CU	16.325623265342497
PZ35_Bujnicki_1.pdb	GU	17.041773610671925
PZ35_Bujnicki_1.pdb	GG	18.828202608583293
PZ35_Bujnicki_1.pdb	GU	18.530696677062256
PZ35_Bujnicki_1.pdb	CG	12.918743941283632
PZ35_Bujnicki_1.pdb	CG	12.439468891121649
PZ35_Bujnicki_1.pdb	GG	13.672640466828723
PZ35_Bujnicki_1.pdb	GG	15.056917706459853
PZ35_Bujnicki_1.pdb	CG	16.301332811573186
PZ35_Bujnicki_1.pdb	GU	18.41231488304551
PZ35_Bujnicki_1.pdb	GG	17.57958599303724
PZ35_Bujnicki_1.pdb	CG	17.13962491718424
PZ35_Bujnicki_1.pdb	GG	19.46886618588296
PZ35_Bujnicki_1.pdb	CU	19.561651434335626
PZ35_Bujnicki_1.pdb	CU	14.783062295347676
PZ35_Bujnicki_1.pdb	CU	14.918233880533213
PZ35_Bujnicki_1.pdb	GU	16.16278219202635
PZ35_Bujnicki_1.pdb	GU	17.484181239651534
PZ35_Bujnicki_1.pdb	CU	17.859568231135796
PZ35_Bujnicki_1.pdb	UU	18.43001981612435
PZ35_Bujnicki_1.pdb	GU	16.19663140190096
PZ35_Bujnicki_1.pdb	CU	16.914570890117954
PZ35_Bujnicki_1.pdb	CC	19.399557017051293
PZ35_Bujnicki_1.pdb	CC	17.7344250367069
PZ35_Bujnicki_1.pdb	CC	17.083826580770662
PZ35_Bujnicki_1.pdb	CG	17.148019171432413
PZ35_Bujnicki_1.pdb	CG	17.792690479092453
PZ35_Bujnicki_1.pdb	CC	17.295922993777264
PZ35_Bujnicki_1.pdb	CU	16.677449076777435
PZ35_Bujnicki_1.pdb	CG	14.019451239458116
PZ35_Bujnicki_1.pdb	CC	16.548068141859915
PZ35_Bujnicki_1.pdb	AA	19.25201986725694
PZ35_Bujnicki_1.pdb	AC	19.079173624153896
PZ35_Bujnicki_1.pdb	AG	17.6265745857062
PZ35_Bujnicki_1.pdb	AG	17.27381242215688
PZ35_Bujnicki_1.pdb	AC	15.911219207894318
PZ35_Bujnicki_1.pdb	AU	14.36205099685853
PZ35_Bujnicki_1.pdb	AG	12.155280306912418
PZ35_Bujnicki_1.pdb	AC	16.5116779039151
PZ35_Bujnicki_1.pdb	GU	18.4780810664762
PZ35_Bujnicki_1.pdb	GG	16.996744702037763
PZ35_Bujnicki_1.pdb	GG	15.556022963236817
PZ35_Bujnicki_1.pdb	CG	13.628637319069387
PZ35_Bujnicki_1.pdb	GU	11.947261885446954
PZ35_Bujnicki_1.pdb	GG	11.744121058956285
PZ35_Bujnicki_1.pdb	CG	17.41507618179089
PZ35_Bujnicki_1.pdb	CU	19.83093538403534
PZ35_Bujnicki_1.pdb	CG	15.71727185843278
PZ35_Bujnicki_1.pdb	CG	13.49511137654167
PZ35_Bujnicki_1.pdb	CC	11.810846946073504
PZ35_Bujnicki_1.pdb	CU	11.461167570335919
PZ35_Bujnicki_1.pdb	CG	14.010327611047115
PZ35_Bujnicki_1.pdb	CC	19.820252589577684
PZ35_Bujnicki_1.pdb	CG	19.234317802727332
PZ35_Bujnicki_1.pdb	CC	18.75459024371948
PZ35_Bujnicki_1.pdb	CG	13.675862641246416
PZ35_Bujnicki_1.pdb	CG	11.711178850083824
PZ35_Bujnicki_1.pdb	CC	11.78323416533817
PZ35_Bujnicki_1.pdb	CU	13.932729250392871
PZ35_Bujnicki_1.pdb	CG	18.07917981426947
PZ35_Bujnicki_1.pdb	AC	19.75783950672842
PZ35_Bujnicki_1.pdb	AC	16.637005806226693
PZ35_Bujnicki_1.pdb	AG	12.127150144279883
PZ35_Bujnicki_1.pdb	AG	12.051676903114945
PZ35_Bujnicki_1.pdb	AC	14.526241872099215
PZ35_Bujnicki_1.pdb	AU	18.394562853385708
PZ35_Bujnicki_1.pdb	AU	17.16441065086563
PZ35_Bujnicki_1.pdb	CU	19.24439962486195
PZ35_Bujnicki_1.pdb	CU	15.260926412554479
PZ35_Bujnicki_1.pdb	GU	12.866700260621133
PZ35_Bujnicki_1.pdb	GU	15.15822403919167
PZ35_Bujnicki_1.pdb	CU	18.87468639899686
PZ35_Bujnicki_1.pdb	CU	18.30609052825994
PZ35_Bujnicki_1.pdb	GU	17.67987791456996
PZ35_Bujnicki_1.pdb	GU	16.570496929538802
PZ35_Bujnicki_1.pdb	CG	17.13487711663874
PZ35_Bujnicki_1.pdb	CG	15.203596711749489
PZ35_Bujnicki_1.pdb	GG	16.269099192545106
PZ35_Bujnicki_1.pdb	CC	15.758560496263662
PZ35_Bujnicki_1.pdb	CC	15.609537376678528
PZ35_Bujnicki_1.pdb	CG	18.71853491036176
PZ35_Bujnicki_1.pdb	AC	12.498523272038582
PZ35_Bujnicki_1.pdb	AG	17.35277675180687
PZ35_Bujnicki_1.pdb	CG	19.02638424985646
PZ35_Bujnicki_1.pdb	CG	16.248424723276646
PZ35_Bujnicki_1.pdb	AC	19.907763778385224
PZ35_Bujnicki_1.pdb	AU	14.717464258058463
PZ35_Bujnicki_1.pdb	AG	15.904681835875355
PZ35_Bujnicki_1.pdb	CU	17.98097418267218
PZ35_Chen_1.pdb	GG	15.640436842990189
PZ35_Chen_1.pdb	GU	12.495370210612428
PZ35_Chen_1.pdb	GU	10.639583067580153
PZ35_Chen_1.pdb	CG	8.570507650674289
PZ35_Chen_1.pdb	AG	12.915406775411416
PZ35_Chen_1.pdb	CG	14.066216448484768
PZ35_Chen_1.pdb	GG	14.677610824180215
PZ35_Chen_1.pdb	GU	14.804640767656592
PZ35_Chen_1.pdb	CG	11.487874791214056
PZ35_Chen_1.pdb	GG	9.34346505396275
PZ35_Chen_1.pdb	CG	13.274080166350059
PZ35_Chen_1.pdb	AG	17.81280432673689
PZ35_Chen_1.pdb	GG	19.592422130441374
PZ35_Chen_1.pdb	CG	19.38155437177538
PZ35_Chen_1.pdb	CG	18.14267254618801
PZ35_Chen_1.pdb	CG	16.209457184372223
PZ35_Chen_1.pdb	GU	13.546854287375565
PZ35_Chen_1.pdb	GG	12.025810469710883
PZ35_Chen_1.pdb	GU	12.194790545255561
PZ35_Chen_1.pdb	CG	14.509893653243434
PZ35_Chen_1.pdb	AG	18.128178535072625
PZ35_Chen_1.pdb	GU	18.65790992883382
PZ35_Chen_1.pdb	GG	14.123466087622624
PZ35_Chen_1.pdb	CG	10.134090587324023
PZ35_Chen_1.pdb	GG	14.078507120524522
PZ35_Chen_1.pdb	AG	14.485223804777013
PZ35_Chen_1.pdb	AG	16.979364406354684
PZ35_Chen_1.pdb	GU	17.968981837907414
PZ35_Chen_1.pdb	GU	16.086473783586875
PZ35_Chen_1.pdb	CG	13.36718362391872
PZ35_Chen_1.pdb	AG	17.249426199097986
PZ35_Chen_1.pdb	CG	18.55075196366005
PZ35_Chen_1.pdb	GG	18.34797179863832
PZ35_Chen_1.pdb	GU	16.929153942225742
PZ35_Chen_1.pdb	CG	14.198605563791643
PZ35_Chen_1.pdb	GG	11.802642266093667
PZ35_Chen_1.pdb	CG	15.114675687816444
PZ35_Chen_1.pdb	AG	18.756579342608482
PZ35_Chen_1.pdb	CG	18.668687308957875
PZ35_Chen_1.pdb	CG	16.67630872911842
PZ35_Chen_1.pdb	CG	14.250720890579126
PZ35_Chen_1.pdb	GU	12.083800157677539
PZ35_Chen_1.pdb	GG	11.893419837299565
PZ35_Chen_1.pdb	GU	14.353612384885343
PZ35_Chen_1.pdb	CG	18.292590299195716
PZ35_Chen_1.pdb	GG	18.706584837995493
PZ35_Chen_1.pdb	CG	14.41965746503619
PZ35_Chen_1.pdb	GG	17.251243629413015
PZ35_Chen_1.pdb	AG	18.193224035638114
PZ35_Chen_1.pdb	CG	19.99150058237422
PZ35_Chen_1.pdb	CG	19.06733742082276
PZ35_Chen_1.pdb	CG	18.288725723630336
PZ35_Chen_1.pdb	GG	15.045118523680756
PZ35_Chen_1.pdb	CG	16.716995411813876
PZ35_Chen_1.pdb	AG	18.707908658771807
PZ35_Chen_1.pdb	GG	19.467006287020226
PZ35_Chen_1.pdb	CG	18.481433255802834
PZ35_Chen_1.pdb	CG	16.52541995490062
PZ35_Chen_1.pdb	CG	14.364815975781537
PZ35_Chen_1.pdb	CG	12.55178999984789
PZ35_Chen_1.pdb	GU	12.400326478988834
PZ35_Chen_1.pdb	GG	14.57139896499583
PZ35_Chen_1.pdb	GU	18.511074063884593
PZ35_Chen_1.pdb	CG	17.844435065193895
PZ35_Chen_1.pdb	GG	19.20822652373509
PZ35_Chen_1.pdb	AG	19.17266787582011
PZ35_Chen_1.pdb	GG	18.520780649270478
PZ35_Chen_1.pdb	CG	18.44280177781965
PZ35_Chen_1.pdb	AG	18.503822706913063
PZ35_Chen_1.pdb	GG	18.167473324733603
PZ35_Chen_1.pdb	CG	16.369045717288916
PZ35_Chen_1.pdb	CG	14.174592096636355
PZ35_Chen_1.pdb	CG	12.589524430235246
PZ35_Chen_1.pdb	CG	12.530295483394845
PZ35_Chen_1.pdb	GU	14.799039136864296
PZ35_Chen_1.pdb	GG	18.68954343703923
PZ35_Chen_1.pdb	CG	18.556737087872868
PZ35_Chen_1.pdb	CG	19.635804086411788
PZ35_Chen_1.pdb	AG	17.80721701604092
PZ35_Chen_1.pdb	GG	16.32465670572538
PZ35_Chen_1.pdb	CG	13.994690690113043
PZ35_Chen_1.pdb	CG	12.30995726828096
PZ35_Chen_1.pdb	CG	12.427982350193336
PZ35_Chen_1.pdb	CG	14.669596793213007
PZ35_Chen_1.pdb	GU	18.53721394686749
PZ35_Chen_1.pdb	AC	19.739082328225162
PZ35_Chen_1.pdb	CC	19.605361097161556
PZ35_Chen_1.pdb	AC	16.126066925367972
PZ35_Chen_1.pdb	CG	14.065062247485526
PZ35_Chen_1.pdb	CC	12.314751633392332
PZ35_Chen_1.pdb	CC	12.598926064680361
PZ35_Chen_1.pdb	CC	15.041605201513233
PZ35_Chen_1.pdb	CC	18.810185346976947
PZ35_Chen_1.pdb	CC	18.365421518475035
PZ35_Chen_1.pdb	AC	13.703883817973514
PZ35_Chen_1.pdb	CG	12.097919795937512
PZ35_Chen_1.pdb	CC	12.359546841294776
PZ35_Chen_1.pdb	CC	15.062913971286568
PZ35_Chen_1.pdb	CC	18.996209562649824
PZ35_Chen_1.pdb	AC	16.31592868130087
PZ35_Chen_1.pdb	AA	11.380305585906267
PZ35_Chen_1.pdb	AG	11.733658074042973
PZ35_Chen_1.pdb	AC	14.511259942898489
PZ35_Chen_1.pdb	AC	18.660082519992446
PZ35_Chen_1.pdb	AA	19.43970348225372
PZ35_Chen_1.pdb	AU	16.13633171893514
PZ35_Chen_1.pdb	AU	18.551469127122587
PZ35_Chen_1.pdb	CG	19.303892637118334
PZ35_Chen_1.pdb	CC	15.131885294882036
PZ35_Chen_1.pdb	AC	11.676979453742186
PZ35_Chen_1.pdb	CG	14.529224402035767
PZ35_Chen_1.pdb	CC	18.436073126730555
PZ35_Chen_1.pdb	AC	19.162892720085075
PZ35_Chen_1.pdb	CU	14.911665548557925
PZ35_Chen_1.pdb	CU	16.00794083082848
PZ35_Chen_1.pdb	CC	18.252807144468747
PZ35_Chen_1.pdb	CU	19.740058809290968
PZ35_Chen_1.pdb	AG	19.434463114710404
PZ35_Chen_1.pdb	AG	19.424174856617753
PZ35_Chen_1.pdb	AC	16.54425579195439
PZ35_Chen_1.pdb	AA	15.107309797106485
PZ35_Chen_1.pdb	AG	19.283010860996846
PZ35_Chen_1.pdb	AU	16.916844474662653
PZ35_Chen_1.pdb	AU	16.610153763282813
PZ35_Chen_1.pdb	AC	17.042898854128033
PZ35_Chen_1.pdb	AU	17.44653917176939
PZ35_Chen_1.pdb	AG	17.31275731379063
PZ35_Chen_1.pdb	AC	15.93696288322513
PZ35_Chen_1.pdb	AU	14.239903978339624
PZ35_Chen_1.pdb	CG	18.749947505992424
PZ35_Chen_1.pdb	GG	17.78460221749487
PZ35_Chen_1.pdb	CG	16.629910917779398
PZ35_Chen_1.pdb	AG	17.278963674314845
PZ35_Chen_1.pdb	GU	18.791777273286904
PZ35_Chen_1.pdb	GU	18.551064175884953
PZ35_Chen_1.pdb	CG	18.151179808339293
PZ35_Chen_1.pdb	GU	17.4323954977217
PZ35_Chen_1.pdb	GG	16.147403685212932
PZ35_Chen_1.pdb	CG	14.16696316702439
PZ35_Chen_1.pdb	GU	12.942550978734696
PZ35_Chen_1.pdb	CU	17.584135165665664
PZ35_Chen_1.pdb	CC	16.520083017725725
PZ35_Chen_1.pdb	CG	17.279103439382684
PZ35_Chen_1.pdb	CC	17.52012220927845
PZ35_Chen_1.pdb	AC	19.78172106113994
PZ35_Chen_1.pdb	CU	19.91563438695199
PZ35_Chen_1.pdb	CU	19.141654983112453
PZ35_Chen_1.pdb	CC	17.73959084241847
PZ35_Chen_1.pdb	CU	16.012797494760726
PZ35_Chen_1.pdb	CG	14.036809472312182
PZ35_Chen_1.pdb	CC	12.459086326169833
PZ35_Chen_1.pdb	CU	13.060302716792378
PZ35_Chen_1.pdb	AG	19.936738078762453
PZ35_Chen_1.pdb	AU	15.406726685325474
PZ35_Chen_1.pdb	AC	15.131246598857716
PZ35_Chen_1.pdb	AG	17.270085612902047
PZ35_Chen_1.pdb	AC	18.173407949873898
PZ35_Chen_1.pdb	AU	19.757849830352843
PZ35_Chen_1.pdb	AU	18.323080736848215
PZ35_Chen_1.pdb	AC	16.129758493105218
PZ35_Chen_1.pdb	AU	13.926131449691395
PZ35_Chen_1.pdb	AG	12.298612580348552
PZ35_Chen_1.pdb	AC	12.560800101970482
PZ35_Chen_1.pdb	AU	15.47398076015565
PZ35_Chen_1.pdb	GG	19.046510128591578
PZ35_Chen_1.pdb	GU	15.69887615418264
PZ35_Chen_1.pdb	CG	15.368121231356175
PZ35_Chen_1.pdb	GG	18.031452838333518
PZ35_Chen_1.pdb	CG	18.848185903666536
PZ35_Chen_1.pdb	GU	18.87393428100861
PZ35_Chen_1.pdb	GU	16.747038823286015
PZ35_Chen_1.pdb	CG	14.071133793300865
PZ35_Chen_1.pdb	GU	12.135076596999514
PZ35_Chen_1.pdb	GG	12.100081588766429
PZ35_Chen_1.pdb	CG	14.73667257681173
PZ35_Chen_1.pdb	GU	19.149648318594362
PZ35_Chen_1.pdb	AG	19.024724523405947
PZ35_Chen_1.pdb	AU	17.345603646585417
PZ35_Chen_1.pdb	AC	16.141530695622507
PZ35_Chen_1.pdb	AG	18.422004419173682
PZ35_Chen_1.pdb	AC	18.68275308106365
PZ35_Chen_1.pdb	AA	19.157128338447418
PZ35_Chen_1.pdb	AU	17.034915900038342
PZ35_Chen_1.pdb	AU	14.676209552038252
PZ35_Chen_1.pdb	AC	12.429285600084704
PZ35_Chen_1.pdb	AU	12.099974678687762
PZ35_Chen_1.pdb	AG	14.38306008630549
PZ35_Chen_1.pdb	AC	18.53836949044984
PZ35_Chen_1.pdb	AU	19.428511370010316
PZ35_Chen_1.pdb	AG	19.338050605523186
PZ35_Chen_1.pdb	AU	19.027074591442922
PZ35_Chen_1.pdb	AC	16.528634141663986
PZ35_Chen_1.pdb	AG	17.76787526897716
PZ35_Chen_1.pdb	AC	17.23726341772297
PZ35_Chen_1.pdb	AA	15.598836613295424
PZ35_Chen_1.pdb	AU	14.225119281749924
PZ35_Chen_1.pdb	AU	12.603349751323252
PZ35_Chen_1.pdb	AC	12.171721480396997
PZ35_Chen_1.pdb	AU	14.265466266929277
PZ35_Chen_1.pdb	AG	18.229661299205297
PZ35_Chen_1.pdb	GG	19.73998244195582
PZ35_Chen_1.pdb	CG	16.503135440302398
PZ35_Chen_1.pdb	GG	16.282246920909945
PZ35_Chen_1.pdb	CG	14.88749445327313
PZ35_Chen_1.pdb	AG	17.405183945245604
PZ35_Chen_1.pdb	AG	15.647506469663048
PZ35_Chen_1.pdb	AG	11.120058696224191
PZ35_Chen_1.pdb	GU	11.247681887096597
PZ35_Chen_1.pdb	GU	11.74584497091421
PZ35_Chen_1.pdb	CG	13.903406401744972
PZ35_Chen_1.pdb	GU	17.801729681830437
PZ35_Chen_1.pdb	CG	19.333412017063992
PZ35_Chen_1.pdb	CC	15.78286336766273
PZ35_Chen_1.pdb	CG	14.173843091198778
PZ35_Chen_1.pdb	CC	12.446208756690817
PZ35_Chen_1.pdb	AC	14.841232169515331
PZ35_Chen_1.pdb	CG	17.745828573118196
PZ35_Chen_1.pdb	CG	15.789809716002205
PZ35_Chen_1.pdb	CC	16.09507534387807
PZ35_Chen_1.pdb	CG	16.03031419256059
PZ35_Chen_1.pdb	AC	10.251851070474116
PZ35_Chen_1.pdb	AC	6.957752806773004
PZ35_Chen_1.pdb	CU	10.312934278822551
PZ35_Chen_1.pdb	CU	13.755226104993456
PZ35_Chen_1.pdb	CC	17.64509392055337
PZ35_Chen_1.pdb	AG	19.075074186687978
PZ35_Chen_1.pdb	CG	17.362627589310947
PZ35_Chen_1.pdb	GG	17.523396419076978
PZ35_Chen_1.pdb	GU	19.390149581955928
PZ35_Chen_1.pdb	CG	14.4342352430339
PZ35_Chen_1.pdb	GG	12.16071409100294
PZ35_Chen_1.pdb	CG	11.536464676718227
PZ35_Chen_1.pdb	AG	14.687432126239862
PZ35_Chen_1.pdb	GG	16.668648699162766
PZ35_Chen_1.pdb	CG	19.713313751181893
PZ35_Chen_1.pdb	GU	15.508245980537358
PZ35_Chen_1.pdb	GG	10.253968982879531
PZ35_Chen_1.pdb	CG	10.538442192055559
PZ35_Chen_1.pdb	GG	11.372317820473954
PZ35_Chen_1.pdb	AG	6.473655147580265
PZ35_Chen_1.pdb	AG	6.957647952491489
PZ35_Chen_1.pdb	GU	13.108691929205559
PZ35_Chen_1.pdb	GU	18.12669660014008
PZ35_Chen_1.pdb	CU	12.816167887211627
PZ35_Chen_1.pdb	GU	14.548459911758721
PZ35_Chen_1.pdb	UU	17.595540415039387
PZ35_Chen_1.pdb	CU	13.557380883115421
PZ35_Chen_1.pdb	GU	12.271142308854989
PZ35_Chen_1.pdb	CU	14.001072782327986
PZ35_Chen_1.pdb	AU	18.251077916236582
PZ35_Chen_1.pdb	UU	17.76102259585609
PZ35_Chen_1.pdb	CU	15.612831764374572
PZ35_Chen_1.pdb	AU	14.893758453999576
PZ35_Chen_1.pdb	GU	16.777808103252003
PZ35_Chen_1.pdb	CU	19.482125992875382
PZ35_Chen_1.pdb	UU	13.851869003476093
PZ35_Chen_1.pdb	GU	8.213125490748816
PZ35_Chen_1.pdb	CU	8.297023658552511
PZ35_Chen_1.pdb	GU	11.768867728075367
PZ35_Chen_1.pdb	AU	9.402226986842154
PZ35_Chen_1.pdb	AU	11.855618852551137
PZ35_Chen_1.pdb	UU	18.164410931086064
PZ35_Chen_1.pdb	GU	15.461935781571453
PZ35_Chen_1.pdb	UU	19.018506502816052
PZ35_Chen_1.pdb	CU	16.024259927580978
PZ35_Chen_1.pdb	GU	15.000266713374485
PZ35_Chen_1.pdb	CU	17.848826357901654
PZ35_Chen_1.pdb	UU	18.33800185892178
PZ35_Chen_1.pdb	GU	15.460549673692892
PZ35_Chen_1.pdb	UU	11.728662139982317
PZ35_Chen_1.pdb	CU	9.200959767381246
PZ35_Chen_1.pdb	AU	9.394947803492606
PZ35_Chen_1.pdb	GU	12.73700494268209
PZ35_Chen_1.pdb	CU	17.284299351739588
PZ35_Chen_1.pdb	CU	17.057714895951715
PZ35_Chen_1.pdb	UU	12.466015784734127
PZ35_Chen_1.pdb	GU	8.037565640013547
PZ35_Chen_1.pdb	CU	7.647339041456183
PZ35_Chen_1.pdb	GU	12.816619240520486
PZ35_Chen_1.pdb	AU	13.348401752841974
PZ35_Chen_1.pdb	AU	17.195580193302202
PZ35_Chen_1.pdb	CU	16.01253089800365
PZ35_Chen_1.pdb	CC	14.552925165966903
PZ35_Chen_1.pdb	CG	14.826955781847968
PZ35_Chen_1.pdb	CC	19.22124146718201
PZ35_Chen_1.pdb	CU	17.3811583163179
PZ35_Chen_1.pdb	CG	13.196336193857086
PZ35_Chen_1.pdb	CU	9.499037737472166
PZ35_Chen_1.pdb	CC	8.18678298725586
PZ35_Chen_1.pdb	AC	11.359157422768478
PZ35_Chen_1.pdb	CG	16.448581415871416
PZ35_Chen_1.pdb	CU	17.78336427909282
PZ35_Chen_1.pdb	CG	13.646811340786442
PZ35_Chen_1.pdb	CC	11.771380277313186
PZ35_Chen_1.pdb	CG	17.147228133989977
PZ35_Chen_1.pdb	AC	17.616792816223768
PZ35_Chen_1.pdb	AC	15.6679331583816
PZ35_Chen_1.pdb	AG	17.646249281779813
PZ35_Chen_1.pdb	AG	17.256931986550153
PZ35_Chen_1.pdb	AU	13.06623200882466
PZ35_Chen_1.pdb	AC	10.43430412425156
PZ35_Chen_1.pdb	AA	12.872797047545097
PZ35_Chen_1.pdb	AG	18.21738794365356
PZ35_Chen_1.pdb	AG	17.91435078856008
PZ35_Chen_1.pdb	AC	16.637711206929083
PZ35_Chen_1.pdb	CG	15.64521686529295
PZ35_Chen_1.pdb	CU	17.847060946361925
PZ35_Chen_1.pdb	CC	15.38800455529883
PZ35_Chen_1.pdb	AC	16.870414438044115
PZ35_Chen_1.pdb	CG	19.241078510010063
PZ35_Chen_1.pdb	CC	17.967116419614158
PZ35_Chen_1.pdb	CG	18.393016889698682
PZ35_Chen_1.pdb	CG	19.93612326339103
PZ35_Chen_1.pdb	CG	19.881599489416132
PZ35_Chen_1.pdb	CC	17.04460320978622
PZ35_Chen_1.pdb	CG	19.999076773338025
PZ35_Chen_1.pdb	AC	16.525561689216655
PZ35_Chen_1.pdb	AC	14.971073325659038
PZ35_Chen_1.pdb	CU	17.466683844052664
PZ35_Chen_1.pdb	CG	19.0739215038533
PZ35_Chen_1.pdb	GG	16.799910294982997
PZ35_Chen_1.pdb	CG	13.511441835167087
PZ35_Chen_1.pdb	GG	15.48815660015397
PZ35_Chen_1.pdb	AG	12.228493687579123
PZ35_Chen_1.pdb	AG	11.097290265887557
PZ35_Chen_1.pdb	GU	14.09377763640275
PZ35_Chen_1.pdb	GU	18.679571717260032
PZ35_Chen_1.pdb	CC	18.31197758692331
PZ35_Chen_1.pdb	CG	16.975297052074588
PZ35_Chen_1.pdb	CC	14.097890875992414
PZ35_Chen_1.pdb	CG	13.924501665714848
PZ35_Chen_1.pdb	AC	9.830349420321227
PZ35_Chen_1.pdb	AC	7.221341970698657
PZ35_Chen_1.pdb	CU	9.08990681704026
PZ35_Chen_1.pdb	CU	14.458276243388172
PZ35_Chen_1.pdb	CC	18.471527959469825
PZ35_Chen_1.pdb	AC	19.865383252574553
PZ35_Chen_1.pdb	AG	19.190717541763874
PZ35_Chen_1.pdb	AC	16.710994929055232
PZ35_Chen_1.pdb	AG	14.464503119111985
PZ35_Chen_1.pdb	AA	11.001395779459639
PZ35_Chen_1.pdb	AA	8.288588649411945
PZ35_Chen_1.pdb	AU	7.618830757955087
PZ35_Chen_1.pdb	AU	13.241694874980734
PZ35_Chen_1.pdb	AC	18.119067743110865
PZ35_Chen_1.pdb	GG	18.481225827436432
PZ35_Chen_1.pdb	CG	16.39438595600514
PZ35_Chen_1.pdb	GG	12.585841748361133
PZ35_Chen_1.pdb	AG	11.17824323023389
PZ35_Chen_1.pdb	AG	10.918418914242723
PZ35_Chen_1.pdb	GU	11.610189426448725
PZ35_Chen_1.pdb	GU	17.346911825779838
PZ35_Chen_1.pdb	CU	19.840428001722895
PZ35_Chen_1.pdb	CG	18.413896565153568
PZ35_Chen_1.pdb	CC	16.280490200737685
PZ35_Chen_1.pdb	CG	11.995502609289577
PZ35_Chen_1.pdb	AC	13.39465129374112
PZ35_Chen_1.pdb	AC	15.303825845995727
PZ35_Chen_1.pdb	CU	17.24760583240227
PZ35_Chen_1.pdb	CC	19.285278382595525
PZ35_Chen_1.pdb	CU	19.046607550360932
PZ35_Chen_1.pdb	CG	18.58864284948354
PZ35_Chen_1.pdb	CC	16.166202733440983
PZ35_Chen_1.pdb	CG	12.636899007302098
PZ35_Chen_1.pdb	AC	16.132138285816403
PZ35_Chen_1.pdb	AC	19.39445536247912
PZ35_Chen_1.pdb	CG	18.973435415585516
PZ35_Chen_1.pdb	CC	18.443737530497962
PZ35_Chen_1.pdb	CU	19.18097058459843
PZ35_Chen_1.pdb	CG	19.159308594448465
PZ35_Chen_1.pdb	CC	16.380780985954264
PZ35_Chen_1.pdb	CG	14.434660689432864
PZ35_Chen_1.pdb	AC	18.931322423057686
PZ35_Chen_1.pdb	CC	19.843312951498966
PZ35_Chen_1.pdb	CG	19.690180125560715
PZ35_Chen_1.pdb	CG	18.30890413128861
PZ35_Chen_1.pdb	CC	18.66445593727122
PZ35_Chen_1.pdb	CU	19.64445284197457
PZ35_Chen_1.pdb	CG	19.491468776056816
PZ35_Chen_1.pdb	CC	16.417537700436426
PZ35_Chen_1.pdb	CG	16.350765934619137
PZ35_Chen_1.pdb	CU	17.919747699074946
PZ35_Chen_1.pdb	CU	18.087459744140926
PZ35_Chen_1.pdb	GU	18.661247565063846
PZ35_Chen_1.pdb	GU	18.10971911701429
PZ35_Chen_1.pdb	CU	18.510734119670836
PZ35_Chen_1.pdb	UU	19.0415513135487
PZ35_Chen_1.pdb	GU	18.43369059605136
PZ35_Chen_1.pdb	CU	15.323168007121183
PZ35_Chen_1.pdb	GU	17.107123542437098
PZ35_Chen_1.pdb	CG	17.487453961897767
PZ35_Chen_1.pdb	CG	18.4024717920114
PZ35_Chen_1.pdb	GG	19.298300991026426
PZ35_Chen_1.pdb	GG	19.327214793320966
PZ35_Chen_1.pdb	CG	19.397583816958186
PZ35_Chen_1.pdb	GU	19.16330422760658
PZ35_Chen_1.pdb	GG	17.9674122866781
PZ35_Chen_1.pdb	CG	15.16536786409232
PZ35_Chen_1.pdb	GG	18.634801624833795
PZ35_Chen_1.pdb	CU	19.86189948516709
PZ35_Chen_1.pdb	CU	18.510671119020817
PZ35_Chen_1.pdb	CU	18.93838288319973
PZ35_Chen_1.pdb	GU	18.991376989425316
PZ35_Chen_1.pdb	GU	18.86141685614454
PZ35_Chen_1.pdb	CU	18.19218858288781
PZ35_Chen_1.pdb	UU	17.167486017845906
PZ35_Chen_1.pdb	GU	15.789464355673973
PZ35_Chen_1.pdb	CU	13.935812305812249
PZ35_Chen_1.pdb	GU	18.40871695189701
PZ35_Chen_1.pdb	CG	19.516677696841136
PZ35_Chen_1.pdb	CC	17.929754351259586
PZ35_Chen_1.pdb	CU	15.981806103169488
PZ35_Chen_1.pdb	CG	14.532286667168524
PZ35_Chen_1.pdb	CC	14.117349597909035
PZ35_Chen_1.pdb	CG	19.039900282723217
PZ35_Chen_1.pdb	AG	19.850546768080783
PZ35_Chen_1.pdb	AG	18.704259619087818
PZ35_Chen_1.pdb	AC	16.343474960114598
PZ35_Chen_1.pdb	AU	13.963617440826717
PZ35_Chen_1.pdb	AG	13.354510125330597
PZ35_Chen_1.pdb	AC	14.699885114802544
PZ35_Chen_1.pdb	AG	19.103809219988108
PZ35_Chen_1.pdb	GU	19.37938027256799
PZ35_Chen_1.pdb	GG	18.316818021646156
PZ35_Chen_1.pdb	GG	16.636924347282662
PZ35_Chen_1.pdb	CG	13.980507772816852
PZ35_Chen_1.pdb	GU	12.150283064571521
PZ35_Chen_1.pdb	GG	13.507106787978445
PZ35_Chen_1.pdb	CG	16.294374333345274
PZ35_Chen_1.pdb	GG	19.46027830324841
PZ35_Chen_1.pdb	CU	19.942244142929724
PZ35_Chen_1.pdb	CG	15.992948034947226
PZ35_Chen_1.pdb	CG	14.030586193300733
PZ35_Chen_1.pdb	CC	11.864985001190691
PZ35_Chen_1.pdb	CU	11.844163803328183
PZ35_Chen_1.pdb	CG	15.424990988848581
PZ35_Chen_1.pdb	CC	18.80410185861068
PZ35_Chen_1.pdb	CG	19.26212607969043
PZ35_Chen_1.pdb	CC	19.035132654748914
PZ35_Chen_1.pdb	CG	13.691889517437566
PZ35_Chen_1.pdb	CG	12.176834881940044
PZ35_Chen_1.pdb	CC	11.774234125395441
PZ35_Chen_1.pdb	CU	14.170208150961946
PZ35_Chen_1.pdb	CG	19.10619771407143
PZ35_Chen_1.pdb	AC	16.643730439895577
PZ35_Chen_1.pdb	AG	11.900799464012941
PZ35_Chen_1.pdb	AG	12.307385976862582
PZ35_Chen_1.pdb	AC	14.398986538403085
PZ35_Chen_1.pdb	AU	18.357183588602442
PZ35_Chen_1.pdb	AU	17.028294510027035
PZ35_Chen_1.pdb	CU	19.238243140235344
PZ35_Chen_1.pdb	CU	15.328221952313715
PZ35_Chen_1.pdb	GU	12.672385290594129
PZ35_Chen_1.pdb	GU	15.333963088882676
PZ35_Chen_1.pdb	CU	18.72516494661818
PZ35_Chen_1.pdb	CU	18.43300850343673
PZ35_Chen_1.pdb	GU	17.610187107217147
PZ35_Chen_1.pdb	GU	16.440751006198347
PZ35_Chen_1.pdb	CG	17.03821317865524
PZ35_Chen_1.pdb	CG	15.06275813389171
PZ35_Chen_1.pdb	GG	16.024119649177333
PZ35_Chen_1.pdb	CC	16.813366357968384
PZ35_Chen_1.pdb	CC	16.414456914376412
PZ35_Chen_1.pdb	CG	19.32164633791329
PZ35_Chen_1.pdb	AC	12.763055085785675
PZ35_Chen_1.pdb	AG	17.375916894695578
PZ35_Chen_1.pdb	CG	17.951154234033126
PZ35_Chen_1.pdb	GG	17.575482593255874
PZ35_Chen_1.pdb	CG	12.821703431736394
PZ35_Chen_1.pdb	AC	18.082680208877925
PZ35_Chen_1.pdb	AU	13.16522148217564
PZ35_Chen_1.pdb	AU	18.895709574357127
PZ35_Chen_1.pdb	AG	14.2092381627105
PZ35_Chen_1.pdb	CU	19.65959590848752
PZ35_Chen_1.pdb	CU	19.804985398315367
PZ35_Chen_1.pdb	GG	15.763382690661185
PZ35_Chen_1.pdb	GU	12.191447562451305
PZ35_Chen_1.pdb	GU	9.46177202926399
PZ35_Chen_1.pdb	CG	7.435942269768592
PZ35_Chen_1.pdb	AG	12.388311547415464
PZ35_Chen_1.pdb	CG	14.389644615873324
PZ35_Chen_1.pdb	GG	15.446644995100904
PZ35_Chen_1.pdb	GU	14.807470237799961
PZ35_Chen_1.pdb	CG	11.212898694796579
PZ35_Chen_1.pdb	GG	9.237299376792423
PZ35_Chen_1.pdb	CG	13.405141047711297
PZ35_Chen_1.pdb	AG	17.982586769204193
PZ35_Chen_1.pdb	GG	19.792606388307146
PZ35_Chen_1.pdb	CG	19.747032092382433
PZ35_Chen_1.pdb	CG	18.47099378083882
PZ35_Chen_1.pdb	CG	16.455225183900563
PZ35_Chen_1.pdb	GU	13.597610592829493
PZ35_Chen_1.pdb	GG	12.066680087109548
PZ35_Chen_1.pdb	GU	12.320218652504904
PZ35_Chen_1.pdb	CG	14.543388351089327
PZ35_Chen_1.pdb	AG	18.21462236178485
PZ35_Chen_1.pdb	GU	19.03526735344673
PZ35_Chen_1.pdb	GG	14.650609142398071
PZ35_Chen_1.pdb	CG	10.312236838418414
PZ35_Chen_1.pdb	GG	14.1027496926603
PZ35_Chen_1.pdb	AG	14.562746708086491
PZ35_Chen_1.pdb	AG	17.126362256833282
PZ35_Chen_1.pdb	GU	17.733856607399712
PZ35_Chen_1.pdb	GU	15.026267991848941
PZ35_Chen_1.pdb	CG	12.87141605672661
PZ35_Chen_1.pdb	AG	17.464870858079795
PZ35_Chen_1.pdb	CG	19.34896281170593
PZ35_Chen_1.pdb	GG	19.424677345268734
PZ35_Chen_1.pdb	GU	17.243671817381784
PZ35_Chen_1.pdb	CG	14.155350309164655
PZ35_Chen_1.pdb	GG	11.771258062347991
PZ35_Chen_1.pdb	CG	15.03884347011976
PZ35_Chen_1.pdb	AG	18.62198092301574
PZ35_Chen_1.pdb	CG	19.872798731641062
PZ35_Chen_1.pdb	CG	18.563394969791766
PZ35_Chen_1.pdb	CG	16.53612832277751
PZ35_Chen_1.pdb	CG	14.108837015780308
PZ35_Chen_1.pdb	GU	11.947901321453182
PZ35_Chen_1.pdb	GG	11.933503654656848
PZ35_Chen_1.pdb	GU	14.560419515285377
PZ35_Chen_1.pdb	CG	18.51035936939349
PZ35_Chen_1.pdb	GG	18.924252075679835
PZ35_Chen_1.pdb	CG	14.489428356345682
PZ35_Chen_1.pdb	GG	16.849728997690423
PZ35_Chen_1.pdb	AG	18.03708885591563
PZ35_Chen_1.pdb	CG	18.648717254833315
PZ35_Chen_1.pdb	CG	18.489431558834784
PZ35_Chen_1.pdb	GG	15.38020318744018
PZ35_Chen_1.pdb	CG	17.02309767989644
PZ35_Chen_1.pdb	AG	18.99314013355944
PZ35_Chen_1.pdb	GG	19.664645281152918
PZ35_Chen_1.pdb	CG	18.61921870054209
PZ35_Chen_1.pdb	CG	16.65977356084419
PZ35_Chen_1.pdb	CG	14.328044959858795
PZ35_Chen_1.pdb	CG	12.400481906953893
PZ35_Chen_1.pdb	GU	12.253116910888682
PZ35_Chen_1.pdb	GG	14.555744081253886
PZ35_Chen_1.pdb	GU	18.68189445834847
PZ35_Chen_1.pdb	CG	18.202451575821264
PZ35_Chen_1.pdb	GG	18.997860365782888
PZ35_Chen_1.pdb	AG	19.343820284989615
PZ35_Chen_1.pdb	GG	18.63414487185987
PZ35_Chen_1.pdb	CG	18.53077329071984
PZ35_Chen_1.pdb	AG	18.640833558204484
PZ35_Chen_1.pdb	GG	18.26279484701384
PZ35_Chen_1.pdb	CG	16.466203668383564
PZ35_Chen_1.pdb	CG	14.277237229887033
PZ35_Chen_1.pdb	CG	12.539588923726901
PZ35_Chen_1.pdb	CG	12.418411152717606
PZ35_Chen_1.pdb	GU	14.717718390013292
PZ35_Chen_1.pdb	GG	18.73614571479
PZ35_Chen_1.pdb	CG	18.564848846111396
PZ35_Chen_1.pdb	CG	19.623014923076063
PZ35_Chen_1.pdb	AG	17.85543347914186
PZ35_Chen_1.pdb	GG	16.391750618518227
PZ35_Chen_1.pdb	CG	14.145159619218513
PZ35_Chen_1.pdb	CG	12.49404529735042
PZ35_Chen_1.pdb	CG	12.513221927944596
PZ35_Chen_1.pdb	CG	14.74266352593845
PZ35_Chen_1.pdb	GU	18.62251382189317
PZ35_Chen_1.pdb	AC	19.815537928012038
PZ35_Chen_1.pdb	CC	19.593078952552208
PZ35_Chen_1.pdb	AC	16.174812322584913
PZ35_Chen_1.pdb	CG	14.097786638798093
PZ35_Chen_1.pdb	CC	12.392428787510404
PZ35_Chen_1.pdb	CC	12.628330500458015
PZ35_Chen_1.pdb	CC	14.98877579875469
PZ35_Chen_1.pdb	CC	18.786289901590134
PZ35_Chen_1.pdb	CC	18.405103072976235
PZ35_Chen_1.pdb	AC	13.8164147027414
PZ35_Chen_1.pdb	CG	12.199883603288066
PZ35_Chen_1.pdb	CC	12.48266543121336
PZ35_Chen_1.pdb	CC	15.115015843711785
PZ35_Chen_1.pdb	CC	18.979184900657966
PZ35_Chen_1.pdb	CU	19.891381958009674
PZ35_Chen_1.pdb	AC	16.402646747543745
PZ35_Chen_1.pdb	AA	11.560159367016684
PZ35_Chen_1.pdb	AG	11.907326881029725
PZ35_Chen_1.pdb	AC	14.673278364235738
PZ35_Chen_1.pdb	AC	18.76796878038561
PZ35_Chen_1.pdb	AA	19.64672544599465
PZ35_Chen_1.pdb	AU	16.053554784960745
PZ35_Chen_1.pdb	AU	19.17192807882913
PZ35_Chen_1.pdb	CG	19.514651795642223
PZ35_Chen_1.pdb	CC	15.225839096364407
PZ35_Chen_1.pdb	AC	11.856283502376792
PZ35_Chen_1.pdb	CG	14.684047807838313
PZ35_Chen_1.pdb	CC	18.58669751425295
PZ35_Chen_1.pdb	AC	19.396461362124963
PZ35_Chen_1.pdb	CU	14.78535594833146
PZ35_Chen_1.pdb	CU	16.686571105861795
PZ35_Chen_1.pdb	CC	18.690729842400277
PZ35_Chen_1.pdb	CU	19.717538658446536
PZ35_Chen_1.pdb	AG	19.56696233833846
PZ35_Chen_1.pdb	AG	19.606613746096155
PZ35_Chen_1.pdb	AC	16.517957139370836
PZ35_Chen_1.pdb	AA	15.093235402105767
PZ35_Chen_1.pdb	AG	19.241400885818553
PZ35_Chen_1.pdb	AU	16.564042575828637
PZ35_Chen_1.pdb	AU	17.091087418017636
PZ35_Chen_1.pdb	AC	17.341732305314014
PZ35_Chen_1.pdb	AU	17.570443391135704
PZ35_Chen_1.pdb	AG	17.37712750845665
PZ35_Chen_1.pdb	AC	16.00182373252612
PZ35_Chen_1.pdb	AU	14.314950513218774
PZ35_Chen_1.pdb	CG	18.810017782941717
PZ35_Chen_1.pdb	GG	18.033975706286796
PZ35_Chen_1.pdb	CG	16.662604270987252
PZ35_Chen_1.pdb	AG	17.32010390033242
PZ35_Chen_1.pdb	GU	18.51620817618355
PZ35_Chen_1.pdb	GU	19.00293284409502
PZ35_Chen_1.pdb	CG	18.41892477105884
PZ35_Chen_1.pdb	GU	17.581208781062912
PZ35_Chen_1.pdb	GG	16.191385286466318
PZ35_Chen_1.pdb	CG	14.162038281721935
PZ35_Chen_1.pdb	GU	12.94019481717787
PZ35_Chen_1.pdb	CU	17.057734469923545
PZ35_Chen_1.pdb	CC	16.42990578788128
PZ35_Chen_1.pdb	CG	17.34866435919858
PZ35_Chen_1.pdb	CC	17.39594992200058
PZ35_Chen_1.pdb	AC	19.680697186351832
PZ35_Chen_1.pdb	CU	19.548664311511207
PZ35_Chen_1.pdb	CU	19.380088220197905
PZ35_Chen_1.pdb	CC	17.852132620502395
PZ35_Chen_1.pdb	CU	16.137381573263156
PZ35_Chen_1.pdb	CG	14.095692270937073
PZ35_Chen_1.pdb	CC	12.505471659634944
PZ35_Chen_1.pdb	CU	13.156153350006008
PZ35_Chen_1.pdb	AG	19.244532666317177
PZ35_Chen_1.pdb	AU	14.846785466387749
PZ35_Chen_1.pdb	AC	15.130734475554377
PZ35_Chen_1.pdb	AG	17.405019354052975
PZ35_Chen_1.pdb	AC	18.167101458120445
PZ35_Chen_1.pdb	AU	19.5422603314497
PZ35_Chen_1.pdb	AU	18.479611612510382
PZ35_Chen_1.pdb	AC	16.161361495364876
PZ35_Chen_1.pdb	AU	14.035457103907685
PZ35_Chen_1.pdb	AG	12.305096955734834
PZ35_Chen_1.pdb	AC	12.533722074010997
PZ35_Chen_1.pdb	AU	15.49845288310202
PZ35_Chen_1.pdb	GG	17.903034873073086
PZ35_Chen_1.pdb	GU	15.150408663417963
PZ35_Chen_1.pdb	CG	15.382344152873848
PZ35_Chen_1.pdb	GG	18.124134450007357
PZ35_Chen_1.pdb	CG	18.86161568208397
PZ35_Chen_1.pdb	GU	18.764151263538736
PZ35_Chen_1.pdb	GU	16.764275803199368
PZ35_Chen_1.pdb	CG	14.00206908675347
PZ35_Chen_1.pdb	GU	12.241534891345763
PZ35_Chen_1.pdb	GG	12.098355162296448
PZ35_Chen_1.pdb	CG	14.697487063643903
PZ35_Chen_1.pdb	GU	19.136214730043243
PZ35_Chen_1.pdb	AG	17.9198063338228
PZ35_Chen_1.pdb	AU	16.897687850314707
PZ35_Chen_1.pdb	AC	16.14731678517626
PZ35_Chen_1.pdb	AG	18.446431748164485
PZ35_Chen_1.pdb	AC	18.677378201048036
PZ35_Chen_1.pdb	AA	19.162214222952883
PZ35_Chen_1.pdb	AU	16.984242604499993
PZ35_Chen_1.pdb	AU	14.466079249009336
PZ35_Chen_1.pdb	AC	12.184343799363912
PZ35_Chen_1.pdb	AU	12.123602108510893
PZ35_Chen_1.pdb	AG	14.335911913243653
PZ35_Chen_1.pdb	AC	18.477590510042862
PZ35_Chen_1.pdb	AU	19.501473621527026
PZ35_Chen_1.pdb	AG	18.562980078997416
PZ35_Chen_1.pdb	AU	18.75404808810272
PZ35_Chen_1.pdb	AC	16.537175294299743
PZ35_Chen_1.pdb	AG	17.71427031397154
PZ35_Chen_1.pdb	AC	17.169378663076998
PZ35_Chen_1.pdb	AA	15.484929438360467
PZ35_Chen_1.pdb	AU	14.157814387647152
PZ35_Chen_1.pdb	AU	12.07714664664762
PZ35_Chen_1.pdb	AC	11.745965722426199
PZ35_Chen_1.pdb	AU	14.194339068917092
PZ35_Chen_1.pdb	AG	18.14267411319373
PZ35_Chen_1.pdb	GG	19.578494643603655
PZ35_Chen_1.pdb	CG	16.67189742736418
PZ35_Chen_1.pdb	GG	16.316866923892864
PZ35_Chen_1.pdb	CG	14.883473772437844
PZ35_Chen_1.pdb	AG	17.22946552055565
PZ35_Chen_1.pdb	AG	15.629070988894625
PZ35_Chen_1.pdb	AG	10.984401933672606
PZ35_Chen_1.pdb	GU	11.198366253748699
PZ35_Chen_1.pdb	GU	10.990569888326332
PZ35_Chen_1.pdb	CG	13.40568335755819
PZ35_Chen_1.pdb	GU	17.645974566788023
PZ35_Chen_1.pdb	CC	19.865296574676815
PZ35_Chen_1.pdb	CC	19.5828208833376
PZ35_Chen_1.pdb	CG	19.42957564566416
PZ35_Chen_1.pdb	CC	15.853181634748372
PZ35_Chen_1.pdb	CG	14.153909162004993
PZ35_Chen_1.pdb	CC	12.518349748512696
PZ35_Chen_1.pdb	AC	14.785557854734016
PZ35_Chen_1.pdb	CG	17.617183651225226
PZ35_Chen_1.pdb	CG	16.259629192123036
PZ35_Chen_1.pdb	CC	16.154562529763766
PZ35_Chen_1.pdb	CG	16.163614922342568
PZ35_Chen_1.pdb	AC	10.296494141345994
PZ35_Chen_1.pdb	AC	6.891948906706837
PZ35_Chen_1.pdb	CU	10.476940324456704
PZ35_Chen_1.pdb	CU	13.267036421531738
PZ35_Chen_1.pdb	CC	17.359302429749658
PZ35_Chen_1.pdb	AG	17.512944786853595
PZ35_Chen_1.pdb	CG	16.690306533228718
PZ35_Chen_1.pdb	GG	17.853694304993372
PZ35_Chen_1.pdb	GU	19.44595137373713
PZ35_Chen_1.pdb	CG	14.41592370429463
PZ35_Chen_1.pdb	GG	12.109674465433413
PZ35_Chen_1.pdb	CG	11.726471901693467
PZ35_Chen_1.pdb	AG	14.812479787305378
PZ35_Chen_1.pdb	GG	16.749412753594093
PZ35_Chen_1.pdb	CG	19.719362424394273
PZ35_Chen_1.pdb	AG	19.97132915293298
PZ35_Chen_1.pdb	GU	16.306747163182244
PZ35_Chen_1.pdb	GG	10.82056931407438
PZ35_Chen_1.pdb	CG	10.607609835866992
PZ35_Chen_1.pdb	GG	11.65437446452871
PZ35_Chen_1.pdb	AG	6.629231540553537
PZ35_Chen_1.pdb	AG	7.051284907708102
PZ35_Chen_1.pdb	GU	13.366158833783004
PZ35_Chen_1.pdb	GU	17.851000705050268
PZ35_Chen_1.pdb	CU	12.456943448060944
PZ35_Chen_1.pdb	GU	15.161048044258314
PZ35_Chen_1.pdb	UU	17.659675607058723
PZ35_Chen_1.pdb	CU	13.388527578158316
PZ35_Chen_1.pdb	GU	11.981032543444217
PZ35_Chen_1.pdb	CU	14.017580628022724
PZ35_Chen_1.pdb	AU	18.225800757121284
PZ35_Chen_1.pdb	GU	19.953891259542477
PZ35_Chen_1.pdb	UU	17.703588144231972
PZ35_Chen_1.pdb	CU	15.302674527410392
PZ35_Chen_1.pdb	AU	14.719747289575368
PZ35_Chen_1.pdb	GU	17.000577756904693
PZ35_Chen_1.pdb	UU	14.666997125594323
PZ35_Chen_1.pdb	GU	8.872961640760808
PZ35_Chen_1.pdb	CU	7.923455103173402
PZ35_Chen_1.pdb	GU	11.835429568371119
PZ35_Chen_1.pdb	AU	9.380725833615855
PZ35_Chen_1.pdb	AU	11.94418019950241
PZ35_Chen_1.pdb	UU	18.37309415351623
PZ35_Chen_1.pdb	GU	16.17216400290258
PZ35_Chen_1.pdb	UU	18.655298890720086
PZ35_Chen_1.pdb	CU	15.176614574576892
PZ35_Chen_1.pdb	GU	13.91746910724727
PZ35_Chen_1.pdb	CU	17.075997317949522
PZ35_Chen_1.pdb	UU	17.347123034444643
PZ35_Chen_1.pdb	GU	14.739126676182698
PZ35_Chen_1.pdb	UU	11.573909016649713
PZ35_Chen_1.pdb	CU	9.373786547387512
PZ35_Chen_1.pdb	AU	10.269969636908483
PZ35_Chen_1.pdb	GU	14.013979762871136
PZ35_Chen_1.pdb	CU	18.59461542685343
PZ35_Chen_1.pdb	CU	17.82808008533573
PZ35_Chen_1.pdb	UU	13.457406685475211
PZ35_Chen_1.pdb	GU	8.746770385361906
PZ35_Chen_1.pdb	CU	6.806524751851773
PZ35_Chen_1.pdb	GU	12.470433758913005
PZ35_Chen_1.pdb	AU	12.856793754671603
PZ35_Chen_1.pdb	AU	16.747673345163207
PZ35_Chen_1.pdb	CU	15.017966436045675
PZ35_Chen_1.pdb	CC	12.83762662591251
PZ35_Chen_1.pdb	CG	13.052642004332256
PZ35_Chen_1.pdb	CC	17.68009959903777
PZ35_Chen_1.pdb	CU	17.590258156904223
PZ35_Chen_1.pdb	CG	13.88497800913944
PZ35_Chen_1.pdb	CU	10.766444256375706
PZ35_Chen_1.pdb	CC	9.937344151615184
PZ35_Chen_1.pdb	AC	12.920982799962006
PZ35_Chen_1.pdb	CG	17.869013936869887
PZ35_Chen_1.pdb	CU	18.437200071922856
PZ35_Chen_1.pdb	CG	13.860323608041773
PZ35_Chen_1.pdb	CC	10.955370794476865
PZ35_Chen_1.pdb	CG	16.430910692349883
PZ35_Chen_1.pdb	AC	16.372883484255915
PZ35_Chen_1.pdb	AC	19.2080092141373
PZ35_Chen_1.pdb	AC	14.510491898578541
PZ35_Chen_1.pdb	AG	16.46218340722154
PZ35_Chen_1.pdb	AG	17.8962504862354
PZ35_Chen_1.pdb	AU	13.767480406860246
PZ35_Chen_1.pdb	AC	11.477369069802915
PZ35_Chen_1.pdb	AA	13.702178519369768
PZ35_Chen_1.pdb	AG	18.92439794494613
PZ35_Chen_1.pdb	AG	17.72904502911505
PZ35_Chen_1.pdb	AC	15.640036596608935
PZ35_Chen_1.pdb	CG	15.181521180762626
PZ35_Chen_1.pdb	CU	19.01793561427318
PZ35_Chen_1.pdb	CC	16.93197032439234
PZ35_Chen_1.pdb	AC	18.428260741457652
PZ35_Chen_1.pdb	CC	18.068760060898207
PZ35_Chen_1.pdb	CG	18.647346042861734
PZ35_Chen_1.pdb	CC	16.9380985312538
PZ35_Chen_1.pdb	CG	19.752867087466527
PZ35_Chen_1.pdb	AC	16.386101597527006
PZ35_Chen_1.pdb	AC	14.935012666526704
PZ35_Chen_1.pdb	CU	17.26867388478578
PZ35_Chen_1.pdb	CG	18.905585846649082
PZ35_Chen_1.pdb	GG	17.09868817474194
PZ35_Chen_1.pdb	CG	13.439201442270113
PZ35_Chen_1.pdb	GG	15.148570632580052
PZ35_Chen_1.pdb	AG	12.038740027217663
PZ35_Chen_1.pdb	AG	11.055788037722166
PZ35_Chen_1.pdb	GU	13.945416472109489
PZ35_Chen_1.pdb	GU	18.68230741842857
PZ35_Chen_1.pdb	CC	18.298729495548695
PZ35_Chen_1.pdb	CG	17.351695845105564
PZ35_Chen_1.pdb	CC	14.355142723646908
PZ35_Chen_1.pdb	CG	13.774429680607007
PZ35_Chen_1.pdb	AC	9.879779448682367
PZ35_Chen_1.pdb	AC	7.327031619055417
PZ35_Chen_1.pdb	CU	8.928146690988926
PZ35_Chen_1.pdb	CU	14.506599749402609
PZ35_Chen_1.pdb	CC	18.461133125009457
PZ35_Chen_1.pdb	AC	19.84020328963214
PZ35_Chen_1.pdb	AG	19.315877408245182
PZ35_Chen_1.pdb	AC	17.005827586382463
PZ35_Chen_1.pdb	AG	14.276954138550503
PZ35_Chen_1.pdb	AA	11.0384598292741
PZ35_Chen_1.pdb	AA	8.318432162062011
PZ35_Chen_1.pdb	AU	7.423919275115239
PZ35_Chen_1.pdb	AU	13.42452461800561
PZ35_Chen_1.pdb	AC	18.201310265834078
PZ35_Chen_1.pdb	GG	18.343743388160856
PZ35_Chen_1.pdb	CG	16.69944934551041
PZ35_Chen_1.pdb	GG	12.34965303260363
PZ35_Chen_1.pdb	AG	11.1566593895898
PZ35_Chen_1.pdb	AG	10.85992188041514
PZ35_Chen_1.pdb	GU	11.496839499893577
PZ35_Chen_1.pdb	GU	17.477212692975954
PZ35_Chen_1.pdb	CU	19.20240845768031
PZ35_Chen_1.pdb	CG	17.99918278188337
PZ35_Chen_1.pdb	CC	16.53183846700979
PZ35_Chen_1.pdb	CG	11.605436848517007
PZ35_Chen_1.pdb	AC	13.252064202661852
PZ35_Chen_1.pdb	AC	15.175296335535242
PZ35_Chen_1.pdb	CU	17.115009241978584
PZ35_Chen_1.pdb	CC	18.61914630682153
PZ35_Chen_1.pdb	CU	18.20808345367018
PZ35_Chen_1.pdb	CG	18.14577467094207
PZ35_Chen_1.pdb	CC	16.48563430626326
PZ35_Chen_1.pdb	CG	12.262476544228017
PZ35_Chen_1.pdb	AC	16.041055389028095
PZ35_Chen_1.pdb	AC	19.351994524566663
PZ35_Chen_1.pdb	CG	18.339188267862387
PZ35_Chen_1.pdb	CC	17.56987651176033
PZ35_Chen_1.pdb	CU	18.279167298831187
PZ35_Chen_1.pdb	CG	18.731498617826894
PZ35_Chen_1.pdb	CC	16.635556259885725
PZ35_Chen_1.pdb	CG	14.048539941331537
PZ35_Chen_1.pdb	AC	18.81409779679134
PZ35_Chen_1.pdb	CG	19.076774305263662
PZ35_Chen_1.pdb	CG	17.465233440625145
PZ35_Chen_1.pdb	CC	17.71091631320121
PZ35_Chen_1.pdb	CU	18.79043557918932
PZ35_Chen_1.pdb	CG	19.112269175834324
PZ35_Chen_1.pdb	CC	16.5375667782516
PZ35_Chen_1.pdb	CG	15.949323779577288
PZ35_Chen_1.pdb	CU	18.45088282301913
PZ35_Chen_1.pdb	CU	18.15938003105781
PZ35_Chen_1.pdb	GU	17.94976246837348
PZ35_Chen_1.pdb	GU	17.26894103328102
PZ35_Chen_1.pdb	CU	17.610365153887145
PZ35_Chen_1.pdb	UU	18.2581084415117
PZ35_Chen_1.pdb	GU	18.0235415186241
PZ35_Chen_1.pdb	CU	15.161035637648551
PZ35_Chen_1.pdb	GU	16.610270976861276
PZ35_Chen_1.pdb	CG	17.782536589379752
PZ35_Chen_1.pdb	CG	18.453156098201223
PZ35_Chen_1.pdb	GG	18.897021730487705
PZ35_Chen_1.pdb	GG	19.014503484876602
PZ35_Chen_1.pdb	CG	19.136050833902534
PZ35_Chen_1.pdb	GU	19.04117039364706
PZ35_Chen_1.pdb	GG	18.053516652460306
PZ35_Chen_1.pdb	CG	15.173276860125235
PZ35_Chen_1.pdb	GG	18.5703289470016
PZ35_Chen_1.pdb	CU	18.840809801074553
PZ35_Chen_1.pdb	CU	19.256198303653594
PZ35_Chen_1.pdb	GU	19.132940577995008
PZ35_Chen_1.pdb	GU	19.23562287832227
PZ35_Chen_1.pdb	CU	18.67548784757798
PZ35_Chen_1.pdb	UU	17.771140584025776
PZ35_Chen_1.pdb	GU	16.39195196043468
PZ35_Chen_1.pdb	CU	14.18849271305528
PZ35_Chen_1.pdb	GU	18.828551713542055
PZ35_Chen_1.pdb	CG	19.738548881184098
PZ35_Chen_1.pdb	CG	19.368427788277614
PZ35_Chen_1.pdb	CC	17.861391105356734
PZ35_Chen_1.pdb	CU	16.05358518549166
PZ35_Chen_1.pdb	CG	14.526313972791916
PZ35_Chen_1.pdb	CC	13.631495616339285
PZ35_Chen_1.pdb	CG	18.847979348750364
PZ35_Chen_1.pdb	AG	19.595896136520633
PZ35_Chen_1.pdb	AG	18.56834165821226
PZ35_Chen_1.pdb	AC	16.248797014708426
PZ35_Chen_1.pdb	AU	13.95343158265673
PZ35_Chen_1.pdb	AG	13.120186501792654
PZ35_Chen_1.pdb	AC	14.049365070567937
PZ35_Chen_1.pdb	AG	18.814580448459388
PZ35_Chen_1.pdb	GU	19.207801708506718
PZ35_Chen_1.pdb	GG	18.114534774887503
PZ35_Chen_1.pdb	GG	16.537136283526483
PZ35_Chen_1.pdb	CG	13.92001806760952
PZ35_Chen_1.pdb	GU	12.147554206850407
PZ35_Chen_1.pdb	GG	13.24919073335363
PZ35_Chen_1.pdb	CG	15.822734095428059
PZ35_Chen_1.pdb	GG	19.30043975387461
PZ35_Chen_1.pdb	CU	19.77943646875268
PZ35_Chen_1.pdb	CG	15.915086646750872
PZ35_Chen_1.pdb	CG	13.961516050648147
PZ35_Chen_1.pdb	CC	11.765387349517841
PZ35_Chen_1.pdb	CU	11.729743742793078
PZ35_Chen_1.pdb	CG	15.128969266319052
PZ35_Chen_1.pdb	CC	18.519054315268125
PZ35_Chen_1.pdb	CG	19.29303261177448
PZ35_Chen_1.pdb	CC	19.03009476040412
PZ35_Chen_1.pdb	CG	13.679504682343726
PZ35_Chen_1.pdb	CG	12.087970439199207
PZ35_Chen_1.pdb	CC	11.613401632674083
PZ35_Chen_1.pdb	CU	13.976911814483321
PZ35_Chen_1.pdb	CG	18.821280966581966
PZ35_Chen_1.pdb	AC	16.68045825401576
PZ35_Chen_1.pdb	AG	12.104905076806197
PZ35_Chen_1.pdb	AG	12.434652466336281
PZ35_Chen_1.pdb	AC	14.436371128314583
PZ35_Chen_1.pdb	AU	18.328720522149617
PZ35_Chen_1.pdb	AU	16.966189454538014
PZ35_Chen_1.pdb	CU	19.236405999740388
PZ35_Chen_1.pdb	CU	15.296977397857138
PZ35_Chen_1.pdb	GU	12.908766683616491
PZ35_Chen_1.pdb	GU	15.463387234611572
PZ35_Chen_1.pdb	CU	18.738292718637094
PZ35_Chen_1.pdb	CU	18.48789229519727
PZ35_Chen_1.pdb	GU	17.936297897984648
PZ35_Chen_1.pdb	GU	16.629902523585745
PZ35_Chen_1.pdb	CG	17.15529151536814
PZ35_Chen_1.pdb	CG	15.16667993307915
PZ35_Chen_1.pdb	GG	16.415935748999452
PZ35_Chen_1.pdb	CC	16.622858561652265
PZ35_Chen_1.pdb	CC	16.178372313964758
PZ35_Chen_1.pdb	CG	19.37801268059927
PZ35_Chen_1.pdb	AC	12.527430529046732
PZ35_Chen_1.pdb	AG	17.402710079263706
PZ35_Chen_1.pdb	CG	18.293331842959244
PZ35_Chen_1.pdb	GG	18.009553576985976
PZ35_Chen_1.pdb	CG	13.217715940027805
PZ35_Chen_1.pdb	AC	18.490351787621094
PZ35_Chen_1.pdb	AU	13.432487046474101
PZ35_Chen_1.pdb	AU	19.26144590596934
PZ35_Chen_1.pdb	AG	14.467242431299068
PZ35_Chen_1.pdb	CU	19.938087081622207
PZ35_Chen_1.pdb	CU	19.965588692911087
PZ35_Dfold2_1.pdb	GG	19.850855918527827
PZ35_Dfold2_1.pdb	AG	19.49748400195352
PZ35_Dfold2_1.pdb	GG	16.598397830831107
PZ35_Dfold2_1.pdb	AG	16.711012369509362
PZ35_Dfold2_1.pdb	AG	17.305956918473075
PZ35_Dfold2_1.pdb	GG	19.56163831284935
PZ35_Dfold2_1.pdb	CG	19.26947146412476
PZ35_Dfold2_1.pdb	GG	18.7420272208289
PZ35_Dfold2_1.pdb	GU	17.101621012741287
PZ35_Dfold2_1.pdb	GU	15.681352441871983
PZ35_Dfold2_1.pdb	CG	13.902393983690759
PZ35_Dfold2_1.pdb	AG	13.664431995023802
PZ35_Dfold2_1.pdb	CG	17.52525374932491
PZ35_Dfold2_1.pdb	GU	18.257650548142884
PZ35_Dfold2_1.pdb	GG	12.920678702558623
PZ35_Dfold2_1.pdb	CG	7.751027731239516
PZ35_Dfold2_1.pdb	GU	6.273197378776514
PZ35_Dfold2_1.pdb	CG	19.823461687246954
PZ35_Dfold2_1.pdb	AG	16.631436065544534
PZ35_Dfold2_1.pdb	GG	15.030796036741762
PZ35_Dfold2_1.pdb	AG	16.46168903790596
PZ35_Dfold2_1.pdb	AG	17.52383199046696
PZ35_Dfold2_1.pdb	GG	19.36323330552808
PZ35_Dfold2_1.pdb	CG	18.719705363892206
PZ35_Dfold2_1.pdb	GG	17.546646887892027
PZ35_Dfold2_1.pdb	GU	15.262180958744725
PZ35_Dfold2_1.pdb	GU	13.468016089090469
PZ35_Dfold2_1.pdb	CG	12.528535603806812
PZ35_Dfold2_1.pdb	AG	14.57371307366229
PZ35_Dfold2_1.pdb	CG	19.337735375314235
PZ35_Dfold2_1.pdb	GG	15.646373336240822
PZ35_Dfold2_1.pdb	CG	10.856406518314765
PZ35_Dfold2_1.pdb	GU	6.836918253689634
PZ35_Dfold2_1.pdb	CG	18.31255266188275
PZ35_Dfold2_1.pdb	AG	16.353353146217128
PZ35_Dfold2_1.pdb	GG	15.971012489326364
PZ35_Dfold2_1.pdb	AG	17.910030502124474
PZ35_Dfold2_1.pdb	AG	18.56497338162312
PZ35_Dfold2_1.pdb	GG	19.30808838301631
PZ35_Dfold2_1.pdb	CG	17.914245991934727
PZ35_Dfold2_1.pdb	GG	15.888764164038028
PZ35_Dfold2_1.pdb	GU	13.075366812197391
PZ35_Dfold2_1.pdb	GU	11.355686309803215
PZ35_Dfold2_1.pdb	CG	12.073314982196639
PZ35_Dfold2_1.pdb	AG	16.017651301225648
PZ35_Dfold2_1.pdb	GG	18.041102166102988
PZ35_Dfold2_1.pdb	CG	14.361032768393224
PZ35_Dfold2_1.pdb	GU	10.490924473831756
PZ35_Dfold2_1.pdb	CG	17.62574453041998
PZ35_Dfold2_1.pdb	AG	17.321662462033153
PZ35_Dfold2_1.pdb	GG	17.423788136592776
PZ35_Dfold2_1.pdb	AG	19.060204056713463
PZ35_Dfold2_1.pdb	AG	18.894121817410646
PZ35_Dfold2_1.pdb	GG	18.384838813568628
PZ35_Dfold2_1.pdb	CG	16.380290932171054
PZ35_Dfold2_1.pdb	GG	13.93094735339717
PZ35_Dfold2_1.pdb	GU	11.505250576871804
PZ35_Dfold2_1.pdb	GU	11.17599962272044
PZ35_Dfold2_1.pdb	CG	13.975991296473985
PZ35_Dfold2_1.pdb	AG	18.610820958152836
PZ35_Dfold2_1.pdb	AG	19.650838498603306
PZ35_Dfold2_1.pdb	AG	18.830452284953985
PZ35_Dfold2_1.pdb	GU	19.388707146487544
PZ35_Dfold2_1.pdb	GG	19.8782349882281
PZ35_Dfold2_1.pdb	CG	17.235731013886454
PZ35_Dfold2_1.pdb	GU	13.987622142535445
PZ35_Dfold2_1.pdb	CG	19.087845734491616
PZ35_Dfold2_1.pdb	GG	18.665386611199846
PZ35_Dfold2_1.pdb	CG	16.53135903236115
PZ35_Dfold2_1.pdb	AG	17.46911493067992
PZ35_Dfold2_1.pdb	GG	17.437561179072734
PZ35_Dfold2_1.pdb	AG	18.34192102454661
PZ35_Dfold2_1.pdb	AG	17.376953926247353
PZ35_Dfold2_1.pdb	GG	15.872908393630198
PZ35_Dfold2_1.pdb	CG	14.027603346604016
PZ35_Dfold2_1.pdb	GG	12.42670652178391
PZ35_Dfold2_1.pdb	GU	12.051437292177306
PZ35_Dfold2_1.pdb	GU	14.034273271978426
PZ35_Dfold2_1.pdb	CG	18.04448520847208
PZ35_Dfold2_1.pdb	AG	19.832990848191812
PZ35_Dfold2_1.pdb	GU	19.51316909327156
PZ35_Dfold2_1.pdb	CG	19.074079565650326
PZ35_Dfold2_1.pdb	GU	16.19608846762511
PZ35_Dfold2_1.pdb	AC	16.31382423760143
PZ35_Dfold2_1.pdb	CG	15.907246019533533
PZ35_Dfold2_1.pdb	CC	15.733152001423173
PZ35_Dfold2_1.pdb	AC	17.584751520976393
PZ35_Dfold2_1.pdb	CG	17.16622478951358
PZ35_Dfold2_1.pdb	AC	17.10820469793784
PZ35_Dfold2_1.pdb	AC	15.520258259044217
PZ35_Dfold2_1.pdb	CG	13.380020089765413
PZ35_Dfold2_1.pdb	CC	12.792513691059744
PZ35_Dfold2_1.pdb	CG	13.347887526219917
PZ35_Dfold2_1.pdb	CU	15.443964606287334
PZ35_Dfold2_1.pdb	CU	18.95673279054322
PZ35_Dfold2_1.pdb	CU	18.520710355767424
PZ35_Dfold2_1.pdb	CG	14.962716179306183
PZ35_Dfold2_1.pdb	CC	16.404164238284636
PZ35_Dfold2_1.pdb	AC	18.5795523358357
PZ35_Dfold2_1.pdb	CG	17.749984437794556
PZ35_Dfold2_1.pdb	AC	16.840728086627838
PZ35_Dfold2_1.pdb	AC	14.880308199722137
PZ35_Dfold2_1.pdb	CG	12.550740075736003
PZ35_Dfold2_1.pdb	CC	13.386892325043203
PZ35_Dfold2_1.pdb	CG	15.609158372271889
PZ35_Dfold2_1.pdb	CU	18.983941444396912
PZ35_Dfold2_1.pdb	AC	15.587906185749345
PZ35_Dfold2_1.pdb	AA	17.81096283226816
PZ35_Dfold2_1.pdb	AG	16.800949905966675
PZ35_Dfold2_1.pdb	AA	15.51182482214015
PZ35_Dfold2_1.pdb	AA	14.288337559753685
PZ35_Dfold2_1.pdb	AG	13.253650192069983
PZ35_Dfold2_1.pdb	AC	16.125103657007916
PZ35_Dfold2_1.pdb	AG	19.683067801401194
PZ35_Dfold2_1.pdb	AC	15.209455244639091
PZ35_Dfold2_1.pdb	CG	14.3290318475977
PZ35_Dfold2_1.pdb	AC	13.42553488800424
PZ35_Dfold2_1.pdb	AC	14.04195771025436
PZ35_Dfold2_1.pdb	CG	15.128750011236658
PZ35_Dfold2_1.pdb	CC	19.29623697161582
PZ35_Dfold2_1.pdb	AG	12.657013221373978
PZ35_Dfold2_1.pdb	AA	13.70814364440683
PZ35_Dfold2_1.pdb	AA	16.392021229324246
PZ35_Dfold2_1.pdb	AG	18.729315074696743
PZ35_Dfold2_1.pdb	AG	16.26135018043882
PZ35_Dfold2_1.pdb	AG	19.451527822141472
PZ35_Dfold2_1.pdb	AC	18.31554301574962
PZ35_Dfold2_1.pdb	CU	19.00572390540243
PZ35_Dfold2_1.pdb	AG	19.686350283224993
PZ35_Dfold2_1.pdb	AU	14.891850022123057
PZ35_Dfold2_1.pdb	CG	19.136361556585904
PZ35_Dfold2_1.pdb	CG	17.205168753506147
PZ35_Dfold2_1.pdb	GU	11.23071587736126
PZ35_Dfold2_1.pdb	AG	19.59723476469084
PZ35_Dfold2_1.pdb	AC	14.89470306452307
PZ35_Dfold2_1.pdb	AU	10.7376841079457
PZ35_Dfold2_1.pdb	AU	18.913817474916456
PZ35_Dfold2_1.pdb	AU	19.376285772381685
PZ35_Dfold2_1.pdb	AG	16.429918014473206
PZ35_Dfold2_1.pdb	AC	12.843290557547203
PZ35_Dfold2_1.pdb	AU	11.373646169927346
PZ35_Dfold2_1.pdb	CG	18.064299036254233
PZ35_Dfold2_1.pdb	GU	16.548507709218217
PZ35_Dfold2_1.pdb	GG	15.302837333402042
PZ35_Dfold2_1.pdb	CG	13.823077534482335
PZ35_Dfold2_1.pdb	GU	14.13811361406257
PZ35_Dfold2_1.pdb	CC	19.982588066332735
PZ35_Dfold2_1.pdb	CU	18.19900213475406
PZ35_Dfold2_1.pdb	CU	14.896733808262956
PZ35_Dfold2_1.pdb	CC	12.869622828671925
PZ35_Dfold2_1.pdb	CU	12.564489162433416
PZ35_Dfold2_1.pdb	CG	12.821383175357045
PZ35_Dfold2_1.pdb	CC	13.248121141852568
PZ35_Dfold2_1.pdb	CU	14.973610256427358
PZ35_Dfold2_1.pdb	AG	17.24595711665381
PZ35_Dfold2_1.pdb	CG	18.164273331266465
PZ35_Dfold2_1.pdb	GG	19.01463881228557
PZ35_Dfold2_1.pdb	AG	16.226734324516514
PZ35_Dfold2_1.pdb	GU	12.701116920050165
PZ35_Dfold2_1.pdb	GU	10.095342833979785
PZ35_Dfold2_1.pdb	CG	9.439983366466288
PZ35_Dfold2_1.pdb	GU	10.841739888568991
PZ35_Dfold2_1.pdb	GG	12.143261876110962
PZ35_Dfold2_1.pdb	CG	13.710464488667162
PZ35_Dfold2_1.pdb	GU	15.842138792920622
PZ35_Dfold2_1.pdb	CU	14.877083683762994
PZ35_Dfold2_1.pdb	GU	16.320810525009186
PZ35_Dfold2_1.pdb	UU	17.366123088578057
PZ35_Dfold2_1.pdb	CU	19.630094639113565
PZ35_Dfold2_1.pdb	GU	18.60809699512929
PZ35_Dfold2_1.pdb	AU	14.832086902133993
PZ35_Dfold2_1.pdb	AU	11.8889360975571
PZ35_Dfold2_1.pdb	UU	9.735170057106112
PZ35_Dfold2_1.pdb	UU	9.102087716324633
PZ35_Dfold2_1.pdb	CU	9.968600035793607
PZ35_Dfold2_1.pdb	UU	11.740980236008019
PZ35_Dfold2_1.pdb	GU	12.545341984001343
PZ35_Dfold2_1.pdb	CU	14.017218658879024
PZ35_Dfold2_1.pdb	UU	15.847041204958117
PZ35_Dfold2_1.pdb	GU	15.29852844705814
PZ35_Dfold2_1.pdb	UU	16.449135554757383
PZ35_Dfold2_1.pdb	CU	18.00209784989422
PZ35_Dfold2_1.pdb	GU	19.189348561462104
PZ35_Dfold2_1.pdb	CU	16.95807697811993
PZ35_Dfold2_1.pdb	GU	14.002488181394662
PZ35_Dfold2_1.pdb	AU	11.524220991283915
PZ35_Dfold2_1.pdb	AU	10.784219161161136
PZ35_Dfold2_1.pdb	UU	10.937779694300872
PZ35_Dfold2_1.pdb	UU	12.024792154776346
PZ35_Dfold2_1.pdb	CU	13.2579124515182
PZ35_Dfold2_1.pdb	UU	14.364227721489447
PZ35_Dfold2_1.pdb	GU	14.125980543868291
PZ35_Dfold2_1.pdb	CU	14.99247806024776
PZ35_Dfold2_1.pdb	UU	16.317755831735578
PZ35_Dfold2_1.pdb	CU	16.504952789588817
PZ35_Dfold2_1.pdb	CC	18.098068736092213
PZ35_Dfold2_1.pdb	CU	17.71967568313643
PZ35_Dfold2_1.pdb	CG	15.04240915603874
PZ35_Dfold2_1.pdb	CC	13.908439938777354
PZ35_Dfold2_1.pdb	CG	12.686951284027904
PZ35_Dfold2_1.pdb	AC	12.536984967061708
PZ35_Dfold2_1.pdb	AC	13.756386180847874
PZ35_Dfold2_1.pdb	CU	14.613250373006442
PZ35_Dfold2_1.pdb	CU	15.570887953345494
PZ35_Dfold2_1.pdb	CC	16.017561964673067
PZ35_Dfold2_1.pdb	CU	15.8852628580349
PZ35_Dfold2_1.pdb	CG	14.547258649469121
PZ35_Dfold2_1.pdb	CC	15.040854972934527
PZ35_Dfold2_1.pdb	CU	16.559289900625682
PZ35_Dfold2_1.pdb	AC	17.273246074324664
PZ35_Dfold2_1.pdb	AG	19.996394503347346
PZ35_Dfold2_1.pdb	AG	18.428248188501
PZ35_Dfold2_1.pdb	AC	16.234306914904757
PZ35_Dfold2_1.pdb	AU	15.255264286875965
PZ35_Dfold2_1.pdb	AG	14.531676649597056
PZ35_Dfold2_1.pdb	AC	15.228739464573513
PZ35_Dfold2_1.pdb	AG	15.266062366306107
PZ35_Dfold2_1.pdb	AA	15.699409818185883
PZ35_Dfold2_1.pdb	AA	16.639629192883
PZ35_Dfold2_1.pdb	AU	16.364465080345017
PZ35_Dfold2_1.pdb	AU	15.997222436581398
PZ35_Dfold2_1.pdb	AC	15.09042062559517
PZ35_Dfold2_1.pdb	AU	13.70061610343414
PZ35_Dfold2_1.pdb	AG	12.155074763270468
PZ35_Dfold2_1.pdb	AC	13.908444224161473
PZ35_Dfold2_1.pdb	AU	17.31932450495034
PZ35_Dfold2_1.pdb	CG	18.316123080517574
PZ35_Dfold2_1.pdb	CG	17.08116700130481
PZ35_Dfold2_1.pdb	CG	15.202638529012178
PZ35_Dfold2_1.pdb	CC	14.737443329677204
PZ35_Dfold2_1.pdb	CU	15.44449186815501
PZ35_Dfold2_1.pdb	CG	16.115978218189234
PZ35_Dfold2_1.pdb	CC	17.33194541807036
PZ35_Dfold2_1.pdb	CG	17.294672542445397
PZ35_Dfold2_1.pdb	AC	17.238509099724087
PZ35_Dfold2_1.pdb	AC	17.369654754475494
PZ35_Dfold2_1.pdb	CU	15.970150808541248
PZ35_Dfold2_1.pdb	CU	14.59685425528998
PZ35_Dfold2_1.pdb	CC	12.998456509824509
PZ35_Dfold2_1.pdb	CU	11.569847100569886
PZ35_Dfold2_1.pdb	CG	11.739189834662493
PZ35_Dfold2_1.pdb	CC	15.728153160373028
PZ35_Dfold2_1.pdb	CG	18.985606934883947
PZ35_Dfold2_1.pdb	CG	17.787863456088353
PZ35_Dfold2_1.pdb	GG	14.959970726756865
PZ35_Dfold2_1.pdb	GG	15.07107317108996
PZ35_Dfold2_1.pdb	CG	16.204472808917256
PZ35_Dfold2_1.pdb	GU	17.60198135008603
PZ35_Dfold2_1.pdb	GG	18.34491946835303
PZ35_Dfold2_1.pdb	CG	18.995720111483482
PZ35_Dfold2_1.pdb	GG	18.184589196872473
PZ35_Dfold2_1.pdb	AG	17.228598538386514
PZ35_Dfold2_1.pdb	AG	16.451861303577253
PZ35_Dfold2_1.pdb	GU	14.259200845093806
PZ35_Dfold2_1.pdb	GU	12.562880948345017
PZ35_Dfold2_1.pdb	CG	11.447393072185198
PZ35_Dfold2_1.pdb	GU	11.704289723302093
PZ35_Dfold2_1.pdb	GG	14.367592504193135
PZ35_Dfold2_1.pdb	CG	19.646642051354327
PZ35_Dfold2_1.pdb	AU	19.24476637603127
PZ35_Dfold2_1.pdb	CU	17.400086174171644
PZ35_Dfold2_1.pdb	GU	16.050233782961772
PZ35_Dfold2_1.pdb	GU	17.25508027727715
PZ35_Dfold2_1.pdb	CU	18.362484259303702
PZ35_Dfold2_1.pdb	UU	19.044047527582443
PZ35_Dfold2_1.pdb	GU	18.734299064267265
PZ35_Dfold2_1.pdb	CU	18.167415924213635
PZ35_Dfold2_1.pdb	GU	16.35323983040619
PZ35_Dfold2_1.pdb	AU	14.65564307255056
PZ35_Dfold2_1.pdb	AU	13.565600545664878
PZ35_Dfold2_1.pdb	UU	11.82025071231315
PZ35_Dfold2_1.pdb	UU	11.611462513857457
PZ35_Dfold2_1.pdb	CU	12.729170271700005
PZ35_Dfold2_1.pdb	UU	15.24957370817403
PZ35_Dfold2_1.pdb	GU	18.93341329155392
PZ35_Dfold2_1.pdb	CG	19.45693881033749
PZ35_Dfold2_1.pdb	CC	18.261871908367606
PZ35_Dfold2_1.pdb	CG	17.653407247193844
PZ35_Dfold2_1.pdb	CG	18.870402220957374
PZ35_Dfold2_1.pdb	CC	19.278817928971822
PZ35_Dfold2_1.pdb	CU	18.96974234349971
PZ35_Dfold2_1.pdb	CG	17.61887280155793
PZ35_Dfold2_1.pdb	CC	16.059265061008034
PZ35_Dfold2_1.pdb	CG	13.798692920248227
PZ35_Dfold2_1.pdb	AC	12.331030393646852
PZ35_Dfold2_1.pdb	AC	12.206430491432096
PZ35_Dfold2_1.pdb	CU	12.341288443006261
PZ35_Dfold2_1.pdb	CU	14.228889268185954
PZ35_Dfold2_1.pdb	CC	16.83598857321186
PZ35_Dfold2_1.pdb	CG	19.468316382965995
PZ35_Dfold2_1.pdb	GG	19.14898463852706
PZ35_Dfold2_1.pdb	GG	19.95201442650627
PZ35_Dfold2_1.pdb	CG	19.516115453960882
PZ35_Dfold2_1.pdb	GU	18.248952729536807
PZ35_Dfold2_1.pdb	GG	16.10382767581922
PZ35_Dfold2_1.pdb	CG	13.949003131694983
PZ35_Dfold2_1.pdb	GG	12.08534179331137
PZ35_Dfold2_1.pdb	AG	12.072632049334473
PZ35_Dfold2_1.pdb	AG	13.777930631746743
PZ35_Dfold2_1.pdb	GU	15.776360656169837
PZ35_Dfold2_1.pdb	GU	18.817358773225916
PZ35_Dfold2_1.pdb	CG	19.849540900317777
PZ35_Dfold2_1.pdb	CG	19.72027395553663
PZ35_Dfold2_1.pdb	CC	18.22091506407105
PZ35_Dfold2_1.pdb	CU	16.018660782857378
PZ35_Dfold2_1.pdb	CG	13.454397719380534
PZ35_Dfold2_1.pdb	CC	11.512050747318503
PZ35_Dfold2_1.pdb	CG	11.416760851195491
PZ35_Dfold2_1.pdb	AC	13.81475278598031
PZ35_Dfold2_1.pdb	AC	17.23677355555191
PZ35_Dfold2_1.pdb	AG	19.282561383907527
PZ35_Dfold2_1.pdb	AG	18.341603163544573
PZ35_Dfold2_1.pdb	AC	16.17428022362606
PZ35_Dfold2_1.pdb	AU	13.700485342867507
PZ35_Dfold2_1.pdb	AG	12.023305974077193
PZ35_Dfold2_1.pdb	AC	11.8825977410567
PZ35_Dfold2_1.pdb	AG	14.223215362580852
PZ35_Dfold2_1.pdb	AA	18.18851324092005
PZ35_Dfold2_1.pdb	CG	19.476725142667217
PZ35_Dfold2_1.pdb	GG	17.859276147130554
PZ35_Dfold2_1.pdb	GG	16.04059880733919
PZ35_Dfold2_1.pdb	CG	13.489548301901891
PZ35_Dfold2_1.pdb	GU	11.479332464152963
PZ35_Dfold2_1.pdb	GG	11.904795140482562
PZ35_Dfold2_1.pdb	CG	14.100493665612811
PZ35_Dfold2_1.pdb	GG	17.985663067318406
PZ35_Dfold2_1.pdb	CU	18.12355053108452
PZ35_Dfold2_1.pdb	CG	19.505338704508976
PZ35_Dfold2_1.pdb	CU	19.35579273881252
PZ35_Dfold2_1.pdb	CC	19.02557879221108
PZ35_Dfold2_1.pdb	CC	17.904116520473522
PZ35_Dfold2_1.pdb	CG	16.06661677194553
PZ35_Dfold2_1.pdb	CG	13.95890124581331
PZ35_Dfold2_1.pdb	CC	12.08381425115303
PZ35_Dfold2_1.pdb	CU	11.867861730411027
PZ35_Dfold2_1.pdb	CG	14.709730718147474
PZ35_Dfold2_1.pdb	CC	18.320516129765206
PZ35_Dfold2_1.pdb	CU	16.38842647932965
PZ35_Dfold2_1.pdb	CU	14.859156489383128
PZ35_Dfold2_1.pdb	CG	17.01314506847627
PZ35_Dfold2_1.pdb	CC	18.995297048536013
PZ35_Dfold2_1.pdb	AC	19.824220366685594
PZ35_Dfold2_1.pdb	CC	19.19333602507393
PZ35_Dfold2_1.pdb	CU	17.39106648787952
PZ35_Dfold2_1.pdb	CC	17.21999052488175
PZ35_Dfold2_1.pdb	CC	15.757440860248645
PZ35_Dfold2_1.pdb	CG	13.958856551033337
PZ35_Dfold2_1.pdb	CG	12.212321705463117
PZ35_Dfold2_1.pdb	CC	12.131115637470149
PZ35_Dfold2_1.pdb	CU	14.199173061660838
PZ35_Dfold2_1.pdb	CG	18.626968593430345
PZ35_Dfold2_1.pdb	CU	19.88857066119197
PZ35_Dfold2_1.pdb	AC	19.24822862366382
PZ35_Dfold2_1.pdb	CU	15.34512707854457
PZ35_Dfold2_1.pdb	CU	14.987042807116964
PZ35_Dfold2_1.pdb	CG	17.214737949089987
PZ35_Dfold2_1.pdb	CC	18.52821332975332
PZ35_Dfold2_1.pdb	AC	18.474914130910214
PZ35_Dfold2_1.pdb	CC	17.350305638144558
PZ35_Dfold2_1.pdb	CU	15.590178673348484
PZ35_Dfold2_1.pdb	CC	15.184518718037069
PZ35_Dfold2_1.pdb	CC	13.365707374003904
PZ35_Dfold2_1.pdb	CG	12.04273702035978
PZ35_Dfold2_1.pdb	CG	11.594672415839758
PZ35_Dfold2_1.pdb	CC	13.881502875750835
PZ35_Dfold2_1.pdb	CU	17.65677944032431
PZ35_Dfold2_1.pdb	AC	19.51477975657141
PZ35_Dfold2_1.pdb	CU	16.70893301595351
PZ35_Dfold2_1.pdb	CU	16.552728937117426
PZ35_Dfold2_1.pdb	CG	17.74395853854275
PZ35_Dfold2_1.pdb	CC	17.613680129128458
PZ35_Dfold2_1.pdb	AC	16.195086762832155
PZ35_Dfold2_1.pdb	CC	14.4304117639672
PZ35_Dfold2_1.pdb	CU	13.081081166445653
PZ35_Dfold2_1.pdb	CC	13.084044861739066
PZ35_Dfold2_1.pdb	CC	12.13385302903978
PZ35_Dfold2_1.pdb	CG	12.787611524118413
PZ35_Dfold2_1.pdb	CG	14.641429010015333
PZ35_Dfold2_1.pdb	CC	18.560744900746425
PZ35_Dfold2_1.pdb	AU	19.662045655092307
PZ35_Dfold2_1.pdb	AU	19.72530747549383
PZ35_Dfold2_1.pdb	UU	17.831000939577507
PZ35_Dfold2_1.pdb	UU	17.526792104209584
PZ35_Dfold2_1.pdb	GU	17.61348160990485
PZ35_Dfold2_1.pdb	CU	16.269022176998202
PZ35_Dfold2_1.pdb	AU	13.973163389473605
PZ35_Dfold2_1.pdb	CU	12.447090953796515
PZ35_Dfold2_1.pdb	UU	12.63233602821356
PZ35_Dfold2_1.pdb	CU	14.095190631714884
PZ35_Dfold2_1.pdb	CU	14.805570883790852
PZ35_Dfold2_1.pdb	GU	17.016533730098853
PZ35_Dfold2_1.pdb	GU	19.8642796387803
PZ35_Dfold2_1.pdb	GG	17.142043727655683
PZ35_Dfold2_1.pdb	CG	17.71880885971647
PZ35_Dfold2_1.pdb	CG	18.796124574974712
PZ35_Dfold2_1.pdb	AG	19.10411244477196
PZ35_Dfold2_1.pdb	GU	17.88319255664717
PZ35_Dfold2_1.pdb	GU	17.23465185152436
PZ35_Dfold2_1.pdb	GG	16.283210152275494
PZ35_Dfold2_1.pdb	CG	14.14696967836676
PZ35_Dfold2_1.pdb	AG	11.875969106584568
PZ35_Dfold2_1.pdb	CG	11.946094812442608
PZ35_Dfold2_1.pdb	GU	14.307490075472192
PZ35_Dfold2_1.pdb	CG	17.431121784121807
PZ35_Dfold2_1.pdb	CG	19.39386284324084
PZ35_Dfold2_1.pdb	CU	14.938672117664442
PZ35_Dfold2_1.pdb	CU	17.624307634996075
PZ35_Dfold2_1.pdb	AU	18.367764823007445
PZ35_Dfold2_1.pdb	UU	17.669044826863512
PZ35_Dfold2_1.pdb	UU	16.62780497923598
PZ35_Dfold2_1.pdb	GU	14.78078908081551
PZ35_Dfold2_1.pdb	CU	12.354999707101038
PZ35_Dfold2_1.pdb	AU	11.146369742147687
PZ35_Dfold2_1.pdb	CU	13.436566892010621
PZ35_Dfold2_1.pdb	UU	17.3558537306094
PZ35_Dfold2_1.pdb	CC	17.649602846713965
PZ35_Dfold2_1.pdb	AC	18.0472942898749
PZ35_Dfold2_1.pdb	CU	17.384803797915104
PZ35_Dfold2_1.pdb	CU	15.515040170739605
PZ35_Dfold2_1.pdb	CG	12.610791038430227
PZ35_Dfold2_1.pdb	CC	10.44940173416228
PZ35_Dfold2_1.pdb	AC	11.539223830135851
PZ35_Dfold2_1.pdb	CC	16.02234566301312
PZ35_Dfold2_1.pdb	AA	15.61589570969168
PZ35_Dfold2_1.pdb	AU	15.109126550995436
PZ35_Dfold2_1.pdb	AU	13.258182948607248
PZ35_Dfold2_1.pdb	AG	10.781127005460364
PZ35_Dfold2_1.pdb	AC	10.815027830826576
PZ35_Dfold2_1.pdb	AA	14.247156017388773
PZ35_Dfold2_1.pdb	AC	19.462962818291583
PZ35_Dfold2_1.pdb	GU	12.881795544391364
PZ35_Dfold2_1.pdb	GU	13.193732768579473
PZ35_Dfold2_1.pdb	GG	13.045055064249125
PZ35_Dfold2_1.pdb	CG	14.937943963196014
PZ35_Dfold2_1.pdb	AG	18.598918723195425
PZ35_Dfold2_1.pdb	CU	14.983339317395906
PZ35_Dfold2_1.pdb	CG	16.66604323562342
PZ35_Dfold2_1.pdb	CC	19.132189522978326
PZ35_Dfold2_1.pdb	CG	18.57238284059367
PZ35_Dfold2_1.pdb	AC	19.43871064440205
PZ35_Dfold2_1.pdb	AU	19.626644421108868
PZ35_Dfold2_1.pdb	CU	19.130916807799878
PZ35_Dfold2_1.pdb	GU	19.119754031573823
PZ35_Dfold2_1.pdb	GU	19.85083604279121
PZ35_Dfold2_1.pdb	CU	19.942425433473037
PZ35_Dfold2_1.pdb	GG	19.805141524771614
PZ35_Dfold2_1.pdb	CG	19.842585658225094
PZ35_Dfold2_1.pdb	GU	19.62115792205431
PZ35_Dfold2_1.pdb	AC	18.919234464823635
PZ35_Dfold2_1.pdb	AU	19.27052683857497
PZ35_Dfold2_1.pdb	GU	18.65919559283923
PZ35_Dfold2_1.pdb	CU	19.476822675512068
PZ6_Bujnicki_1.pdb	CU	18.64770080643395
PZ6_Bujnicki_1.pdb	CG	15.595235158892713
PZ6_Bujnicki_1.pdb	CU	15.191509250295677
PZ6_Bujnicki_1.pdb	CG	19.086645921653886
PZ6_Bujnicki_1.pdb	AC	17.92298805754643
PZ6_Bujnicki_1.pdb	CG	14.12342901937277
PZ6_Bujnicki_1.pdb	CG	16.504492466667326
PZ6_Bujnicki_1.pdb	CC	16.52510140315802
PZ6_Bujnicki_1.pdb	CU	12.956083213640802
PZ6_Bujnicki_1.pdb	CG	14.087681289146426
PZ6_Bujnicki_1.pdb	CC	16.621014186444867
PZ6_Bujnicki_1.pdb	CC	19.332801309529913
PZ6_Bujnicki_1.pdb	CC	18.42672532812081
PZ6_Bujnicki_1.pdb	CC	16.48926732285705
PZ6_Bujnicki_1.pdb	CG	13.995890367698417
PZ6_Bujnicki_1.pdb	CG	19.225591319694008
PZ6_Bujnicki_1.pdb	GU	15.291525207492077
PZ6_Bujnicki_1.pdb	GG	12.541442837731609
PZ6_Bujnicki_1.pdb	GU	12.428539542853649
PZ6_Bujnicki_1.pdb	GG	16.492635660534738
PZ6_Bujnicki_1.pdb	CG	18.24470343941315
PZ6_Bujnicki_1.pdb	AG	12.544825019111794
PZ6_Bujnicki_1.pdb	GG	8.51124639937153
PZ6_Bujnicki_1.pdb	GG	11.37464571770276
PZ6_Bujnicki_1.pdb	AG	16.538280153497112
PZ6_Bujnicki_1.pdb	AG	19.649341058623012
PZ6_Bujnicki_1.pdb	AG	19.624787409583444
PZ6_Bujnicki_1.pdb	CG	18.197391613591073
PZ6_Bujnicki_1.pdb	CG	13.896591445024656
PZ6_Bujnicki_1.pdb	GU	11.883740727642653
PZ6_Bujnicki_1.pdb	GG	14.540067444910886
PZ6_Bujnicki_1.pdb	CG	17.229198080934754
PZ6_Bujnicki_1.pdb	CG	19.413491181652837
PZ6_Bujnicki_1.pdb	GU	19.86097615444856
PZ6_Bujnicki_1.pdb	GG	18.98058286657519
PZ6_Bujnicki_1.pdb	CG	16.285597380938487
PZ6_Bujnicki_1.pdb	CG	13.67228537125118
PZ6_Bujnicki_1.pdb	GG	11.555277799703509
PZ6_Bujnicki_1.pdb	GG	19.10906298277493
PZ6_Bujnicki_1.pdb	CG	19.090657191623745
PZ6_Bujnicki_1.pdb	GU	16.347060910509562
PZ6_Bujnicki_1.pdb	GG	14.488613947845732
PZ6_Bujnicki_1.pdb	GU	14.424157347571827
PZ6_Bujnicki_1.pdb	GG	17.733985224547446
PZ6_Bujnicki_1.pdb	CG	15.587267174189497
PZ6_Bujnicki_1.pdb	AG	9.789075810071887
PZ6_Bujnicki_1.pdb	GG	6.069336646259365
PZ6_Bujnicki_1.pdb	GG	8.367564797917549
PZ6_Bujnicki_1.pdb	AG	11.906092080287165
PZ6_Bujnicki_1.pdb	AG	14.947041329174004
PZ6_Bujnicki_1.pdb	AG	16.119172992067174
PZ6_Bujnicki_1.pdb	CG	16.206365687500618
PZ6_Bujnicki_1.pdb	CG	13.365122033036618
PZ6_Bujnicki_1.pdb	GU	12.39636347279609
PZ6_Bujnicki_1.pdb	GG	15.27825639077796
PZ6_Bujnicki_1.pdb	CG	17.242843490608088
PZ6_Bujnicki_1.pdb	CG	18.409941368691843
PZ6_Bujnicki_1.pdb	GU	17.96987635415307
PZ6_Bujnicki_1.pdb	GG	16.50291392726168
PZ6_Bujnicki_1.pdb	CG	13.786528269280753
PZ6_Bujnicki_1.pdb	CG	11.502484029529963
PZ6_Bujnicki_1.pdb	GG	11.37008521273072
PZ6_Bujnicki_1.pdb	CU	18.65029773063874
PZ6_Bujnicki_1.pdb	CG	19.229894547486232
PZ6_Bujnicki_1.pdb	CU	18.907693579486732
PZ6_Bujnicki_1.pdb	CC	16.13271972434742
PZ6_Bujnicki_1.pdb	AC	11.38642842486742
PZ6_Bujnicki_1.pdb	CG	9.565190993416735
PZ6_Bujnicki_1.pdb	CG	10.235313373827289
PZ6_Bujnicki_1.pdb	AC	10.24009023083647
PZ6_Bujnicki_1.pdb	AC	12.09168556919325
PZ6_Bujnicki_1.pdb	AC	15.219046621539901
PZ6_Bujnicki_1.pdb	CC	17.16627448145357
PZ6_Bujnicki_1.pdb	CC	15.759891052358686
PZ6_Bujnicki_1.pdb	CU	15.090262735487027
PZ6_Bujnicki_1.pdb	CG	17.214391072592612
PZ6_Bujnicki_1.pdb	CC	17.907040446232354
PZ6_Bujnicki_1.pdb	CC	17.655294901311603
PZ6_Bujnicki_1.pdb	CU	16.112203816377004
PZ6_Bujnicki_1.pdb	CG	14.07836768157578
PZ6_Bujnicki_1.pdb	CC	11.91596777622281
PZ6_Bujnicki_1.pdb	CC	10.967543945305398
PZ6_Bujnicki_1.pdb	CG	13.336062526386032
PZ6_Bujnicki_1.pdb	AA	19.977827972265732
PZ6_Bujnicki_1.pdb	AA	16.646346231193153
PZ6_Bujnicki_1.pdb	AG	15.181036186042006
PZ6_Bujnicki_1.pdb	AG	14.55460541979016
PZ6_Bujnicki_1.pdb	AA	12.176921115889039
PZ6_Bujnicki_1.pdb	AA	11.507896543159182
PZ6_Bujnicki_1.pdb	AA	16.157550029038756
PZ6_Bujnicki_1.pdb	AC	19.321081045400895
PZ6_Bujnicki_1.pdb	AC	18.540903465079584
PZ6_Bujnicki_1.pdb	AU	17.437685056515644
PZ6_Bujnicki_1.pdb	AG	18.338711661391855
PZ6_Bujnicki_1.pdb	AC	17.640796237988233
PZ6_Bujnicki_1.pdb	AC	16.040323742725185
PZ6_Bujnicki_1.pdb	AU	13.78677234302195
PZ6_Bujnicki_1.pdb	AG	12.072600484026006
PZ6_Bujnicki_1.pdb	AC	11.987720362138923
PZ6_Bujnicki_1.pdb	AC	13.385685172400049
PZ6_Bujnicki_1.pdb	AG	17.446381878968882
PZ6_Bujnicki_1.pdb	GU	19.02061565589491
PZ6_Bujnicki_1.pdb	AG	14.81205499819849
PZ6_Bujnicki_1.pdb	AG	16.08906237800803
PZ6_Bujnicki_1.pdb	AG	16.308355285645558
PZ6_Bujnicki_1.pdb	AG	16.841639431296418
PZ6_Bujnicki_1.pdb	GG	18.55069024956214
PZ6_Bujnicki_1.pdb	AG	15.41404281427723
PZ6_Bujnicki_1.pdb	AG	12.620001955146664
PZ6_Bujnicki_1.pdb	AG	17.484243727815162
PZ6_Bujnicki_1.pdb	GU	18.55041164113
PZ6_Bujnicki_1.pdb	GG	18.165912415731846
PZ6_Bujnicki_1.pdb	CG	16.31706776592415
PZ6_Bujnicki_1.pdb	CG	13.904574729341498
PZ6_Bujnicki_1.pdb	GU	12.01889342468107
PZ6_Bujnicki_1.pdb	GG	12.149032089508964
PZ6_Bujnicki_1.pdb	CG	14.742098587090819
PZ6_Bujnicki_1.pdb	CG	17.763230982217564
PZ6_Bujnicki_1.pdb	GU	19.092680303477042
PZ6_Bujnicki_1.pdb	GU	14.377748373700229
PZ6_Bujnicki_1.pdb	AG	10.21093079116753
PZ6_Bujnicki_1.pdb	AG	11.009906208090005
PZ6_Bujnicki_1.pdb	AG	10.853874179940066
PZ6_Bujnicki_1.pdb	AG	12.202141211814038
PZ6_Bujnicki_1.pdb	GG	17.209366190338507
PZ6_Bujnicki_1.pdb	AG	18.171456098121464
PZ6_Bujnicki_1.pdb	AG	14.354503699898572
PZ6_Bujnicki_1.pdb	AG	18.276859059371066
PZ6_Bujnicki_1.pdb	GU	17.82432609454178
PZ6_Bujnicki_1.pdb	GG	16.281060277010074
PZ6_Bujnicki_1.pdb	CG	13.807610956003636
PZ6_Bujnicki_1.pdb	CG	11.66418988760492
PZ6_Bujnicki_1.pdb	GU	11.706905579065745
PZ6_Bujnicki_1.pdb	GG	14.307410811581239
PZ6_Bujnicki_1.pdb	CG	18.42621170075651
PZ6_Bujnicki_1.pdb	GU	19.729589430835166
PZ6_Bujnicki_1.pdb	UU	17.322604223348495
PZ6_Bujnicki_1.pdb	UU	14.025489099705881
PZ6_Bujnicki_1.pdb	AU	10.562982887457403
PZ6_Bujnicki_1.pdb	AU	9.239935497299912
PZ6_Bujnicki_1.pdb	AU	6.259555295150656
PZ6_Bujnicki_1.pdb	AU	6.702057564729921
PZ6_Bujnicki_1.pdb	GU	12.003005690271516
PZ6_Bujnicki_1.pdb	GU	16.88845139463403
PZ6_Bujnicki_1.pdb	GU	19.55257766745283
PZ6_Bujnicki_1.pdb	GU	18.561981204868264
PZ6_Bujnicki_1.pdb	AU	19.558073080278042
PZ6_Bujnicki_1.pdb	AU	15.41244191301354
PZ6_Bujnicki_1.pdb	AU	17.7887074065187
PZ6_Bujnicki_1.pdb	CU	19.95545693093632
PZ6_Bujnicki_1.pdb	CU	18.57513526688923
PZ6_Bujnicki_1.pdb	UU	16.036999878281026
PZ6_Bujnicki_1.pdb	GU	13.997085159070267
PZ6_Bujnicki_1.pdb	CU	12.105473392260329
PZ6_Bujnicki_1.pdb	CU	11.919576452618568
PZ6_Bujnicki_1.pdb	UU	14.417650425210585
PZ6_Bujnicki_1.pdb	GU	18.344287287607372
PZ6_Bujnicki_1.pdb	AG	19.04635828391149
PZ6_Bujnicki_1.pdb	GG	16.70764745739992
PZ6_Bujnicki_1.pdb	GU	14.629425343757823
PZ6_Bujnicki_1.pdb	GU	12.863375200358268
PZ6_Bujnicki_1.pdb	AG	11.923015257520525
PZ6_Bujnicki_1.pdb	AG	11.2489468925721
PZ6_Bujnicki_1.pdb	AG	7.718724682321208
PZ6_Bujnicki_1.pdb	AG	8.279788741629464
PZ6_Bujnicki_1.pdb	GG	12.431990824663504
PZ6_Bujnicki_1.pdb	GG	17.398581801934714
PZ6_Bujnicki_1.pdb	CG	18.268501246872653
PZ6_Bujnicki_1.pdb	GG	14.602174357853304
PZ6_Bujnicki_1.pdb	GG	14.693273831833883
PZ6_Bujnicki_1.pdb	CG	17.890160397756514
PZ6_Bujnicki_1.pdb	AG	19.099549751516186
PZ6_Bujnicki_1.pdb	GG	18.971093941105295
PZ6_Bujnicki_1.pdb	CG	17.458943758326527
PZ6_Bujnicki_1.pdb	CG	17.648128535318314
PZ6_Bujnicki_1.pdb	CC	17.688998986147116
PZ6_Bujnicki_1.pdb	CG	18.271115194721784
PZ6_Bujnicki_1.pdb	CG	19.1440079020228
PZ6_Bujnicki_1.pdb	AC	16.651897681463414
PZ6_Bujnicki_1.pdb	CG	14.265498690909313
PZ6_Bujnicki_1.pdb	CU	13.616691630248058
PZ6_Bujnicki_1.pdb	CU	14.22936672666843
PZ6_Bujnicki_1.pdb	AC	15.091958815118435
PZ6_Bujnicki_1.pdb	AC	14.08956947658454
PZ6_Bujnicki_1.pdb	AC	10.81294920744065
PZ6_Bujnicki_1.pdb	AC	11.679023945049659
PZ6_Bujnicki_1.pdb	CG	14.363103524492464
PZ6_Bujnicki_1.pdb	CG	19.098553821727656
PZ6_Bujnicki_1.pdb	CC	15.197186764882476
PZ6_Bujnicki_1.pdb	CG	12.773861775066425
PZ6_Bujnicki_1.pdb	CG	14.989938509581142
PZ6_Bujnicki_1.pdb	CC	19.69593938074488
PZ6_Bujnicki_1.pdb	GU	19.883817901759866
PZ6_Bujnicki_1.pdb	GU	19.93868790530633
PZ6_Bujnicki_1.pdb	CU	15.939981074016986
PZ6_Bujnicki_1.pdb	GU	17.37362265898388
PZ6_Bujnicki_1.pdb	CU	19.96834784819928
PZ6_Bujnicki_1.pdb	GU	19.26074411126754
PZ6_Bujnicki_1.pdb	GU	18.24508913568358
PZ6_Bujnicki_1.pdb	GU	16.69741687225891
PZ6_Bujnicki_1.pdb	AU	14.115767129475659
PZ6_Bujnicki_1.pdb	GU	11.503907612986238
PZ6_Bujnicki_1.pdb	UU	12.423819953822822
PZ6_Bujnicki_1.pdb	UU	15.292389601099753
PZ6_Bujnicki_1.pdb	AU	17.613805103060635
PZ6_Bujnicki_1.pdb	AU	16.724891359226866
PZ6_Bujnicki_1.pdb	AU	14.678615408802465
PZ6_Bujnicki_1.pdb	AU	16.64422623990628
PZ6_Bujnicki_1.pdb	GU	18.98272395183315
PZ6_Bujnicki_1.pdb	CU	16.837728559471355
PZ6_Bujnicki_1.pdb	GU	15.920062455477854
PZ6_Bujnicki_1.pdb	GU	19.29553977703433
PZ6_Bujnicki_1.pdb	AC	19.684491357985
PZ6_Bujnicki_1.pdb	CG	19.6809116163692
PZ6_Bujnicki_1.pdb	CC	17.159290201605263
PZ6_Bujnicki_1.pdb	CG	18.745383392172762
PZ6_Bujnicki_1.pdb	CC	19.89365985287121
PZ6_Bujnicki_1.pdb	CG	18.33707171060662
PZ6_Bujnicki_1.pdb	CG	16.405783936916237
PZ6_Bujnicki_1.pdb	CG	14.265936551963831
PZ6_Bujnicki_1.pdb	AC	12.00138339342946
PZ6_Bujnicki_1.pdb	CG	10.057110262512897
PZ6_Bujnicki_1.pdb	CU	13.022948709629311
PZ6_Bujnicki_1.pdb	CU	17.55276295863684
PZ6_Bujnicki_1.pdb	AC	19.415140422844324
PZ6_Bujnicki_1.pdb	AC	18.32181662857797
PZ6_Bujnicki_1.pdb	CC	19.466183928703426
PZ6_Bujnicki_1.pdb	CC	19.589654162148392
PZ6_Bujnicki_1.pdb	CC	18.701116653884068
PZ6_Bujnicki_1.pdb	CG	16.237446323631076
PZ6_Bujnicki_1.pdb	CG	13.573916945323248
PZ6_Bujnicki_1.pdb	CG	11.447549896943508
PZ6_Bujnicki_1.pdb	AC	10.910627876191082
PZ6_Bujnicki_1.pdb	CG	11.324076225258983
PZ6_Bujnicki_1.pdb	CU	16.01059970495336
PZ6_Bujnicki_1.pdb	CU	19.27987180636725
PZ6_Bujnicki_1.pdb	CC	16.75789997141062
PZ6_Bujnicki_1.pdb	CG	13.917263942621599
PZ6_Bujnicki_1.pdb	CG	11.453884871200156
PZ6_Bujnicki_1.pdb	CG	10.822826683823141
PZ6_Bujnicki_1.pdb	AC	13.068463627270226
PZ6_Bujnicki_1.pdb	CG	15.527424070014927
PZ6_Bujnicki_1.pdb	GG	19.298322144554103
PZ6_Bujnicki_1.pdb	GU	16.72960450257484
PZ6_Bujnicki_1.pdb	CG	14.21237660817934
PZ6_Bujnicki_1.pdb	GG	12.002592541897442
PZ6_Bujnicki_1.pdb	GG	11.291822198541764
PZ6_Bujnicki_1.pdb	GG	13.16213551806632
PZ6_Bujnicki_1.pdb	AG	17.25454679769172
PZ6_Bujnicki_1.pdb	AU	19.947111885245732
PZ6_Bujnicki_1.pdb	AG	18.89111053307997
PZ6_Bujnicki_1.pdb	AG	16.608915819035513
PZ6_Bujnicki_1.pdb	AU	14.147716297579189
PZ6_Bujnicki_1.pdb	AC	12.859621309937182
PZ6_Bujnicki_1.pdb	AG	12.713778023741252
PZ6_Bujnicki_1.pdb	AG	14.371991597974715
PZ6_Bujnicki_1.pdb	AG	17.73036505970113
PZ6_Bujnicki_1.pdb	CG	16.56131796220345
PZ6_Bujnicki_1.pdb	CC	18.504549918355725
PZ6_Bujnicki_1.pdb	CG	16.010147793580174
PZ6_Bujnicki_1.pdb	CG	13.554213770396295
PZ6_Bujnicki_1.pdb	CU	12.68831987295083
PZ6_Bujnicki_1.pdb	CC	14.00613523977294
PZ6_Bujnicki_1.pdb	CG	16.21591211698899
PZ6_Bujnicki_1.pdb	CG	19.2752009323299
PZ6_Bujnicki_1.pdb	CC	16.167515491646444
PZ6_Bujnicki_1.pdb	CG	13.440181571112731
PZ6_Bujnicki_1.pdb	CG	11.204785019627662
PZ6_Bujnicki_1.pdb	CU	12.458594064378826
PZ6_Bujnicki_1.pdb	CC	15.944726294249454
PZ6_Bujnicki_1.pdb	CG	19.626628812780314
PZ6_Bujnicki_1.pdb	CG	18.34536402516269
PZ6_Bujnicki_1.pdb	CU	16.70101271616267
PZ6_Bujnicki_1.pdb	CC	18.033332271903014
PZ6_Bujnicki_1.pdb	CG	11.75633403265945
PZ6_Bujnicki_1.pdb	CG	11.642084400374479
PZ6_Bujnicki_1.pdb	CU	15.169477388992384
PZ6_Bujnicki_1.pdb	CC	19.678590432757836
PZ6_Bujnicki_1.pdb	CG	17.11841560254707
PZ6_Bujnicki_1.pdb	CC	17.430995362390966
PZ6_Bujnicki_1.pdb	AC	17.598586152788833
PZ6_Bujnicki_1.pdb	AC	16.12200701678718
PZ6_Bujnicki_1.pdb	CG	14.183327676542154
PZ6_Bujnicki_1.pdb	CU	13.804775580187664
PZ6_Bujnicki_1.pdb	CC	15.791469234166481
PZ6_Bujnicki_1.pdb	CC	19.585778008570625
PZ6_Bujnicki_1.pdb	GU	14.364492662055385
PZ6_Bujnicki_1.pdb	UU	18.75338729330125
PZ6_Bujnicki_1.pdb	UU	17.022068368422673
PZ6_Bujnicki_1.pdb	GU	13.096217592492154
PZ6_Bujnicki_1.pdb	CU	13.246152310425684
PZ6_Bujnicki_1.pdb	AU	14.351797977256975
PZ6_Bujnicki_1.pdb	AU	14.341119922089897
PZ6_Bujnicki_1.pdb	GU	14.150670195590937
PZ6_Bujnicki_1.pdb	UU	14.58155454480701
PZ6_Bujnicki_1.pdb	CU	16.042257244667848
PZ6_Bujnicki_1.pdb	CU	19.048387213139517
PZ6_Bujnicki_1.pdb	GU	17.818431864511645
PZ6_Bujnicki_1.pdb	GG	18.30105900922672
PZ6_Bujnicki_1.pdb	GU	13.146662840770102
PZ6_Bujnicki_1.pdb	GG	10.81227519767687
PZ6_Bujnicki_1.pdb	CG	13.434861920934647
PZ6_Bujnicki_1.pdb	AG	16.524901313710117
PZ6_Bujnicki_1.pdb	AG	16.32404797614288
PZ6_Bujnicki_1.pdb	GG	15.709034673316188
PZ6_Bujnicki_1.pdb	GU	14.346510200495688
PZ6_Bujnicki_1.pdb	CG	13.645629160505603
PZ6_Bujnicki_1.pdb	CG	14.92708091509374
PZ6_Bujnicki_1.pdb	GG	19.109140670114172
PZ6_Bujnicki_1.pdb	CC	19.62941842910143
PZ6_Bujnicki_1.pdb	CG	19.53609549601943
PZ6_Bujnicki_1.pdb	CG	14.661211746207329
PZ6_Bujnicki_1.pdb	CU	10.629272072180358
PZ6_Bujnicki_1.pdb	CG	10.92567036941694
PZ6_Bujnicki_1.pdb	CC	15.410087186691348
PZ6_Bujnicki_1.pdb	AC	19.11234754230919
PZ6_Bujnicki_1.pdb	AC	17.725343383107777
PZ6_Bujnicki_1.pdb	CG	15.92392604344451
PZ6_Bujnicki_1.pdb	CU	12.646054460067313
PZ6_Bujnicki_1.pdb	CC	9.822679471459733
PZ6_Bujnicki_1.pdb	CC	9.494323158510907
PZ6_Bujnicki_1.pdb	CG	13.383524298300276
PZ6_Bujnicki_1.pdb	CG	18.877176173941898
PZ6_Bujnicki_1.pdb	GG	19.40500083808469
PZ6_Bujnicki_1.pdb	GG	17.112805693336487
PZ6_Bujnicki_1.pdb	GU	13.863166353564168
PZ6_Bujnicki_1.pdb	GG	14.052527066349125
PZ6_Bujnicki_1.pdb	CG	17.877659084993468
PZ6_Bujnicki_1.pdb	AG	17.60318426697572
PZ6_Bujnicki_1.pdb	GG	14.04750805617142
PZ6_Bujnicki_1.pdb	GU	9.314980849223824
PZ6_Bujnicki_1.pdb	CG	6.5068314016457816
PZ6_Bujnicki_1.pdb	CG	8.22303494599477
PZ6_Bujnicki_1.pdb	GG	13.501368505484999
PZ6_Bujnicki_1.pdb	GG	19.215760992868404
PZ6_Bujnicki_1.pdb	GU	19.06625455096951
PZ6_Bujnicki_1.pdb	GG	18.852909017448937
PZ6_Bujnicki_1.pdb	AG	19.644733915331198
PZ6_Bujnicki_1.pdb	GG	14.914832194952655
PZ6_Bujnicki_1.pdb	GU	9.805179330630116
PZ6_Bujnicki_1.pdb	CG	8.591680190810592
PZ6_Bujnicki_1.pdb	CG	11.664082106878771
PZ6_Bujnicki_1.pdb	GG	16.984292367759316
PZ6_Bujnicki_1.pdb	GU	18.86505252202345
PZ6_Bujnicki_1.pdb	GU	19.43562485668305
PZ6_Bujnicki_1.pdb	UU	14.94360963225183
PZ6_Bujnicki_1.pdb	CU	13.45295930956973
PZ6_Bujnicki_1.pdb	CU	15.44502650785615
PZ6_Bujnicki_1.pdb	GU	19.94660333298333
PZ6_Bujnicki_1.pdb	CG	18.09323173046458
PZ6_Bujnicki_1.pdb	CG	19.791999669765197
PZ6_Bujnicki_1.pdb	CC	18.460150480171123
PZ6_Bujnicki_1.pdb	CC	19.19067728691576
PZ6_Bujnicki_1.pdb	GG	19.325298056394445
PZ6_Bujnicki_1.pdb	AG	18.909355032075364
PZ6_Bujnicki_1.pdb	AG	17.770225988857796
PZ6_Bujnicki_1.pdb	AG	17.663220254046085
PZ6_Bujnicki_1.pdb	AA	16.732948427074007
PZ6_Bujnicki_1.pdb	AA	14.134491593121211
PZ6_Bujnicki_1.pdb	AA	15.463917656432447
PZ6_Bujnicki_1.pdb	AG	13.116834162328303
PZ6_Bujnicki_1.pdb	AG	15.053219906930648
PZ6_Bujnicki_1.pdb	AU	14.165212907993283
PZ6_Bujnicki_1.pdb	AU	19.644459341480896
PZ6_Bujnicki_1.pdb	AU	18.1117968446979
PZ6_Bujnicki_1.pdb	CU	18.30323248291312
PZ6_Bujnicki_1.pdb	UU	18.935804236083392
PZ6_Bujnicki_1.pdb	AC	16.957849408675845
PZ6_Bujnicki_1.pdb	AC	13.3642958335548
PZ6_Bujnicki_1.pdb	AU	13.864717640641361
PZ6_Bujnicki_1.pdb	AG	18.03827601162989
PZ6_Bujnicki_1.pdb	AG	17.312606219593096
PZ6_Bujnicki_1.pdb	AC	12.777705726883203
PZ6_Bujnicki_1.pdb	AC	10.19821525106587
PZ6_Bujnicki_1.pdb	AU	12.794125685405904
PZ6_Bujnicki_1.pdb	AG	18.028171683527276
PZ6_Bujnicki_1.pdb	AU	17.86446531245145
PZ6_Bujnicki_1.pdb	AG	14.094683376588048
PZ6_Bujnicki_1.pdb	AC	11.122655719776883
PZ6_Bujnicki_1.pdb	AC	11.280121428262392
PZ6_Bujnicki_1.pdb	AU	15.270944729203274
PZ6_Bujnicki_1.pdb	AC	19.361090112374587
PZ6_Bujnicki_1.pdb	AG	17.013908407707362
PZ6_Bujnicki_1.pdb	AG	17.43522716686013
PZ6_Bujnicki_1.pdb	AC	19.769263375485334
PZ6_Bujnicki_1.pdb	AA	17.758794886371867
PZ6_Bujnicki_1.pdb	AA	18.074371355007735
PZ6_Bujnicki_1.pdb	AC	18.57571762845081
PZ6_Bujnicki_1.pdb	AC	16.406372372771003
PZ6_Bujnicki_1.pdb	AU	13.644017834399714
PZ6_Bujnicki_1.pdb	AG	11.302294262405725
PZ6_Bujnicki_1.pdb	AC	11.081716105428608
PZ6_Bujnicki_1.pdb	AC	13.699625323776198
PZ6_Bujnicki_1.pdb	AU	18.034780924460623
PZ6_Bujnicki_1.pdb	CG	19.885396989204946
PZ6_Bujnicki_1.pdb	CG	16.743668378753213
PZ6_Bujnicki_1.pdb	GG	15.438010699082243
PZ6_Bujnicki_1.pdb	GG	16.37814641543026
PZ6_Bujnicki_1.pdb	CG	18.609029492745556
PZ6_Bujnicki_1.pdb	AG	19.407523111569525
PZ6_Bujnicki_1.pdb	CG	19.491420314196247
PZ6_Bujnicki_1.pdb	AG	18.754719231651556
PZ6_Bujnicki_1.pdb	AG	17.287930570762587
PZ6_Bujnicki_1.pdb	CG	16.41360437941284
PZ6_Bujnicki_1.pdb	CG	14.333484965899114
PZ6_Bujnicki_1.pdb	GU	12.774889762257075
PZ6_Bujnicki_1.pdb	GG	11.875250611832282
PZ6_Bujnicki_1.pdb	CG	13.982495197151595
PZ6_Bujnicki_1.pdb	CG	18.071598938386245
PZ6_Bujnicki_1.pdb	GG	18.369133563424107
PZ6_Bujnicki_1.pdb	CG	18.98840564071762
PZ6_Bujnicki_1.pdb	CG	16.941402550641595
PZ6_Bujnicki_1.pdb	GG	16.26092307323694
PZ6_Bujnicki_1.pdb	GG	16.7896755330139
PZ6_Bujnicki_1.pdb	CG	18.001890864615948
PZ6_Bujnicki_1.pdb	AG	17.620091619313836
PZ6_Bujnicki_1.pdb	CG	16.92464155336281
PZ6_Bujnicki_1.pdb	AG	19.14781134870409
PZ6_Bujnicki_1.pdb	AG	16.015102439234166
PZ6_Bujnicki_1.pdb	CG	13.702575059609146
PZ6_Bujnicki_1.pdb	CG	12.200675539718915
PZ6_Bujnicki_1.pdb	GU	12.765109046625284
PZ6_Bujnicki_1.pdb	GG	14.01337827012572
PZ6_Bujnicki_1.pdb	CG	17.794390416363953
PZ6_Bujnicki_1.pdb	CG	18.705004911893845
PZ6_Bujnicki_1.pdb	CG	19.117730266575403
PZ6_Bujnicki_1.pdb	GG	18.49166340756333
PZ6_Bujnicki_1.pdb	GG	18.11001710378403
PZ6_Bujnicki_1.pdb	CG	17.883044104322455
PZ6_Bujnicki_1.pdb	AG	16.074878567624943
PZ6_Bujnicki_1.pdb	CG	14.371695741696017
PZ6_Bujnicki_1.pdb	GG	17.095730689691546
PZ6_Bujnicki_1.pdb	GG	19.729700273354688
PZ6_Bujnicki_1.pdb	AG	19.47691496469284
PZ6_Bujnicki_1.pdb	AG	14.999901906509455
PZ6_Bujnicki_1.pdb	CG	11.501282557071153
PZ6_Bujnicki_1.pdb	CG	11.449530525443897
PZ6_Bujnicki_1.pdb	GU	14.480373033383149
PZ6_Bujnicki_1.pdb	GG	17.514893301510405
PZ6_Bujnicki_1.pdb	AC	19.7774730601824
PZ6_Bujnicki_1.pdb	AG	18.719232680177296
PZ6_Bujnicki_1.pdb	AC	17.114611626328827
PZ6_Bujnicki_1.pdb	AA	14.15226065538289
PZ6_Bujnicki_1.pdb	AC	12.039187491785386
PZ6_Bujnicki_1.pdb	AG	13.44071329944932
PZ6_Bujnicki_1.pdb	AG	18.207222646836666
PZ6_Bujnicki_1.pdb	AA	14.937149354479185
PZ6_Bujnicki_1.pdb	AC	11.397410199806512
PZ6_Bujnicki_1.pdb	AC	13.68889212884284
PZ6_Bujnicki_1.pdb	AU	18.39743401593821
PZ6_Bujnicki_1.pdb	AG	19.71192618169686
PZ6_Bujnicki_1.pdb	AC	16.938044052204965
PZ6_Bujnicki_1.pdb	AA	13.285088961743456
PZ6_Bujnicki_1.pdb	AC	11.665155874887134
PZ6_Bujnicki_1.pdb	AG	11.537088767630637
PZ6_Bujnicki_1.pdb	AG	14.743440609379514
PZ6_Bujnicki_1.pdb	AU	19.727035997421197
PZ6_Bujnicki_1.pdb	AA	16.84991422837448
PZ6_Bujnicki_1.pdb	AC	14.237004035342709
PZ6_Bujnicki_1.pdb	AC	18.189551847006356
PZ6_Bujnicki_1.pdb	CG	19.929614744105972
PZ6_Bujnicki_1.pdb	GG	18.430836896096796
PZ6_Bujnicki_1.pdb	GG	15.974261575648066
PZ6_Bujnicki_1.pdb	CG	13.198048386633484
PZ6_Bujnicki_1.pdb	AG	10.690274554628274
PZ6_Bujnicki_1.pdb	CG	11.984505716793274
PZ6_Bujnicki_1.pdb	GG	13.510208552709333
PZ6_Bujnicki_1.pdb	GG	15.580386977022304
PZ6_Bujnicki_1.pdb	GU	19.299118409351713
PZ6_Bujnicki_1.pdb	AG	18.22472973949282
PZ6_Bujnicki_1.pdb	CG	17.17466596642269
PZ6_Bujnicki_1.pdb	CC	18.638638970244628
PZ6_Bujnicki_1.pdb	CG	16.611871742243093
PZ6_Bujnicki_1.pdb	CG	13.749579397440844
PZ6_Bujnicki_1.pdb	CC	11.05707058571058
PZ6_Bujnicki_1.pdb	AC	10.418922426084954
PZ6_Bujnicki_1.pdb	CC	14.231989419164563
PZ6_Bujnicki_1.pdb	CG	16.732287910457824
PZ6_Bujnicki_1.pdb	CG	17.696492756663297
PZ6_Bujnicki_1.pdb	CU	19.899300600116202
PZ6_Bujnicki_1.pdb	CC	18.813559142656356
PZ6_Bujnicki_1.pdb	CC	16.69715914198791
PZ6_Bujnicki_1.pdb	CG	14.350712305798494
PZ6_Bujnicki_1.pdb	CG	11.752608481512752
PZ6_Bujnicki_1.pdb	CC	10.46625225741052
PZ6_Bujnicki_1.pdb	AC	12.489767504159328
PZ6_Bujnicki_1.pdb	CC	17.822121139559705
PZ6_Bujnicki_1.pdb	GU	19.426358895358845
PZ6_Bujnicki_1.pdb	CG	16.762534302895734
PZ6_Bujnicki_1.pdb	CG	14.37267486581551
PZ6_Bujnicki_1.pdb	GG	12.38805442891881
PZ6_Bujnicki_1.pdb	GG	11.292359734997177
PZ6_Bujnicki_1.pdb	CG	12.487676430766978
PZ6_Bujnicki_1.pdb	AG	16.299340330161463
PZ6_Bujnicki_1.pdb	AG	19.970632355706865
PZ6_Bujnicki_1.pdb	AG	18.644478265906756
PZ6_Bujnicki_1.pdb	GG	18.532516610391387
PZ6_Bujnicki_1.pdb	GU	16.8417561383924
PZ6_Bujnicki_1.pdb	CG	14.200752090129003
PZ6_Bujnicki_1.pdb	CG	12.038957793915635
PZ6_Bujnicki_1.pdb	GG	11.429146854988327
PZ6_Bujnicki_1.pdb	GG	12.775511803949316
PZ6_Bujnicki_1.pdb	CG	16.08381170162523
PZ6_Bujnicki_1.pdb	AU	14.934086343071499
PZ6_Bujnicki_1.pdb	GU	15.34521083095216
PZ6_Bujnicki_1.pdb	UU	14.301275593560433
PZ6_Bujnicki_1.pdb	CU	12.457398201434264
PZ6_Bujnicki_1.pdb	CU	11.675211642978068
PZ6_Bujnicki_1.pdb	GU	13.268367833620793
PZ6_Bujnicki_1.pdb	GU	16.516228563257336
PZ6_Bujnicki_1.pdb	GG	12.719837437011499
PZ6_Bujnicki_1.pdb	GU	13.56464480833792
PZ6_Bujnicki_1.pdb	CG	13.662801003365741
PZ6_Bujnicki_1.pdb	CG	14.865492216515195
PZ6_Bujnicki_1.pdb	GG	17.883478196633238
PZ6_Bujnicki_1.pdb	CU	15.632544119816998
PZ6_Bujnicki_1.pdb	CC	17.485959822487246
PZ6_Bujnicki_1.pdb	CC	19.859729199372723
PZ6_Bujnicki_1.pdb	AC	19.66873355516558
PZ6_Bujnicki_1.pdb	AC	19.930845680750604
PZ6_Bujnicki_1.pdb	AG	19.53404526559783
PZ6_Bujnicki_1.pdb	AG	18.523181451650302
PZ6_Bujnicki_1.pdb	CG	19.247353080456666
PZ6_Bujnicki_1.pdb	CC	19.266548155827586
PZ6_Bujnicki_1.pdb	AC	16.32531924891283
PZ6_Bujnicki_1.pdb	AC	14.973910934603275
PZ6_Bujnicki_1.pdb	CC	17.43852589484558
PZ6_Bujnicki_1.pdb	AU	16.107119819119536
PZ6_Bujnicki_1.pdb	AC	15.669308108610654
PZ6_Bujnicki_1.pdb	AC	16.786920366173526
PZ6_Bujnicki_1.pdb	AA	16.89294995279418
PZ6_Bujnicki_1.pdb	AA	13.887560543786517
PZ6_Bujnicki_1.pdb	AA	11.273414030252507
PZ6_Bujnicki_1.pdb	AC	13.441413820204156
PZ6_Bujnicki_1.pdb	AC	18.51690217230931
PZ6_Bujnicki_1.pdb	CC	15.41148259785118
PZ6_Bujnicki_1.pdb	CC	15.773776048965985
PZ6_Bujnicki_1.pdb	CC	19.593189646325726
PZ6_Bujnicki_1.pdb	AC	18.37840024335988
PZ6_Bujnicki_1.pdb	CC	19.550457807210098
PZ6_Bujnicki_1.pdb	CG	15.542429029294325
PZ6_Bujnicki_1.pdb	AC	12.499253994887834
PZ6_Bujnicki_1.pdb	AC	11.308303707756513
PZ6_Bujnicki_1.pdb	AC	6.963880478109288
PZ6_Bujnicki_1.pdb	CC	8.29624490093576
PZ6_Bujnicki_1.pdb	CC	14.134162002975293
PZ6_Bujnicki_1.pdb	CU	19.51669405866589
PZ6_Bujnicki_1.pdb	CG	15.451101457454469
PZ6_Bujnicki_1.pdb	CG	19.512178077316896
PZ6_Bujnicki_1.pdb	GG	17.821214465557784
PZ6_Bujnicki_1.pdb	CG	16.50401881923522
PZ6_Bujnicki_1.pdb	CG	14.580464386184696
PZ6_Bujnicki_1.pdb	AG	13.321397141954039
PZ6_Bujnicki_1.pdb	CG	15.385982002046518
PZ6_Bujnicki_1.pdb	GU	19.944729040787763
PZ6_Bujnicki_1.pdb	GG	15.464477448852163
PZ6_Bujnicki_1.pdb	AG	13.731302319469766
PZ6_Bujnicki_1.pdb	AG	14.793716559549445
PZ6_Bujnicki_1.pdb	AG	10.216885875756455
PZ6_Bujnicki_1.pdb	CG	9.878808327185709
PZ6_Bujnicki_1.pdb	CG	15.775126329724197
PZ6_Bujnicki_1.pdb	CG	17.152348595434738
PZ6_Bujnicki_1.pdb	GG	15.596095831433063
PZ6_Bujnicki_1.pdb	CG	14.258587602964
PZ6_Bujnicki_1.pdb	CG	13.084220380467213
PZ6_Bujnicki_1.pdb	AG	14.115531263945975
PZ6_Bujnicki_1.pdb	CG	17.84344127733855
PZ6_Bujnicki_1.pdb	GG	19.723795435995708
PZ6_Bujnicki_1.pdb	AG	17.334994014131496
PZ6_Bujnicki_1.pdb	AG	18.49402707346959
PZ6_Bujnicki_1.pdb	AG	14.94923461839174
PZ6_Bujnicki_1.pdb	CG	15.496332134224579
PZ6_Bujnicki_1.pdb	GU	13.221103653281947
PZ6_Bujnicki_1.pdb	CU	13.295287922032799
PZ6_Bujnicki_1.pdb	CU	14.254893188927655
PZ6_Bujnicki_1.pdb	AU	17.512076642771095
PZ6_Bujnicki_1.pdb	AU	19.68510774274045
PZ6_Bujnicki_1.pdb	AU	18.25327919859265
PZ6_Bujnicki_1.pdb	CC	16.04017947779879
PZ6_Bujnicki_1.pdb	CC	18.515009108792675
PZ6_Bujnicki_1.pdb	AC	19.28011292821649
PZ6_Bujnicki_1.pdb	CC	17.52022016051856
PZ6_Bujnicki_1.pdb	AC	17.0644007906943
PZ6_Bujnicki_1.pdb	AC	16.836735575494664
PZ6_Bujnicki_1.pdb	AC	17.384697158563608
PZ6_Bujnicki_1.pdb	AC	18.010702773664264
PZ6_Bujnicki_1.pdb	AC	19.024991747187794
PZ6_Bujnicki_1.pdb	GU	19.694855432061665
PZ6_Bujnicki_1.pdb	CG	19.205362997215595
PZ6_Bujnicki_1.pdb	AG	16.679026554770186
PZ6_Bujnicki_1.pdb	AG	19.24885775050376
PZ6_Bujnicki_1.pdb	AG	19.777350832675754
PZ6_Bujnicki_1.pdb	CG	18.552612883382047
PZ6_Bujnicki_1.pdb	CU	17.705902453536677
PZ6_Bujnicki_1.pdb	CC	18.02699461255138
PZ6_Bujnicki_1.pdb	AC	19.246487424749493
PZ6_Bujnicki_1.pdb	CG	19.19129180870821
PZ6_Bujnicki_1.pdb	AC	17.415873436635813
PZ6_Bujnicki_1.pdb	CG	19.1662715732809
PZ6_Bujnicki_1.pdb	AC	18.858409993264594
PZ6_Bujnicki_1.pdb	CG	18.203253388617394
PZ6_Bujnicki_1.pdb	CU	18.18260262777537
PZ6_Bujnicki_1.pdb	CC	18.49236607818136
PZ6_Bujnicki_1.pdb	AC	18.84261589746686
PZ6_Bujnicki_1.pdb	CG	19.131608552881335
PZ6_Bujnicki_1.pdb	CG	17.71335285916467
PZ6_Bujnicki_1.pdb	AC	17.650124351603743
PZ6_Bujnicki_1.pdb	AC	19.661732463125887
PZ6_Bujnicki_1.pdb	CC	19.717790548174072
PZ6_Bujnicki_1.pdb	AG	17.397828027574622
PZ6_Bujnicki_1.pdb	AA	19.209896466245464
PZ6_Bujnicki_1.pdb	AG	19.507745728036973
PZ6_Bujnicki_1.pdb	AU	19.300405737370898
PZ6_Bujnicki_1.pdb	AC	18.649467612926028
PZ6_Bujnicki_1.pdb	AA	17.38410367017365
PZ6_Bujnicki_1.pdb	AG	16.13598929546046
PZ6_Bujnicki_1.pdb	AG	14.58558918423768
PZ6_Bujnicki_1.pdb	AA	16.600658525019316
PZ6_Bujnicki_1.pdb	AA	17.88611226995215
PZ6_Bujnicki_1.pdb	AC	16.289521247246025
PZ6_Bujnicki_1.pdb	AC	19.313954789979416
PZ6_Bujnicki_1.pdb	CG	16.70234429130041
PZ6_Bujnicki_1.pdb	AC	19.87444290274468
PZ6_Bujnicki_1.pdb	CU	19.96768929990578
PZ6_Bujnicki_1.pdb	CC	18.514720606814006
PZ6_Bujnicki_1.pdb	AC	16.02673952291845
PZ6_Bujnicki_1.pdb	CG	13.658542997409125
PZ6_Bujnicki_1.pdb	CG	12.704212662501245
PZ6_Bujnicki_1.pdb	AC	16.713901520608275
PZ6_Bujnicki_1.pdb	AC	17.910620749102918
PZ6_Bujnicki_1.pdb	CC	15.118883437070888
PZ6_Bujnicki_1.pdb	CC	16.467521862225464
PZ6_Bujnicki_1.pdb	GU	19.24223087434968
PZ6_Bujnicki_1.pdb	GU	15.266054381657659
PZ6_Bujnicki_1.pdb	AU	18.89059572313443
PZ6_Bujnicki_1.pdb	GU	19.477320317241276
PZ6_Bujnicki_1.pdb	UU	18.430179784008804
PZ6_Bujnicki_1.pdb	CU	16.466052124756743
PZ6_Bujnicki_1.pdb	AU	13.42419774716667
PZ6_Bujnicki_1.pdb	GU	11.100361772012072
PZ6_Bujnicki_1.pdb	GU	12.305591726787041
PZ6_Bujnicki_1.pdb	AU	17.759914519238368
PZ6_Bujnicki_1.pdb	AU	19.985230273983795
PZ6_Bujnicki_1.pdb	CU	17.132716515279913
PZ6_Bujnicki_1.pdb	CU	16.53968319070785
PZ6_Bujnicki_1.pdb	CG	19.505362131546434
PZ6_Bujnicki_1.pdb	CG	19.555596785284703
PZ6_Bujnicki_1.pdb	GG	18.309442365076652
PZ6_Bujnicki_1.pdb	GG	15.156666603186322
PZ6_Bujnicki_1.pdb	AG	18.299740927285697
PZ6_Bujnicki_1.pdb	GG	18.33603625669198
PZ6_Bujnicki_1.pdb	GU	16.632991111397786
PZ6_Bujnicki_1.pdb	CG	14.23328358822571
PZ6_Bujnicki_1.pdb	AG	11.138534355387792
PZ6_Bujnicki_1.pdb	GG	9.975002917919191
PZ6_Bujnicki_1.pdb	GG	13.668322401601182
PZ6_Bujnicki_1.pdb	AG	19.482026868228747
PZ6_Bujnicki_1.pdb	CG	18.740462755593178
PZ6_Bujnicki_1.pdb	GG	17.72794217057992
PZ6_Bujnicki_1.pdb	GU	19.646239316399026
PZ6_Bujnicki_1.pdb	CU	19.92720870979932
PZ6_Bujnicki_1.pdb	GU	18.916442060740064
PZ6_Bujnicki_1.pdb	GU	16.504924764123942
PZ6_Bujnicki_1.pdb	AU	18.407166490081483
PZ6_Bujnicki_1.pdb	GU	17.565031699193156
PZ6_Bujnicki_1.pdb	UU	15.142525295628312
PZ6_Bujnicki_1.pdb	CU	12.545450273260156
PZ6_Bujnicki_1.pdb	AU	10.259129172325174
PZ6_Bujnicki_1.pdb	GU	11.223914355972997
PZ6_Bujnicki_1.pdb	GU	16.455220547640394
PZ6_Bujnicki_1.pdb	CU	18.58017788676353
PZ6_Bujnicki_1.pdb	GU	13.668606267429363
PZ6_Bujnicki_1.pdb	GG	19.714572532234335
PZ6_Bujnicki_1.pdb	CG	15.919122183002779
PZ6_Bujnicki_1.pdb	GG	15.760896062562768
PZ6_Bujnicki_1.pdb	AG	17.19480601437746
PZ6_Bujnicki_1.pdb	GG	19.268160243628664
PZ6_Bujnicki_1.pdb	GG	19.72313723871008
PZ6_Bujnicki_1.pdb	CG	19.954967568112394
PZ6_Bujnicki_1.pdb	GG	18.713580771069076
PZ6_Bujnicki_1.pdb	GG	16.946589433045528
PZ6_Bujnicki_1.pdb	AG	17.350496413255275
PZ6_Bujnicki_1.pdb	GG	15.866628535883558
PZ6_Bujnicki_1.pdb	GU	13.453658854378029
PZ6_Bujnicki_1.pdb	CG	11.926264089587807
PZ6_Bujnicki_1.pdb	AG	11.976344123101107
PZ6_Bujnicki_1.pdb	GG	15.078743653372827
PZ6_Bujnicki_1.pdb	CG	18.58735714366668
PZ6_Bujnicki_1.pdb	GG	13.390294319322757
PZ6_Bujnicki_1.pdb	AG	19.794249051208155
PZ6_Bujnicki_1.pdb	AG	19.923555267897342
PZ6_Bujnicki_1.pdb	AA	19.596063270112374
PZ6_Bujnicki_1.pdb	AG	19.130225413306484
PZ6_Bujnicki_1.pdb	AG	15.128717163740365
PZ6_Bujnicki_1.pdb	AC	12.346307176990393
PZ6_Bujnicki_1.pdb	AG	13.49617052903119
PZ6_Bujnicki_1.pdb	AA	16.007146556437988
PZ6_Bujnicki_1.pdb	AG	19.24626909810936
PZ6_Bujnicki_1.pdb	AG	19.30887597925736
PZ6_Bujnicki_1.pdb	AC	19.60143299911931
PZ6_Bujnicki_1.pdb	AC	18.65768383513674
PZ6_Bujnicki_1.pdb	AG	17.145400398802366
PZ6_Bujnicki_1.pdb	AG	16.322877580278707
PZ6_Bujnicki_1.pdb	AA	15.55712700633862
PZ6_Bujnicki_1.pdb	AG	14.283845923856294
PZ6_Bujnicki_1.pdb	AU	13.212194570366075
PZ6_Bujnicki_1.pdb	AC	13.885511985683518
PZ6_Bujnicki_1.pdb	AA	16.001318981253885
PZ6_Bujnicki_1.pdb	AG	17.536818341705814
PZ6_Bujnicki_1.pdb	CG	16.688452788468673
PZ6_Bujnicki_1.pdb	AC	17.31867945116944
PZ6_Bujnicki_1.pdb	CG	18.959766864933396
PZ6_Bujnicki_1.pdb	CC	18.983740018681267
PZ6_Bujnicki_1.pdb	CG	16.096882415378673
PZ6_Bujnicki_1.pdb	CG	13.687034007155535
PZ6_Bujnicki_1.pdb	CC	12.805544231596935
PZ6_Bujnicki_1.pdb	CG	14.91525533765451
PZ6_Bujnicki_1.pdb	AC	17.59060274905541
PZ6_Bujnicki_1.pdb	CC	18.223634495560567
PZ6_Bujnicki_1.pdb	CC	16.702832428532105
PZ6_Bujnicki_1.pdb	CG	14.935606305707696
PZ6_Bujnicki_1.pdb	CG	15.383192909258906
PZ6_Bujnicki_1.pdb	AC	13.891978010815473
PZ6_Bujnicki_1.pdb	CG	13.766364467327037
PZ6_Bujnicki_1.pdb	CU	14.866439903915095
PZ6_Bujnicki_1.pdb	CC	17.485190133286245
PZ6_Bujnicki_1.pdb	AG	15.486744717515505
PZ6_Bujnicki_1.pdb	GG	18.62603988973138
PZ6_Bujnicki_1.pdb	GG	18.772758638732842
PZ6_Bujnicki_1.pdb	CG	18.168343077018204
PZ6_Bujnicki_1.pdb	GG	16.97114683026303
PZ6_Bujnicki_1.pdb	GG	16.215342020279074
PZ6_Bujnicki_1.pdb	CG	16.17580443474422
PZ6_Bujnicki_1.pdb	GG	17.869740045027978
PZ6_Bujnicki_1.pdb	AG	19.646182445725827
PZ6_Bujnicki_1.pdb	GU	18.25556780019345
PZ6_Bujnicki_1.pdb	CG	15.712444552769552
PZ6_Bujnicki_1.pdb	CG	13.950535295310313
PZ6_Bujnicki_1.pdb	GG	12.709151450708507
PZ6_Bujnicki_1.pdb	GG	15.075098133131405
PZ6_Bujnicki_1.pdb	AG	14.237307708949793
PZ6_Bujnicki_1.pdb	GG	15.990092344642257
PZ6_Bujnicki_1.pdb	GU	18.750921325111086
PZ6_Bujnicki_1.pdb	GG	18.435724182313272
PZ6_Bujnicki_1.pdb	GG	19.079289225332545
PZ6_Bujnicki_1.pdb	GG	18.96703582320828
PZ6_Bujnicki_1.pdb	GG	19.761983229213957
PZ6_Bujnicki_1.pdb	AG	18.133594636247203
PZ6_Bujnicki_1.pdb	GU	15.715030557455332
PZ6_Bujnicki_1.pdb	CG	12.900869539648431
PZ6_Bujnicki_1.pdb	CG	11.852994159776554
PZ6_Bujnicki_1.pdb	GG	12.44819569081723
PZ6_Bujnicki_1.pdb	GG	16.818329124372223
PZ6_Bujnicki_1.pdb	AG	17.469729987500724
PZ6_Bujnicki_1.pdb	GG	18.994647308786078
PZ6_Bujnicki_1.pdb	GG	18.460130531944028
PZ6_Bujnicki_1.pdb	GG	19.944435861963765
PZ6_Bujnicki_1.pdb	GG	17.78553293881816
PZ6_Bujnicki_1.pdb	AG	15.307204567983568
PZ6_Bujnicki_1.pdb	GU	13.51923818742975
PZ6_Bujnicki_1.pdb	CG	12.003669592134099
PZ6_Bujnicki_1.pdb	CG	13.189638938680789
PZ6_Bujnicki_1.pdb	GG	15.866787835793245
PZ6_Bujnicki_1.pdb	GG	18.666322189481097
PZ6_Bujnicki_1.pdb	GG	17.630419846666097
PZ6_Bujnicki_1.pdb	GG	18.018173236207975
PZ6_Bujnicki_1.pdb	GG	19.77944550525031
PZ6_Bujnicki_1.pdb	CG	19.790424736856146
PZ6_Bujnicki_1.pdb	GG	18.402632442820824
PZ6_Bujnicki_1.pdb	AG	16.856862642658186
PZ6_Bujnicki_1.pdb	GG	17.723910251550457
PZ6_Bujnicki_1.pdb	GG	13.895503974415169
PZ6_Bujnicki_1.pdb	AG	12.527095272632229
PZ6_Bujnicki_1.pdb	GU	12.971415710510147
PZ6_Bujnicki_1.pdb	CG	13.882346251978593
PZ6_Bujnicki_1.pdb	CG	16.73576575489074
PZ6_Bujnicki_1.pdb	GG	19.922547946586555
PZ6_Bujnicki_1.pdb	AA	19.20648164439232
PZ6_Bujnicki_1.pdb	AG	17.624691083851907
PZ6_Bujnicki_1.pdb	AG	17.621412552272027
PZ6_Bujnicki_1.pdb	AG	18.232155019911804
PZ6_Bujnicki_1.pdb	AG	19.51291966304802
PZ6_Bujnicki_1.pdb	AG	19.925180208671804
PZ6_Bujnicki_1.pdb	AG	18.767381138982422
PZ6_Bujnicki_1.pdb	AC	16.46215007008119
PZ6_Bujnicki_1.pdb	AG	14.291536947487964
PZ6_Bujnicki_1.pdb	AA	12.478929500588297
PZ6_Bujnicki_1.pdb	AG	14.000779570097079
PZ6_Bujnicki_1.pdb	AG	11.706011011914029
PZ6_Bujnicki_1.pdb	AA	12.88747573494231
PZ6_Bujnicki_1.pdb	AU	15.421454054143782
PZ6_Bujnicki_1.pdb	AC	17.741482585153186
PZ6_Bujnicki_1.pdb	AG	18.28239445903777
PZ6_Bujnicki_1.pdb	GG	18.214356729366404
PZ6_Bujnicki_1.pdb	GG	18.93060624737445
PZ6_Bujnicki_1.pdb	GG	19.37285409815365
PZ6_Bujnicki_1.pdb	GG	19.819321913318397
PZ6_Bujnicki_1.pdb	CG	19.68932533035429
PZ6_Bujnicki_1.pdb	GG	18.215099701409613
PZ6_Bujnicki_1.pdb	GG	16.367472729603914
PZ6_Bujnicki_1.pdb	CG	13.570620679810004
PZ6_Bujnicki_1.pdb	GG	10.876573970620642
PZ6_Bujnicki_1.pdb	AG	9.604981920247111
PZ6_Bujnicki_1.pdb	GG	12.607041789435492
PZ6_Bujnicki_1.pdb	GG	12.98484106385016
PZ6_Bujnicki_1.pdb	AG	16.46541961325872
PZ6_Bujnicki_1.pdb	GU	18.78622317104042
PZ6_Bujnicki_1.pdb	AU	18.202024678361038
PZ6_Bujnicki_1.pdb	GU	19.054925368512006
PZ6_Bujnicki_1.pdb	GU	19.850591578647638
PZ6_Bujnicki_1.pdb	GU	19.788201959046013
PZ6_Bujnicki_1.pdb	GU	19.31586666424803
PZ6_Bujnicki_1.pdb	CU	18.16922030266746
PZ6_Bujnicki_1.pdb	GU	16.1683485130032
PZ6_Bujnicki_1.pdb	GU	14.275031769817542
PZ6_Bujnicki_1.pdb	CU	12.132786772699674
PZ6_Bujnicki_1.pdb	GU	10.396511149852374
PZ6_Bujnicki_1.pdb	AU	11.214199046301227
PZ6_Bujnicki_1.pdb	GU	15.516225650890282
PZ6_Bujnicki_1.pdb	GU	17.527070150839496
PZ6_Bujnicki_1.pdb	CC	19.821219182028265
PZ6_Bujnicki_1.pdb	CG	18.55530907668179
PZ6_Bujnicki_1.pdb	CG	18.129608391117984
PZ6_Bujnicki_1.pdb	AC	18.800803784361833
PZ6_Bujnicki_1.pdb	CG	19.882452909439294
PZ6_Bujnicki_1.pdb	CG	18.498973743727415
PZ6_Bujnicki_1.pdb	CC	16.491743407653708
PZ6_Bujnicki_1.pdb	CG	14.459312961255034
PZ6_Bujnicki_1.pdb	CG	13.38835364783534
PZ6_Bujnicki_1.pdb	CC	13.118669792687825
PZ6_Bujnicki_1.pdb	CG	13.311728914625979
PZ6_Bujnicki_1.pdb	AC	15.850630524772917
PZ6_Bujnicki_1.pdb	CG	18.68349688526809
PZ6_Bujnicki_1.pdb	AG	19.666196006895394
PZ6_Bujnicki_1.pdb	GG	16.194854206364678
PZ6_Bujnicki_1.pdb	CG	16.927927328569133
PZ6_Bujnicki_1.pdb	GG	17.334102845770794
PZ6_Bujnicki_1.pdb	GG	17.985599871631898
PZ6_Bujnicki_1.pdb	AG	19.061558483802205
PZ6_Bujnicki_1.pdb	GG	19.84931486100875
PZ6_Bujnicki_1.pdb	GG	18.43508153117287
PZ6_Bujnicki_1.pdb	GG	16.360885570736873
PZ6_Bujnicki_1.pdb	CG	14.050012685243022
PZ6_Bujnicki_1.pdb	GG	12.997474124759144
PZ6_Bujnicki_1.pdb	GG	13.872381703202292
PZ6_Bujnicki_1.pdb	CG	15.914208423842856
PZ6_Bujnicki_1.pdb	GG	17.729305355173416
PZ6_Bujnicki_1.pdb	CC	17.567593210313273
PZ6_Bujnicki_1.pdb	AC	17.38105333763625
PZ6_Bujnicki_1.pdb	CG	15.95538300710982
PZ6_Bujnicki_1.pdb	CG	13.029533185716778
PZ6_Bujnicki_1.pdb	CC	15.827562303757553
PZ6_Bujnicki_1.pdb	CG	17.671820927289534
PZ6_Bujnicki_1.pdb	CG	18.65099749727051
PZ6_Bujnicki_1.pdb	AC	19.401866639504703
PZ6_Bujnicki_1.pdb	CG	19.537480979650123
PZ6_Bujnicki_1.pdb	CG	18.41079710563089
PZ6_Bujnicki_1.pdb	CG	16.26321756102547
PZ6_Bujnicki_1.pdb	CG	13.742176399003863
PZ6_Bujnicki_1.pdb	CC	11.813509865317569
PZ6_Bujnicki_1.pdb	CG	12.706797316536518
PZ6_Bujnicki_1.pdb	CG	15.761262755573501
PZ6_Bujnicki_1.pdb	CC	19.47393363224912
PZ6_Bujnicki_1.pdb	CC	18.93134620114274
PZ6_Bujnicki_1.pdb	AC	18.21753384092482
PZ6_Bujnicki_1.pdb	AC	18.47893169693482
PZ6_Bujnicki_1.pdb	CG	12.632504363587897
PZ6_Bujnicki_1.pdb	CG	11.260207217411523
PZ6_Bujnicki_1.pdb	CC	15.482745741254236
PZ6_Bujnicki_1.pdb	CG	17.97239988881884
PZ6_Bujnicki_1.pdb	CG	18.689241431164096
PZ6_Bujnicki_1.pdb	AC	18.814917021962593
PZ6_Bujnicki_1.pdb	CG	18.090082453665655
PZ6_Bujnicki_1.pdb	CG	16.256446362043814
PZ6_Bujnicki_1.pdb	CG	13.96873574308923
PZ6_Bujnicki_1.pdb	CG	12.069645527237558
PZ6_Bujnicki_1.pdb	CC	11.991455587687982
PZ6_Bujnicki_1.pdb	CG	15.166484789808363
PZ6_Bujnicki_1.pdb	CG	19.57351022595794
PZ6_Bujnicki_1.pdb	AC	17.005614089653662
PZ6_Bujnicki_1.pdb	CG	12.069358669308658
PZ6_Bujnicki_1.pdb	CG	12.02821953002864
PZ6_Bujnicki_1.pdb	CC	16.22628862877293
PZ6_Bujnicki_1.pdb	CG	18.482536277714196
PZ6_Bujnicki_1.pdb	CG	18.4735561397729
PZ6_Bujnicki_1.pdb	AC	17.756890014244235
PZ6_Bujnicki_1.pdb	CG	16.195564316815883
PZ6_Bujnicki_1.pdb	CG	13.997252440580917
PZ6_Bujnicki_1.pdb	CG	12.381672853888348
PZ6_Bujnicki_1.pdb	CG	12.295098375676838
PZ6_Bujnicki_1.pdb	CC	14.538650771181276
PZ6_Bujnicki_1.pdb	CG	19.050239698629046
PZ6_Bujnicki_1.pdb	CG	19.557874025995027
PZ6_Bujnicki_1.pdb	AC	17.78270968858178
PZ6_Bujnicki_1.pdb	CG	13.985100253895665
PZ6_Bujnicki_1.pdb	CG	14.211736280623407
PZ6_Bujnicki_1.pdb	CC	17.176417139912644
PZ6_Bujnicki_1.pdb	CG	18.59311406623834
PZ6_Bujnicki_1.pdb	CG	17.704138558963912
PZ6_Bujnicki_1.pdb	AC	16.247380966825407
PZ6_Bujnicki_1.pdb	CG	14.256292025982487
PZ6_Bujnicki_1.pdb	CG	12.56663442474764
PZ6_Bujnicki_1.pdb	CG	12.799716347705289
PZ6_Bujnicki_1.pdb	CG	14.999857048529083
PZ6_Bujnicki_1.pdb	CC	18.777853732596277
PZ6_Bujnicki_1.pdb	GU	18.717115174753875
PZ6_Bujnicki_1.pdb	GU	17.25824545420431
PZ6_Bujnicki_1.pdb	GU	16.803531034821017
PZ6_Bujnicki_1.pdb	CU	17.887039976132403
PZ6_Bujnicki_1.pdb	GU	17.978470746119832
PZ6_Bujnicki_1.pdb	GU	16.118633261505263
PZ6_Bujnicki_1.pdb	AU	14.14217710146031
PZ6_Bujnicki_1.pdb	GU	12.4163799769433
PZ6_Bujnicki_1.pdb	GU	12.37122807668105
PZ6_Bujnicki_1.pdb	GU	14.898903994010444
PZ6_Bujnicki_1.pdb	GU	18.733719547793115
PZ6_Bujnicki_1.pdb	AC	19.838568880927177
PZ6_Bujnicki_1.pdb	CG	19.01666044018039
PZ6_Bujnicki_1.pdb	CC	18.11316702934161
PZ6_Bujnicki_1.pdb	CG	16.763772878011764
PZ6_Bujnicki_1.pdb	CG	14.172069760869423
PZ6_Bujnicki_1.pdb	AC	12.319906440747609
PZ6_Bujnicki_1.pdb	CG	11.985857043909888
PZ6_Bujnicki_1.pdb	CG	14.22450211455749
PZ6_Bujnicki_1.pdb	CG	18.358022953148794
PZ6_Bujnicki_1.pdb	GU	19.68065512089188
PZ6_Bujnicki_1.pdb	CG	17.55410318395898
PZ6_Bujnicki_1.pdb	GG	15.248849520977444
PZ6_Bujnicki_1.pdb	GG	12.971002925249884
PZ6_Bujnicki_1.pdb	AG	12.68629368468471
PZ6_Bujnicki_1.pdb	GG	14.580082556288309
PZ6_Bujnicki_1.pdb	GG	18.383331855882773
PZ6_Bujnicki_1.pdb	GG	19.98325468118059
PZ6_Bujnicki_1.pdb	GG	19.44895868902196
PZ6_Bujnicki_1.pdb	CG	15.721395684321463
PZ6_Bujnicki_1.pdb	GG	13.696753868448852
PZ6_Bujnicki_1.pdb	GG	13.34008720733416
PZ6_Bujnicki_1.pdb	AG	15.395395282272935
PZ6_Bujnicki_1.pdb	GG	18.772785524164394
PZ6_Bujnicki_1.pdb	GU	18.459241548656287
PZ6_Bujnicki_1.pdb	GG	18.554260412851185
PZ6_Bujnicki_1.pdb	CG	14.841371061824285
PZ6_Bujnicki_1.pdb	GG	14.430068212807827
PZ6_Bujnicki_1.pdb	GG	16.300136927254144
PZ6_Bujnicki_1.pdb	AG	19.705969183808474
PZ6_Bujnicki_1.pdb	AG	16.467404618318163
PZ6_Bujnicki_1.pdb	AC	19.60066471773229
PZ6_Bujnicki_1.pdb	AG	19.360975172414822
PZ6_Bujnicki_1.pdb	AA	19.162300675165987
PZ6_Bujnicki_1.pdb	AG	19.072521965656083
PZ6_Bujnicki_1.pdb	AG	17.915271673820403
PZ6_Bujnicki_1.pdb	AC	15.017865863326595
PZ6_Bujnicki_1.pdb	AG	16.59017220988423
PZ6_Bujnicki_1.pdb	CU	15.908686504259443
PZ6_Bujnicki_1.pdb	CU	18.5355979443042
PZ6_Bujnicki_1.pdb	GU	18.233441758717234
PZ6_Bujnicki_1.pdb	GU	15.833849837076626
PZ6_Bujnicki_1.pdb	GU	13.17359802241142
PZ6_Bujnicki_1.pdb	AU	15.324189615216264
PZ6_Bujnicki_1.pdb	AU	13.662568353039289
PZ6_Bujnicki_1.pdb	GU	14.35129559465871
PZ6_Bujnicki_1.pdb	GU	14.301192170677844
PZ6_Bujnicki_1.pdb	CU	13.355647137547367
PZ6_Bujnicki_1.pdb	GU	17.10511125037663
PZ6_Bujnicki_1.pdb	CG	17.86453476403538
PZ6_Bujnicki_1.pdb	CG	19.80413792536335
PZ6_Bujnicki_1.pdb	CG	16.375754497169655
PZ6_Bujnicki_1.pdb	GG	13.88284501267108
PZ6_Bujnicki_1.pdb	GG	12.881350179716723
PZ6_Bujnicki_1.pdb	GG	12.625276197910422
PZ6_Bujnicki_1.pdb	AG	16.672700496613356
PZ6_Bujnicki_1.pdb	AG	16.716492309298502
PZ6_Bujnicki_1.pdb	GG	17.672777938213674
PZ6_Bujnicki_1.pdb	GG	17.265343449770807
PZ6_Bujnicki_1.pdb	CG	15.79770632681335
PZ6_Bujnicki_1.pdb	GG	19.586587983113667
PZ6_Bujnicki_1.pdb	GU	19.608187219473923
PZ6_Bujnicki_1.pdb	CU	15.180400067249431
PZ6_Bujnicki_1.pdb	CU	11.971623656154806
PZ6_Bujnicki_1.pdb	GU	10.794940374574407
PZ6_Bujnicki_1.pdb	GU	11.892886748584727
PZ6_Bujnicki_1.pdb	GU	13.711518611476809
PZ6_Bujnicki_1.pdb	AU	18.844353283368488
PZ6_Bujnicki_1.pdb	AU	19.649785612742473
PZ6_Bujnicki_1.pdb	GU	19.061786416875762
PZ6_Bujnicki_1.pdb	CU	17.201284958569076
PZ6_Bujnicki_1.pdb	CG	18.354409449875988
PZ6_Bujnicki_1.pdb	GU	19.100160951475196
PZ6_Bujnicki_1.pdb	GG	19.92967602291359
PZ6_Bujnicki_1.pdb	GG	18.595920300283296
PZ6_Bujnicki_1.pdb	GG	14.627100504823167
PZ6_Bujnicki_1.pdb	CG	11.556583641641772
PZ6_Bujnicki_1.pdb	CG	10.675316534753996
PZ6_Bujnicki_1.pdb	GG	11.644704962211481
PZ6_Bujnicki_1.pdb	GG	13.495939623797826
PZ6_Bujnicki_1.pdb	GG	14.919612166855567
PZ6_Bujnicki_1.pdb	AG	19.93929035367003
PZ6_Bujnicki_1.pdb	GG	18.87466770887356
PZ6_Bujnicki_1.pdb	GG	16.619305069155626
PZ6_Bujnicki_1.pdb	CG	14.466673003495714
PZ6_Bujnicki_1.pdb	GG	18.267328511450494
PZ6_Bujnicki_1.pdb	CU	16.877776219272057
PZ6_Bujnicki_1.pdb	CG	18.985874179224307
PZ6_Bujnicki_1.pdb	CG	15.452567844784431
PZ6_Bujnicki_1.pdb	CG	13.091826122641065
PZ6_Bujnicki_1.pdb	CC	12.190617055899176
PZ6_Bujnicki_1.pdb	CC	12.942280447280545
PZ6_Bujnicki_1.pdb	CG	14.10219594643444
PZ6_Bujnicki_1.pdb	CG	15.1281901639075
PZ6_Bujnicki_1.pdb	CG	15.289455268860559
PZ6_Bujnicki_1.pdb	AC	19.465491332788847
PZ6_Bujnicki_1.pdb	AC	19.068716856658686
PZ6_Bujnicki_1.pdb	CG	16.444223764528907
PZ6_Bujnicki_1.pdb	CG	13.600795197416792
PZ6_Bujnicki_1.pdb	CC	12.437451756173244
PZ6_Bujnicki_1.pdb	CG	16.784105683049525
PZ6_Bujnicki_1.pdb	CG	17.95754012757532
PZ6_Bujnicki_1.pdb	AC	19.679770534883506
PZ6_Bujnicki_1.pdb	CG	15.476802579077988
PZ6_Bujnicki_1.pdb	CG	15.045440953257817
PZ6_Bujnicki_1.pdb	CC	15.496863380799715
PZ6_Bujnicki_1.pdb	CC	16.409489669669757
PZ6_Bujnicki_1.pdb	CG	16.757857565129353
PZ6_Bujnicki_1.pdb	CG	16.474853282528848
PZ6_Bujnicki_1.pdb	CG	15.22072289201781
PZ6_Bujnicki_1.pdb	AC	18.06397093678988
PZ6_Bujnicki_1.pdb	AC	17.310909118108178
PZ6_Bujnicki_1.pdb	CG	13.894156166428008
PZ6_Bujnicki_1.pdb	CG	11.532025079827713
PZ6_Bujnicki_1.pdb	CC	12.873934608337294
PZ6_Bujnicki_1.pdb	CG	17.856246050118074
PZ6_Bujnicki_1.pdb	AG	19.238685832243274
PZ6_Bujnicki_1.pdb	AG	17.374776233272367
PZ6_Bujnicki_1.pdb	AG	17.89179897491285
PZ6_Bujnicki_1.pdb	AC	18.4867185578879
PZ6_Bujnicki_1.pdb	AC	18.79720757328999
PZ6_Bujnicki_1.pdb	AG	18.11956876569365
PZ6_Bujnicki_1.pdb	AG	16.701699825627685
PZ6_Bujnicki_1.pdb	AG	14.695495139313687
PZ6_Bujnicki_1.pdb	AA	16.254140136576716
PZ6_Bujnicki_1.pdb	AA	16.12541630460909
PZ6_Bujnicki_1.pdb	AG	13.437959472930233
PZ6_Bujnicki_1.pdb	AG	13.144661841852361
PZ6_Bujnicki_1.pdb	AC	16.807329409770073
PZ6_Bujnicki_1.pdb	CC	19.735275308847942
PZ6_Bujnicki_1.pdb	CG	19.36688689288457
PZ6_Bujnicki_1.pdb	CG	19.447140554626067
PZ6_Bujnicki_1.pdb	CC	19.154772798471527
PZ6_Bujnicki_1.pdb	CC	18.32267175609224
PZ6_Bujnicki_1.pdb	CG	16.55198117082254
PZ6_Bujnicki_1.pdb	CG	14.398400114208048
PZ6_Bujnicki_1.pdb	CG	12.763863601984289
PZ6_Bujnicki_1.pdb	AC	14.03446358607098
PZ6_Bujnicki_1.pdb	AC	15.72245905989349
PZ6_Bujnicki_1.pdb	CG	15.227289430829558
PZ6_Bujnicki_1.pdb	CG	16.776197796619485
PZ6_Bujnicki_1.pdb	GU	19.456725480229892
PZ6_Bujnicki_1.pdb	CU	18.058161189849148
PZ6_Bujnicki_1.pdb	CU	16.12058696760411
PZ6_Bujnicki_1.pdb	GU	13.634159885648225
PZ6_Bujnicki_1.pdb	GU	11.621040966445527
PZ6_Bujnicki_1.pdb	GU	11.933981242727128
PZ6_Bujnicki_1.pdb	AU	14.128627199486047
PZ6_Bujnicki_1.pdb	AU	17.68850300040664
PZ6_Bujnicki_1.pdb	GU	18.954105090619734
PZ6_Bujnicki_1.pdb	GG	18.608180317464427
PZ6_Bujnicki_1.pdb	CG	16.327003419269943
PZ6_Bujnicki_1.pdb	CG	13.73372463405253
PZ6_Bujnicki_1.pdb	GG	11.470176257331014
PZ6_Bujnicki_1.pdb	GG	11.122883660351915
PZ6_Bujnicki_1.pdb	GG	14.19200586494003
PZ6_Bujnicki_1.pdb	AG	17.55688774811403
PZ6_Bujnicki_1.pdb	GG	18.69185802360991
PZ6_Bujnicki_1.pdb	GG	16.444900299441986
PZ6_Bujnicki_1.pdb	CG	13.961954621879379
PZ6_Bujnicki_1.pdb	CG	11.892240976319298
PZ6_Bujnicki_1.pdb	GG	11.551797438479571
PZ6_Bujnicki_1.pdb	GG	13.720813139640205
PZ6_Bujnicki_1.pdb	GG	18.335017064843438
PZ6_Bujnicki_1.pdb	AC	19.55115192150581
PZ6_Bujnicki_1.pdb	AC	18.877414734462317
PZ6_Bujnicki_1.pdb	CG	16.37780581870589
PZ6_Bujnicki_1.pdb	CG	14.224961390471574
PZ6_Bujnicki_1.pdb	CC	12.644880242332432
PZ6_Bujnicki_1.pdb	CC	12.517186706728383
PZ6_Bujnicki_1.pdb	CG	14.609767453565137
PZ6_Bujnicki_1.pdb	CG	18.25394392982796
PZ6_Bujnicki_1.pdb	AC	15.829387637825034
PZ6_Bujnicki_1.pdb	CG	14.406378143945489
PZ6_Bujnicki_1.pdb	CG	13.12563272113558
PZ6_Bujnicki_1.pdb	CC	13.408322559160338
PZ6_Bujnicki_1.pdb	CC	15.459843037446097
PZ6_Bujnicki_1.pdb	CG	19.056667564556538
PZ6_Bujnicki_1.pdb	CG	13.443706536122534
PZ6_Bujnicki_1.pdb	CG	13.810369895590222
PZ6_Bujnicki_1.pdb	CC	16.104052311575927
PZ6_Bujnicki_1.pdb	CC	19.63358132326005
PZ6_Bujnicki_1.pdb	GG	14.467597377033284
PZ6_Bujnicki_1.pdb	CG	18.395687315935884
PZ6_Bujnicki_1.pdb	GG	18.800184833109967
PZ6_Bujnicki_1.pdb	GG	16.158423910015728
PZ6_Bujnicki_1.pdb	CG	19.293754923614333
PZ6_Bujnicki_1.pdb	AG	19.038776026334617
PZ6_Bujnicki_1.pdb	CG	19.703308874614965
PZ6_Bujnicki_1.pdb	GG	19.94176020843988
PZ6_Bujnicki_1.pdb	AG	19.950366800677887
PZ6_Bujnicki_1.pdb	CG	19.5941794646454
PZ6_Bujnicki_1.pdb	AG	19.934560290402192
PZ6_Bujnicki_1.pdb	AU	19.077649400075725
PZ6_Bujnicki_1.pdb	GU	19.73703821361466
PZ6_Bujnicki_1.pdb	CG	18.24577694266268
PZ6_Bujnicki_1.pdb	AA	19.623922634781007
PZ6_Bujnicki_1.pdb	AC	17.786678048098302
PZ6_Bujnicki_1.pdb	CC	17.81535498196094
PZ6_Bujnicki_1.pdb	CG	15.747642098062002
PZ6_Bujnicki_1.pdb	AA	18.64542382687282
PZ6_Bujnicki_1.pdb	AA	19.534902755933526
PZ6_Bujnicki_1.pdb	AC	19.945837952470754
PZ6_Bujnicki_1.pdb	AC	19.371130917767093
PZ6_Bujnicki_1.pdb	AC	19.089383993698153
PZ6_Bujnicki_1.pdb	AC	14.6788226302219
PZ6_Bujnicki_1.pdb	AG	12.706116326598165
PZ6_Bujnicki_1.pdb	AG	15.418394231263388
PZ6_Bujnicki_1.pdb	CG	14.957698767717757
PZ6_Bujnicki_1.pdb	CG	13.578366018549916
PZ6_Bujnicki_1.pdb	GU	15.143555137907699
PZ6_Bujnicki_1.pdb	GG	19.45354785423029
PZ6_Bujnicki_1.pdb	CG	18.93303420654926
PZ6_Bujnicki_1.pdb	CG	15.533365236921187
PZ6_Bujnicki_1.pdb	GG	13.94255025338546
PZ6_Bujnicki_1.pdb	CG	9.273542719532395
PZ6_Bujnicki_1.pdb	CG	9.117255781449689
PZ6_Bujnicki_1.pdb	GU	12.438528721813595
PZ6_Bujnicki_1.pdb	GG	17.43187935669903
PZ6_Bujnicki_1.pdb	CG	19.27747907941356
PZ6_Bujnicki_1.pdb	GG	18.861354773185095
PZ6_Bujnicki_1.pdb	AC	12.011724859802845
PZ6_Bujnicki_1.pdb	AU	15.433447151484755
PZ6_Bujnicki_1.pdb	AG	19.64724081285934
PZ6_Bujnicki_1.pdb	AU	15.72292992204574
PZ6_Bujnicki_1.pdb	AG	18.916613454819657
PZ6_Bujnicki_1.pdb	AG	18.564555315205926
PZ6_Bujnicki_1.pdb	UU	18.856921787401063
PZ6_Bujnicki_1.pdb	GG	18.905359868022718
PZ6_Bujnicki_1.pdb	CC	18.86370153199279
PZ6_Bujnicki_1.pdb	CC	19.721604592610703
PZ6_Chen_1.pdb	CU	18.60766427727876
PZ6_Chen_1.pdb	CC	19.985553416230054
PZ6_Chen_1.pdb	CC	18.426586176916217
PZ6_Chen_1.pdb	CU	14.946087826986144
PZ6_Chen_1.pdb	CG	13.842110024180453
PZ6_Chen_1.pdb	CC	14.01123326189722
PZ6_Chen_1.pdb	CC	15.625778796900505
PZ6_Chen_1.pdb	CU	17.88327901723216
PZ6_Chen_1.pdb	CG	18.216440942185187
PZ6_Chen_1.pdb	CC	17.112366424179704
PZ6_Chen_1.pdb	CC	15.85075651891385
PZ6_Chen_1.pdb	CG	13.765009900156024
PZ6_Chen_1.pdb	GG	16.44834515148331
PZ6_Chen_1.pdb	CG	16.81810082480124
PZ6_Chen_1.pdb	AG	16.03966354631838
PZ6_Chen_1.pdb	AG	16.88471874316658
PZ6_Chen_1.pdb	GG	17.036308337893182
PZ6_Chen_1.pdb	GU	14.689389630495338
PZ6_Chen_1.pdb	CG	17.095744924404197
PZ6_Chen_1.pdb	CG	17.866888110460504
PZ6_Chen_1.pdb	CG	15.312815952140433
PZ6_Chen_1.pdb	GU	13.608835978455385
PZ6_Chen_1.pdb	GG	14.7300358623505
PZ6_Chen_1.pdb	CG	15.423426408289203
PZ6_Chen_1.pdb	CG	16.985785041235243
PZ6_Chen_1.pdb	GU	18.502095515979732
PZ6_Chen_1.pdb	GG	17.75312961949624
PZ6_Chen_1.pdb	CG	16.041236539364064
PZ6_Chen_1.pdb	CG	14.263482858600353
PZ6_Chen_1.pdb	GG	12.99409793574374
PZ6_Chen_1.pdb	GG	16.508709621200843
PZ6_Chen_1.pdb	CG	15.269730832750655
PZ6_Chen_1.pdb	AG	12.963376164903027
PZ6_Chen_1.pdb	AG	13.404922771199832
PZ6_Chen_1.pdb	GG	14.323127870529756
PZ6_Chen_1.pdb	GU	14.102887023256928
PZ6_Chen_1.pdb	CG	18.16798169999113
PZ6_Chen_1.pdb	AG	19.72880289861155
PZ6_Chen_1.pdb	CG	14.613119175489274
PZ6_Chen_1.pdb	CG	14.394963581219955
PZ6_Chen_1.pdb	GU	15.030590466895106
PZ6_Chen_1.pdb	GG	17.15124780710444
PZ6_Chen_1.pdb	CG	17.154587847569655
PZ6_Chen_1.pdb	CG	17.681699099214438
PZ6_Chen_1.pdb	GU	17.871479710087748
PZ6_Chen_1.pdb	GG	15.89750051880363
PZ6_Chen_1.pdb	CG	13.838702869391595
PZ6_Chen_1.pdb	CG	12.329556778371835
PZ6_Chen_1.pdb	GG	13.054414080503081
PZ6_Chen_1.pdb	CU	19.612421119049802
PZ6_Chen_1.pdb	CC	18.364397405227777
PZ6_Chen_1.pdb	AC	14.572308700012195
PZ6_Chen_1.pdb	AC	13.408489450525396
PZ6_Chen_1.pdb	CG	13.883366291232916
PZ6_Chen_1.pdb	CU	15.398038367143792
PZ6_Chen_1.pdb	AC	17.40588793285956
PZ6_Chen_1.pdb	CC	12.15270099697158
PZ6_Chen_1.pdb	CC	14.176027208961244
PZ6_Chen_1.pdb	CU	16.403781173852202
PZ6_Chen_1.pdb	CG	18.50244930686301
PZ6_Chen_1.pdb	CC	17.58522965894698
PZ6_Chen_1.pdb	CC	17.095452418619466
PZ6_Chen_1.pdb	CU	16.22439975251684
PZ6_Chen_1.pdb	CG	13.751168154114168
PZ6_Chen_1.pdb	CC	12.602739137449891
PZ6_Chen_1.pdb	CC	12.919594179646076
PZ6_Chen_1.pdb	CG	15.864462565099355
PZ6_Chen_1.pdb	AA	18.17692009734246
PZ6_Chen_1.pdb	AA	19.466345095120616
PZ6_Chen_1.pdb	AA	16.963253036078456
PZ6_Chen_1.pdb	AG	16.290947272282473
PZ6_Chen_1.pdb	AU	18.43793624298755
PZ6_Chen_1.pdb	AA	18.470132092041744
PZ6_Chen_1.pdb	AA	17.000947840516638
PZ6_Chen_1.pdb	AC	12.124318806967317
PZ6_Chen_1.pdb	AC	15.414168133830966
PZ6_Chen_1.pdb	AU	18.25098901240477
PZ6_Chen_1.pdb	AG	19.59559746053245
PZ6_Chen_1.pdb	AC	17.594166152646952
PZ6_Chen_1.pdb	AC	16.016816787547896
PZ6_Chen_1.pdb	AU	14.244357554730682
PZ6_Chen_1.pdb	AG	12.078025330989595
PZ6_Chen_1.pdb	AC	12.968441353793072
PZ6_Chen_1.pdb	AC	15.59496188726177
PZ6_Chen_1.pdb	AG	19.895790786478997
PZ6_Chen_1.pdb	CG	19.277269689865598
PZ6_Chen_1.pdb	AG	18.92866202495561
PZ6_Chen_1.pdb	AG	14.653644146555358
PZ6_Chen_1.pdb	AG	19.285971330535677
PZ6_Chen_1.pdb	GG	18.56884940184519
PZ6_Chen_1.pdb	AG	18.298097931705463
PZ6_Chen_1.pdb	AG	16.70406778779662
PZ6_Chen_1.pdb	AG	16.90528147618046
PZ6_Chen_1.pdb	CG	12.818262075725459
PZ6_Chen_1.pdb	CG	15.835650792181454
PZ6_Chen_1.pdb	GU	18.568460536825736
PZ6_Chen_1.pdb	GG	19.06277733711258
PZ6_Chen_1.pdb	CG	16.479504393655176
PZ6_Chen_1.pdb	CG	14.64016185355268
PZ6_Chen_1.pdb	GU	13.191630480294643
PZ6_Chen_1.pdb	GG	12.90385381711842
PZ6_Chen_1.pdb	CG	15.988766392564116
PZ6_Chen_1.pdb	CG	19.964541463145515
PZ6_Chen_1.pdb	GU	19.247503954584783
PZ6_Chen_1.pdb	GG	19.929054137245778
PZ6_Chen_1.pdb	GU	19.768113622787475
PZ6_Chen_1.pdb	GU	19.903334846245865
PZ6_Chen_1.pdb	AG	14.890436787496226
PZ6_Chen_1.pdb	AG	10.453465124577189
PZ6_Chen_1.pdb	AG	14.3621378109041
PZ6_Chen_1.pdb	AG	18.606749487143425
PZ6_Chen_1.pdb	GG	18.09609706672815
PZ6_Chen_1.pdb	AG	16.600024643507187
PZ6_Chen_1.pdb	AG	16.799123580891706
PZ6_Chen_1.pdb	AG	18.10415077712072
PZ6_Chen_1.pdb	CG	14.89893738749295
PZ6_Chen_1.pdb	CG	16.466205995090395
PZ6_Chen_1.pdb	GU	18.363989800301077
PZ6_Chen_1.pdb	GG	17.73843948079132
PZ6_Chen_1.pdb	CG	14.859913646980292
PZ6_Chen_1.pdb	CG	13.375278456341471
PZ6_Chen_1.pdb	GU	13.24178578137736
PZ6_Chen_1.pdb	GG	15.271367692022515
PZ6_Chen_1.pdb	CG	19.700104790501502
PZ6_Chen_1.pdb	GU	16.999763328138656
PZ6_Chen_1.pdb	UU	15.453097895782564
PZ6_Chen_1.pdb	CU	17.20095155616007
PZ6_Chen_1.pdb	UU	19.383597029017334
PZ6_Chen_1.pdb	UU	18.208323894617106
PZ6_Chen_1.pdb	AU	13.489769514241834
PZ6_Chen_1.pdb	AU	8.64655719898576
PZ6_Chen_1.pdb	AU	10.108236171540264
PZ6_Chen_1.pdb	AU	14.041097550316106
PZ6_Chen_1.pdb	GU	17.28085986688797
PZ6_Chen_1.pdb	GU	19.305869564293012
PZ6_Chen_1.pdb	AU	19.06510835968228
PZ6_Chen_1.pdb	GU	15.384984503704137
PZ6_Chen_1.pdb	GU	13.392534187015812
PZ6_Chen_1.pdb	AU	13.252390564800386
PZ6_Chen_1.pdb	AU	14.523918435486156
PZ6_Chen_1.pdb	AU	16.375960924518726
PZ6_Chen_1.pdb	CU	14.424029587413964
PZ6_Chen_1.pdb	CU	14.902885909588376
PZ6_Chen_1.pdb	UU	16.682959263909854
PZ6_Chen_1.pdb	GU	16.308351959036703
PZ6_Chen_1.pdb	CU	14.785492224807276
PZ6_Chen_1.pdb	CU	15.288158376124372
PZ6_Chen_1.pdb	UU	17.007176615208948
PZ6_Chen_1.pdb	GU	19.975683203222243
PZ6_Chen_1.pdb	CG	19.685493361003136
PZ6_Chen_1.pdb	GG	17.496572415081477
PZ6_Chen_1.pdb	GG	14.40948937188926
PZ6_Chen_1.pdb	GU	13.238642437317228
PZ6_Chen_1.pdb	CG	14.761068967324393
PZ6_Chen_1.pdb	GG	17.055261172911127
PZ6_Chen_1.pdb	GG	18.92315590125738
PZ6_Chen_1.pdb	GG	19.273748495576598
PZ6_Chen_1.pdb	AG	17.97455927734994
PZ6_Chen_1.pdb	GG	16.414234469278487
PZ6_Chen_1.pdb	GU	15.110205887678202
PZ6_Chen_1.pdb	GU	15.276761643066807
PZ6_Chen_1.pdb	AG	12.590544498925405
PZ6_Chen_1.pdb	AG	9.381794935274945
PZ6_Chen_1.pdb	AG	8.930851922265946
PZ6_Chen_1.pdb	AG	14.19084777849548
PZ6_Chen_1.pdb	GG	18.96536136774502
PZ6_Chen_1.pdb	AG	18.451427582621676
PZ6_Chen_1.pdb	GG	16.071268036092707
PZ6_Chen_1.pdb	GG	15.20635801169674
PZ6_Chen_1.pdb	AG	16.941338671268337
PZ6_Chen_1.pdb	AG	19.709885401937232
PZ6_Chen_1.pdb	GG	19.177924711223998
PZ6_Chen_1.pdb	CG	16.932661892106246
PZ6_Chen_1.pdb	CG	16.860315876993106
PZ6_Chen_1.pdb	GU	18.69088638986129
PZ6_Chen_1.pdb	CC	17.594595994063013
PZ6_Chen_1.pdb	CG	15.380959706628365
PZ6_Chen_1.pdb	CG	14.439460985503622
PZ6_Chen_1.pdb	CU	15.048352557097914
PZ6_Chen_1.pdb	CC	17.11264780431377
PZ6_Chen_1.pdb	CG	19.00455990842375
PZ6_Chen_1.pdb	CG	19.642218668418266
PZ6_Chen_1.pdb	CG	18.593890544485944
PZ6_Chen_1.pdb	AC	16.34658753945718
PZ6_Chen_1.pdb	CG	14.260623515069234
PZ6_Chen_1.pdb	CU	13.55002019676734
PZ6_Chen_1.pdb	CU	15.886483460055896
PZ6_Chen_1.pdb	AC	15.2863622872558
PZ6_Chen_1.pdb	AC	13.712381741403409
PZ6_Chen_1.pdb	AC	13.45639010264912
PZ6_Chen_1.pdb	AC	18.97366581096277
PZ6_Chen_1.pdb	CC	19.516182682252715
PZ6_Chen_1.pdb	CU	14.804659356450019
PZ6_Chen_1.pdb	GU	14.687400848534384
PZ6_Chen_1.pdb	GU	15.246518661693159
PZ6_Chen_1.pdb	UU	16.323231942755932
PZ6_Chen_1.pdb	CU	17.88600195159305
PZ6_Chen_1.pdb	GU	18.94087900800275
PZ6_Chen_1.pdb	GU	18.421494171640635
PZ6_Chen_1.pdb	GU	16.429498836170303
PZ6_Chen_1.pdb	AU	14.148740829239324
PZ6_Chen_1.pdb	GU	12.945520476921796
PZ6_Chen_1.pdb	UU	14.246025991479787
PZ6_Chen_1.pdb	UU	17.811447533775993
PZ6_Chen_1.pdb	AU	19.080612963887738
PZ6_Chen_1.pdb	AU	18.5497994868393
PZ6_Chen_1.pdb	AU	17.14740559949397
PZ6_Chen_1.pdb	CG	19.100061070655993
PZ6_Chen_1.pdb	CC	14.066346838662206
PZ6_Chen_1.pdb	CG	15.953773645884853
PZ6_Chen_1.pdb	CG	17.21877522864012
PZ6_Chen_1.pdb	CU	18.02506325814061
PZ6_Chen_1.pdb	CC	18.58667426896556
PZ6_Chen_1.pdb	CG	18.539663797739667
PZ6_Chen_1.pdb	CG	16.865242209031972
PZ6_Chen_1.pdb	CG	14.262524518386652
PZ6_Chen_1.pdb	AC	12.843190080382467
PZ6_Chen_1.pdb	CG	13.606490399618092
PZ6_Chen_1.pdb	CU	17.032627570779162
PZ6_Chen_1.pdb	CC	19.655133839688073
PZ6_Chen_1.pdb	CG	18.245621224390455
PZ6_Chen_1.pdb	CC	14.576529497896102
PZ6_Chen_1.pdb	CG	16.811903498079463
PZ6_Chen_1.pdb	CG	17.563589730872387
PZ6_Chen_1.pdb	CU	17.472083589892353
PZ6_Chen_1.pdb	CC	16.88302161452253
PZ6_Chen_1.pdb	CG	16.027621767955743
PZ6_Chen_1.pdb	CG	14.035870279007856
PZ6_Chen_1.pdb	CG	12.291138100019422
PZ6_Chen_1.pdb	AC	13.25839282170215
PZ6_Chen_1.pdb	CG	16.292528610890887
PZ6_Chen_1.pdb	CG	18.730930785200595
PZ6_Chen_1.pdb	CC	16.768585992708672
PZ6_Chen_1.pdb	CG	18.71818800742572
PZ6_Chen_1.pdb	CG	18.72142570950776
PZ6_Chen_1.pdb	CU	17.67451906158179
PZ6_Chen_1.pdb	CC	15.948629574670388
PZ6_Chen_1.pdb	CG	14.451994373098671
PZ6_Chen_1.pdb	CG	12.753073980018298
PZ6_Chen_1.pdb	CG	12.853253177376535
PZ6_Chen_1.pdb	AC	16.12166141736941
PZ6_Chen_1.pdb	CG	18.0158942984465
PZ6_Chen_1.pdb	GU	18.955426476763947
PZ6_Chen_1.pdb	GG	17.83065640910752
PZ6_Chen_1.pdb	CG	17.46235385707202
PZ6_Chen_1.pdb	GG	18.436274864142888
PZ6_Chen_1.pdb	GG	17.649645955818897
PZ6_Chen_1.pdb	GU	16.103686233781055
PZ6_Chen_1.pdb	CG	14.227961787441727
PZ6_Chen_1.pdb	GG	13.666837540222668
PZ6_Chen_1.pdb	GG	14.047043698807565
PZ6_Chen_1.pdb	GG	16.442104525768105
PZ6_Chen_1.pdb	AU	17.212428430638262
PZ6_Chen_1.pdb	AG	17.639316318198542
PZ6_Chen_1.pdb	AC	18.39399596688134
PZ6_Chen_1.pdb	AG	17.928817870364448
PZ6_Chen_1.pdb	AG	16.18004404684218
PZ6_Chen_1.pdb	AU	14.272853108663515
PZ6_Chen_1.pdb	AC	12.839252095074746
PZ6_Chen_1.pdb	AG	13.969359212469582
PZ6_Chen_1.pdb	AG	16.527644599962073
PZ6_Chen_1.pdb	AG	16.410932407016585
PZ6_Chen_1.pdb	AU	17.655330521938343
PZ6_Chen_1.pdb	AG	19.347996558090067
PZ6_Chen_1.pdb	AA	18.957019952430322
PZ6_Chen_1.pdb	CG	15.345447643591438
PZ6_Chen_1.pdb	CC	17.290124973691483
PZ6_Chen_1.pdb	CG	15.967060165200467
PZ6_Chen_1.pdb	CG	14.358262033117043
PZ6_Chen_1.pdb	CU	13.641871036682408
PZ6_Chen_1.pdb	CC	14.271038889792134
PZ6_Chen_1.pdb	CG	17.401190244652064
PZ6_Chen_1.pdb	CG	16.26876871446434
PZ6_Chen_1.pdb	CU	18.061496562598723
PZ6_Chen_1.pdb	CC	16.65788395485733
PZ6_Chen_1.pdb	CG	14.549807186057915
PZ6_Chen_1.pdb	CG	13.608650419866237
PZ6_Chen_1.pdb	CU	14.687326095913201
PZ6_Chen_1.pdb	CC	17.35783578253465
PZ6_Chen_1.pdb	CG	18.90546875266918
PZ6_Chen_1.pdb	CG	13.631886620920119
PZ6_Chen_1.pdb	CG	15.029312352169429
PZ6_Chen_1.pdb	CU	17.84890257646859
PZ6_Chen_1.pdb	GU	16.968828137517402
PZ6_Chen_1.pdb	GU	18.358113323246172
PZ6_Chen_1.pdb	GG	19.716817656613788
PZ6_Chen_1.pdb	AG	19.73573234184336
PZ6_Chen_1.pdb	GG	16.981039060584255
PZ6_Chen_1.pdb	GG	13.83959570864228
PZ6_Chen_1.pdb	AG	16.442567690623004
PZ6_Chen_1.pdb	GU	19.955813649343682
PZ6_Chen_1.pdb	AU	17.609392683607524
PZ6_Chen_1.pdb	UU	18.759928069699587
PZ6_Chen_1.pdb	GU	16.848958598146293
PZ6_Chen_1.pdb	CU	19.944740993812307
PZ6_Chen_1.pdb	AU	13.903931738808105
PZ6_Chen_1.pdb	GU	11.455104128026504
PZ6_Chen_1.pdb	GU	9.755387401406377
PZ6_Chen_1.pdb	AU	14.029511081266719
PZ6_Chen_1.pdb	AU	19.63855753106287
PZ6_Chen_1.pdb	AC	19.419865898497513
PZ6_Chen_1.pdb	AC	15.927632817102712
PZ6_Chen_1.pdb	AC	17.084829232945957
PZ6_Chen_1.pdb	CG	19.131935833618407
PZ6_Chen_1.pdb	CC	19.645753014267218
PZ6_Chen_1.pdb	CU	16.86585984705297
PZ6_Chen_1.pdb	CG	13.875544702546575
PZ6_Chen_1.pdb	CU	18.516173792007223
PZ6_Chen_1.pdb	CG	18.620336237652097
PZ6_Chen_1.pdb	CC	14.368849925739276
PZ6_Chen_1.pdb	AC	8.780070085100892
PZ6_Chen_1.pdb	CG	8.639892507919557
PZ6_Chen_1.pdb	CG	10.742067966537123
PZ6_Chen_1.pdb	AC	16.29895130873748
PZ6_Chen_1.pdb	GG	19.802294098330645
PZ6_Chen_1.pdb	AG	15.487906989537622
PZ6_Chen_1.pdb	AG	15.576330379746322
PZ6_Chen_1.pdb	GG	17.861976088455425
PZ6_Chen_1.pdb	GU	19.479415556765794
PZ6_Chen_1.pdb	GG	15.59994347890455
PZ6_Chen_1.pdb	GU	18.98371240383615
PZ6_Chen_1.pdb	GG	17.185163241094198
PZ6_Chen_1.pdb	AG	19.030885842381153
PZ6_Chen_1.pdb	GU	17.217636712750725
PZ6_Chen_1.pdb	CG	11.189459141540054
PZ6_Chen_1.pdb	AG	7.804188814680159
PZ6_Chen_1.pdb	GG	11.093134489404726
PZ6_Chen_1.pdb	GG	15.554735417715628
PZ6_Chen_1.pdb	AG	16.36011864909772
PZ6_Chen_1.pdb	AG	16.58286578113339
PZ6_Chen_1.pdb	GG	19.88177358255893
PZ6_Chen_1.pdb	GU	19.317230934405583
PZ6_Chen_1.pdb	CG	13.89288028141465
PZ6_Chen_1.pdb	AG	12.584292294421688
PZ6_Chen_1.pdb	GG	16.460066956605743
PZ6_Chen_1.pdb	GU	17.614581011820505
PZ6_Chen_1.pdb	AG	16.854167812404594
PZ6_Chen_1.pdb	AG	18.057109865149283
PZ6_Chen_1.pdb	CG	18.989842964897118
PZ6_Chen_1.pdb	AG	17.795678128954158
PZ6_Chen_1.pdb	AA	17.78790460808034
PZ6_Chen_1.pdb	AA	19.87991223342567
PZ6_Chen_1.pdb	AA	15.873002130290688
PZ6_Chen_1.pdb	AA	18.220870128089306
PZ6_Chen_1.pdb	AG	17.05781890810949
PZ6_Chen_1.pdb	AG	14.892816235187558
PZ6_Chen_1.pdb	AG	18.326296603682902
PZ6_Chen_1.pdb	AU	13.715675004942899
PZ6_Chen_1.pdb	AU	17.771349296352643
PZ6_Chen_1.pdb	CU	17.404405417353527
PZ6_Chen_1.pdb	CU	16.608575757708152
PZ6_Chen_1.pdb	UU	19.47443923003658
PZ6_Chen_1.pdb	AU	13.948792347423431
PZ6_Chen_1.pdb	GU	19.862320238158986
PZ6_Chen_1.pdb	GU	16.30495660679339
PZ6_Chen_1.pdb	CU	13.426438445269078
PZ6_Chen_1.pdb	CU	14.151077193756674
PZ6_Chen_1.pdb	UU	18.331493377427158
PZ6_Chen_1.pdb	AG	16.7024647256806
PZ6_Chen_1.pdb	AC	18.982655224175815
PZ6_Chen_1.pdb	AU	16.068934519988222
PZ6_Chen_1.pdb	AG	11.018365222065073
PZ6_Chen_1.pdb	AC	7.691370003612859
PZ6_Chen_1.pdb	AC	9.18092010204697
PZ6_Chen_1.pdb	AU	13.999185235396606
PZ6_Chen_1.pdb	AG	19.388285262946273
PZ6_Chen_1.pdb	AG	19.662583370862937
PZ6_Chen_1.pdb	AG	19.213735592981752
PZ6_Chen_1.pdb	AG	19.859086066289947
PZ6_Chen_1.pdb	AC	17.92365709191761
PZ6_Chen_1.pdb	AC	15.327857127206775
PZ6_Chen_1.pdb	AU	13.814181140090406
PZ6_Chen_1.pdb	AG	10.39830938828639
PZ6_Chen_1.pdb	AC	7.677763243131198
PZ6_Chen_1.pdb	AC	9.261083174989169
PZ6_Chen_1.pdb	AU	13.35128449799748
PZ6_Chen_1.pdb	AG	18.027929147847395
PZ6_Chen_1.pdb	AC	18.545381666210027
PZ6_Chen_1.pdb	AA	15.212395905590382
PZ6_Chen_1.pdb	AG	14.611620352926453
PZ6_Chen_1.pdb	AG	16.91870807367338
PZ6_Chen_1.pdb	AA	19.48878974221052
PZ6_Chen_1.pdb	AC	17.109153622997052
PZ6_Chen_1.pdb	AU	15.696161459871163
PZ6_Chen_1.pdb	AG	13.008951402241383
PZ6_Chen_1.pdb	AC	12.610032851677568
PZ6_Chen_1.pdb	AC	15.412194879325284
PZ6_Chen_1.pdb	AU	19.667970108028452
PZ6_Chen_1.pdb	AU	18.04795808276696
PZ6_Chen_1.pdb	AC	14.975234027581001
PZ6_Chen_1.pdb	AA	13.228933587340986
PZ6_Chen_1.pdb	AG	13.672902902681038
PZ6_Chen_1.pdb	AG	17.580221806446456
PZ6_Chen_1.pdb	AC	15.964591365439604
PZ6_Chen_1.pdb	AU	13.793239342932518
PZ6_Chen_1.pdb	AG	11.933077843157799
PZ6_Chen_1.pdb	AC	13.97325136633487
PZ6_Chen_1.pdb	AC	18.42447136260698
PZ6_Chen_1.pdb	GU	17.72452820750031
PZ6_Chen_1.pdb	CG	17.418760654043105
PZ6_Chen_1.pdb	CG	18.53839840318379
PZ6_Chen_1.pdb	AG	18.858948726813136
PZ6_Chen_1.pdb	GG	16.557148309177002
PZ6_Chen_1.pdb	GU	14.42700964578532
PZ6_Chen_1.pdb	CG	13.142379716255743
PZ6_Chen_1.pdb	AG	12.765504291097981
PZ6_Chen_1.pdb	GG	13.1283165289287
PZ6_Chen_1.pdb	GG	17.55373593534577
PZ6_Chen_1.pdb	AG	18.977775801899497
PZ6_Chen_1.pdb	CG	19.059764350563572
PZ6_Chen_1.pdb	CG	14.16509939673914
PZ6_Chen_1.pdb	GU	12.403333544392058
PZ6_Chen_1.pdb	GG	13.036355381581533
PZ6_Chen_1.pdb	CG	17.057901546592102
PZ6_Chen_1.pdb	GG	19.765039477173925
PZ6_Chen_1.pdb	GG	17.962033903665485
PZ6_Chen_1.pdb	GU	15.266272588706418
PZ6_Chen_1.pdb	CG	14.63457695896793
PZ6_Chen_1.pdb	CG	14.15259611895493
PZ6_Chen_1.pdb	GG	16.331899372178658
PZ6_Chen_1.pdb	GG	17.244675017706562
PZ6_Chen_1.pdb	CG	19.23839038588438
PZ6_Chen_1.pdb	CG	14.449696806179267
PZ6_Chen_1.pdb	AG	12.861052761977811
PZ6_Chen_1.pdb	CG	15.4199191267316
PZ6_Chen_1.pdb	GU	19.115147595017188
PZ6_Chen_1.pdb	GG	19.867755947808345
PZ6_Chen_1.pdb	GG	18.97239746365892
PZ6_Chen_1.pdb	AG	18.84593722490061
PZ6_Chen_1.pdb	GG	14.41490676991499
PZ6_Chen_1.pdb	GU	14.008765229369562
PZ6_Chen_1.pdb	CG	13.979650482643788
PZ6_Chen_1.pdb	AG	13.481184695785469
PZ6_Chen_1.pdb	GG	12.455276149705808
PZ6_Chen_1.pdb	GG	16.033106918401092
PZ6_Chen_1.pdb	AG	17.57740280817681
PZ6_Chen_1.pdb	AG	16.775403156447265
PZ6_Chen_1.pdb	AG	15.300209801723234
PZ6_Chen_1.pdb	CG	17.061958323477935
PZ6_Chen_1.pdb	CG	13.16764527993567
PZ6_Chen_1.pdb	GU	13.668565292549252
PZ6_Chen_1.pdb	GG	16.892687440524888
PZ6_Chen_1.pdb	CG	16.060359050419173
PZ6_Chen_1.pdb	CG	18.46164908685508
PZ6_Chen_1.pdb	GG	16.036504945824436
PZ6_Chen_1.pdb	GU	14.828245119952987
PZ6_Chen_1.pdb	CG	14.550547333946712
PZ6_Chen_1.pdb	CG	12.749222816332432
PZ6_Chen_1.pdb	GG	13.197150779950407
PZ6_Chen_1.pdb	GG	12.583542723358326
PZ6_Chen_1.pdb	CG	14.46954524253054
PZ6_Chen_1.pdb	AG	14.977205604934582
PZ6_Chen_1.pdb	CG	17.621645072333976
PZ6_Chen_1.pdb	GG	19.194958656148867
PZ6_Chen_1.pdb	GG	18.575384165824474
PZ6_Chen_1.pdb	CG	16.269973578785237
PZ6_Chen_1.pdb	CG	11.783499228586733
PZ6_Chen_1.pdb	AG	8.992054616389584
PZ6_Chen_1.pdb	CG	11.928483274887228
PZ6_Chen_1.pdb	GU	16.832662996573532
PZ6_Chen_1.pdb	GG	18.959029170655295
PZ6_Chen_1.pdb	GG	18.559978544974292
PZ6_Chen_1.pdb	AG	19.864341371384608
PZ6_Chen_1.pdb	GG	16.208877155683748
PZ6_Chen_1.pdb	GU	16.93367456239749
PZ6_Chen_1.pdb	CG	17.30352568372215
PZ6_Chen_1.pdb	AG	16.215419244671605
PZ6_Chen_1.pdb	GG	13.858860682663773
PZ6_Chen_1.pdb	GG	15.69647162302409
PZ6_Chen_1.pdb	AG	15.94277618169757
PZ6_Chen_1.pdb	AG	14.264781066038681
PZ6_Chen_1.pdb	AG	12.685223758033905
PZ6_Chen_1.pdb	CG	16.138800781049376
PZ6_Chen_1.pdb	CG	14.100085723110016
PZ6_Chen_1.pdb	GU	16.594726537066833
PZ6_Chen_1.pdb	AC	17.845881937751855
PZ6_Chen_1.pdb	AG	16.43727619465421
PZ6_Chen_1.pdb	AU	16.97968482565468
PZ6_Chen_1.pdb	AC	18.08617784923342
PZ6_Chen_1.pdb	AC	16.684432746349405
PZ6_Chen_1.pdb	AG	16.44076710624575
PZ6_Chen_1.pdb	AG	14.390286973171449
PZ6_Chen_1.pdb	AC	14.103900867066253
PZ6_Chen_1.pdb	AA	12.793943441435632
PZ6_Chen_1.pdb	AC	14.315703009778957
PZ6_Chen_1.pdb	AG	16.612917680642695
PZ6_Chen_1.pdb	AG	19.580819438358503
PZ6_Chen_1.pdb	AG	19.9940760426802
PZ6_Chen_1.pdb	AC	18.22327689008159
PZ6_Chen_1.pdb	AC	13.717588410178003
PZ6_Chen_1.pdb	AA	8.834741959363189
PZ6_Chen_1.pdb	AC	9.019586534995593
PZ6_Chen_1.pdb	AU	13.792294077749595
PZ6_Chen_1.pdb	AG	18.757996119925867
PZ6_Chen_1.pdb	AA	17.706731750455766
PZ6_Chen_1.pdb	AA	17.760263161082563
PZ6_Chen_1.pdb	AG	19.56843765374093
PZ6_Chen_1.pdb	AU	19.515303005889642
PZ6_Chen_1.pdb	AC	18.816072712305488
PZ6_Chen_1.pdb	AA	16.341223275187264
PZ6_Chen_1.pdb	AG	12.669121905410812
PZ6_Chen_1.pdb	AG	12.61595378799698
PZ6_Chen_1.pdb	AA	12.090635129202917
PZ6_Chen_1.pdb	AA	10.834187554598223
PZ6_Chen_1.pdb	AA	10.992847570100613
PZ6_Chen_1.pdb	AC	15.632149779723962
PZ6_Chen_1.pdb	AC	15.702312481151894
PZ6_Chen_1.pdb	AU	19.48089084307484
PZ6_Chen_1.pdb	AA	18.555576617399804
PZ6_Chen_1.pdb	AG	14.608783837271053
PZ6_Chen_1.pdb	AU	17.18264659060448
PZ6_Chen_1.pdb	AC	19.80851533166599
PZ6_Chen_1.pdb	AC	19.33756933302641
PZ6_Chen_1.pdb	AG	19.232291904916103
PZ6_Chen_1.pdb	AG	16.944798660871616
PZ6_Chen_1.pdb	AC	15.267289058328952
PZ6_Chen_1.pdb	AA	13.371688475910155
PZ6_Chen_1.pdb	AC	14.687618612513496
PZ6_Chen_1.pdb	AG	18.512554792077935
PZ6_Chen_1.pdb	AC	19.1348276426427
PZ6_Chen_1.pdb	AA	14.011791517642907
PZ6_Chen_1.pdb	AC	12.585870466986014
PZ6_Chen_1.pdb	AU	16.48791651349664
PZ6_Chen_1.pdb	AG	16.344238077716245
PZ6_Chen_1.pdb	AA	14.411723052958369
PZ6_Chen_1.pdb	AA	15.754323245058604
PZ6_Chen_1.pdb	AG	15.758567354926507
PZ6_Chen_1.pdb	AG	12.922760153030415
PZ6_Chen_1.pdb	AA	9.682567475654366
PZ6_Chen_1.pdb	AA	6.777410288101139
PZ6_Chen_1.pdb	AA	7.9816889210806465
PZ6_Chen_1.pdb	AC	13.409808653015368
PZ6_Chen_1.pdb	AC	16.023842014612235
PZ6_Chen_1.pdb	AG	16.945500656878718
PZ6_Chen_1.pdb	GG	14.442053706024124
PZ6_Chen_1.pdb	GU	18.192156650913898
PZ6_Chen_1.pdb	GG	19.301749989245543
PZ6_Chen_1.pdb	GG	16.598719666213906
PZ6_Chen_1.pdb	CG	13.840308403907638
PZ6_Chen_1.pdb	AG	12.35085915144656
PZ6_Chen_1.pdb	CG	14.611103720034519
PZ6_Chen_1.pdb	GG	19.54607906039074
PZ6_Chen_1.pdb	AG	17.247908758127608
PZ6_Chen_1.pdb	CG	16.465874001814136
PZ6_Chen_1.pdb	GG	15.77377280435481
PZ6_Chen_1.pdb	AG	14.540555697784377
PZ6_Chen_1.pdb	AG	15.395093018944438
PZ6_Chen_1.pdb	GG	19.280223622483945
PZ6_Chen_1.pdb	GG	18.193431746650674
PZ6_Chen_1.pdb	AG	14.088542272686114
PZ6_Chen_1.pdb	AG	10.05178468044194
PZ6_Chen_1.pdb	AG	9.734981421078258
PZ6_Chen_1.pdb	CG	14.958570005979308
PZ6_Chen_1.pdb	CG	18.565174200092393
PZ6_Chen_1.pdb	CU	19.40719350657018
PZ6_Chen_1.pdb	AC	18.65082185269296
PZ6_Chen_1.pdb	AC	14.114677807496829
PZ6_Chen_1.pdb	CG	12.897655652459022
PZ6_Chen_1.pdb	CU	16.615948634827376
PZ6_Chen_1.pdb	CC	18.615956519679003
PZ6_Chen_1.pdb	CC	17.498885717236764
PZ6_Chen_1.pdb	CG	16.288116531815522
PZ6_Chen_1.pdb	CG	14.119976568958174
PZ6_Chen_1.pdb	CC	11.924351650761677
PZ6_Chen_1.pdb	AC	12.808489980776537
PZ6_Chen_1.pdb	CC	17.017071874442586
PZ6_Chen_1.pdb	AC	19.377559924965528
PZ6_Chen_1.pdb	AC	19.67281751530477
PZ6_Chen_1.pdb	AC	19.491270945334907
PZ6_Chen_1.pdb	AC	19.287892427357395
PZ6_Chen_1.pdb	AC	14.401199165357017
PZ6_Chen_1.pdb	AC	11.659684508244663
PZ6_Chen_1.pdb	CC	15.924351271296146
PZ6_Chen_1.pdb	CC	18.906697373074202
PZ6_Chen_1.pdb	CG	18.716480392974745
PZ6_Chen_1.pdb	CC	19.70796328934357
PZ6_Chen_1.pdb	AC	16.959388269611438
PZ6_Chen_1.pdb	AC	13.93907454476869
PZ6_Chen_1.pdb	CG	14.041191757819803
PZ6_Chen_1.pdb	CU	16.80358213779686
PZ6_Chen_1.pdb	CC	17.473103847539747
PZ6_Chen_1.pdb	CC	15.665701892811708
PZ6_Chen_1.pdb	CG	13.866851155738459
PZ6_Chen_1.pdb	CG	12.588296437902189
PZ6_Chen_1.pdb	CC	11.617646003482973
PZ6_Chen_1.pdb	AC	14.832022930022909
PZ6_Chen_1.pdb	AC	19.650974108006857
PZ6_Chen_1.pdb	AC	15.742411250172113
PZ6_Chen_1.pdb	CC	18.948042166426532
PZ6_Chen_1.pdb	CG	16.76652541580945
PZ6_Chen_1.pdb	AG	15.588414129694524
PZ6_Chen_1.pdb	AG	14.374890652314278
PZ6_Chen_1.pdb	GG	15.51471909742286
PZ6_Chen_1.pdb	GU	17.095175723624745
PZ6_Chen_1.pdb	CG	16.5637816963596
PZ6_Chen_1.pdb	CG	14.65968392538447
PZ6_Chen_1.pdb	GG	13.133751876920359
PZ6_Chen_1.pdb	GG	13.633139379534041
PZ6_Chen_1.pdb	CG	14.498585631177145
PZ6_Chen_1.pdb	AG	18.99808730639162
PZ6_Chen_1.pdb	AG	19.375996811525734
PZ6_Chen_1.pdb	AG	14.438910333818743
PZ6_Chen_1.pdb	AG	14.577155953807186
PZ6_Chen_1.pdb	GG	15.887680707610484
PZ6_Chen_1.pdb	GU	15.827040228281453
PZ6_Chen_1.pdb	CG	14.050872481534002
PZ6_Chen_1.pdb	CG	12.613700024383583
PZ6_Chen_1.pdb	GG	12.490816060939588
PZ6_Chen_1.pdb	GG	15.182987036071937
PZ6_Chen_1.pdb	CG	17.93328974522656
PZ6_Chen_1.pdb	AU	13.236189701548245
PZ6_Chen_1.pdb	GU	14.960620206224682
PZ6_Chen_1.pdb	UU	13.802517985557532
PZ6_Chen_1.pdb	CU	11.989891244774899
PZ6_Chen_1.pdb	CU	12.748771430085613
PZ6_Chen_1.pdb	GU	15.019795725138213
PZ6_Chen_1.pdb	GU	18.95956904388967
PZ6_Chen_1.pdb	CU	19.881821350621408
PZ6_Chen_1.pdb	GG	14.772193758357574
PZ6_Chen_1.pdb	GU	13.789737100261151
PZ6_Chen_1.pdb	CG	13.509691564341757
PZ6_Chen_1.pdb	CG	16.428825658340923
PZ6_Chen_1.pdb	GG	19.903804135968958
PZ6_Chen_1.pdb	CG	19.404867088039282
PZ6_Chen_1.pdb	CU	16.08980117166901
PZ6_Chen_1.pdb	CC	17.490295808290004
PZ6_Chen_1.pdb	AC	15.943046247051576
PZ6_Chen_1.pdb	AC	19.540878018621697
PZ6_Chen_1.pdb	AA	17.963820142383753
PZ6_Chen_1.pdb	AC	15.76524854957573
PZ6_Chen_1.pdb	AC	17.24233710364107
PZ6_Chen_1.pdb	AC	16.912960946350577
PZ6_Chen_1.pdb	AG	19.980255334613148
PZ6_Chen_1.pdb	AA	17.466040359992164
PZ6_Chen_1.pdb	AA	12.130009805626468
PZ6_Chen_1.pdb	AC	10.519605816903846
PZ6_Chen_1.pdb	AC	12.900518974123168
PZ6_Chen_1.pdb	AU	17.100493913312512
PZ6_Chen_1.pdb	GG	17.5361570191873
PZ6_Chen_1.pdb	GG	19.28564303024798
PZ6_Chen_1.pdb	AG	19.031824682469786
PZ6_Chen_1.pdb	AG	13.493127823377868
PZ6_Chen_1.pdb	AG	7.760437906195745
PZ6_Chen_1.pdb	CG	6.512324422281695
PZ6_Chen_1.pdb	CG	8.236558954722359
PZ6_Chen_1.pdb	GU	13.158970329540876
PZ6_Chen_1.pdb	GG	18.839197120264224
PZ6_Chen_1.pdb	GU	18.65057204685334
PZ6_Chen_1.pdb	AU	16.534347197316176
PZ6_Chen_1.pdb	AU	11.015447841120489
PZ6_Chen_1.pdb	CU	9.23017055301834
PZ6_Chen_1.pdb	CU	6.0849167790088705
PZ6_Chen_1.pdb	UU	8.869033773642302
PZ6_Chen_1.pdb	GU	14.893732110026209
PZ6_Chen_1.pdb	CU	18.76465202525685
PZ6_Chen_1.pdb	AC	15.365416843127793
PZ6_Chen_1.pdb	CC	14.689687013994003
PZ6_Chen_1.pdb	CC	10.366718669475532
PZ6_Chen_1.pdb	CU	10.591821397777279
PZ6_Chen_1.pdb	CG	16.25324043784346
PZ6_Chen_1.pdb	CG	19.62632193434718
PZ6_Chen_1.pdb	CC	19.759097177203838
PZ6_Chen_1.pdb	CC	18.41825463557656
PZ6_Chen_1.pdb	AC	19.073318203462442
PZ6_Chen_1.pdb	AC	17.271220498138334
PZ6_Chen_1.pdb	CC	18.383706657878335
PZ6_Chen_1.pdb	CC	14.777426146076905
PZ6_Chen_1.pdb	CU	15.489290661119565
PZ6_Chen_1.pdb	CG	19.532361245586667
PZ6_Chen_1.pdb	GG	14.100180210525682
PZ6_Chen_1.pdb	CG	15.39945352717567
PZ6_Chen_1.pdb	CG	15.36031463309476
PZ6_Chen_1.pdb	AG	16.72969027975287
PZ6_Chen_1.pdb	GG	18.539329945521853
PZ6_Chen_1.pdb	AG	19.426369681335544
PZ6_Chen_1.pdb	CG	19.450569047454184
PZ6_Chen_1.pdb	GG	18.980404333032308
PZ6_Chen_1.pdb	CG	19.544109133768234
PZ6_Chen_1.pdb	CG	15.686645320967905
PZ6_Chen_1.pdb	GG	10.178602717599123
PZ6_Chen_1.pdb	CG	12.355511701394327
PZ6_Chen_1.pdb	CG	12.65680740764128
PZ6_Chen_1.pdb	AG	13.433869577408489
PZ6_Chen_1.pdb	CG	18.524819667020303
PZ6_Chen_1.pdb	GG	19.596206244105066
PZ6_Chen_1.pdb	GG	17.76821650042281
PZ6_Chen_1.pdb	AG	19.339749136901588
PZ6_Chen_1.pdb	CG	18.863606863453448
PZ6_Chen_1.pdb	CU	19.318652092759994
PZ6_Chen_1.pdb	CC	17.969556454465845
PZ6_Chen_1.pdb	CC	15.244384083300787
PZ6_Chen_1.pdb	CG	10.653626529703924
PZ6_Chen_1.pdb	CC	13.685077571708492
PZ6_Chen_1.pdb	CC	13.961829096656883
PZ6_Chen_1.pdb	AC	13.114419187403328
PZ6_Chen_1.pdb	CC	16.77351321663811
PZ6_Chen_1.pdb	AC	19.04459428357484
PZ6_Chen_1.pdb	AC	19.513556763016496
PZ6_Chen_1.pdb	AU	16.692876755343395
PZ6_Chen_1.pdb	AC	17.616464421102062
PZ6_Chen_1.pdb	AC	16.6014900511361
PZ6_Chen_1.pdb	AG	13.039438022398604
PZ6_Chen_1.pdb	AC	14.827518952366177
PZ6_Chen_1.pdb	AC	14.071243515385502
PZ6_Chen_1.pdb	AA	11.397031549528018
PZ6_Chen_1.pdb	AC	13.070085224932296
PZ6_Chen_1.pdb	AU	18.097323088235846
PZ6_Chen_1.pdb	AG	18.078547987328612
PZ6_Chen_1.pdb	AC	18.802065227156533
PZ6_Chen_1.pdb	AA	17.050346558322996
PZ6_Chen_1.pdb	AA	13.37517583624435
PZ6_Chen_1.pdb	AG	15.510726478188426
PZ6_Chen_1.pdb	AA	19.63240585983025
PZ6_Chen_1.pdb	CC	19.470236253308464
PZ6_Chen_1.pdb	CC	18.061734545488445
PZ6_Chen_1.pdb	CC	18.821787890160238
PZ6_Chen_1.pdb	CG	16.523997864776106
PZ6_Chen_1.pdb	CC	17.05870575340652
PZ6_Chen_1.pdb	CC	15.648263268521537
PZ6_Chen_1.pdb	AC	11.922245524850272
PZ6_Chen_1.pdb	CC	10.895898294912765
PZ6_Chen_1.pdb	CU	14.4366859732322
PZ6_Chen_1.pdb	CU	18.775764578256016
PZ6_Chen_1.pdb	CG	13.786691525531586
PZ6_Chen_1.pdb	CC	13.435898524152254
PZ6_Chen_1.pdb	CC	17.12398148619134
PZ6_Chen_1.pdb	AC	14.76986292094391
PZ6_Chen_1.pdb	CG	18.161888022632343
PZ6_Chen_1.pdb	AC	13.216078426862994
PZ6_Chen_1.pdb	AC	8.502744244952442
PZ6_Chen_1.pdb	CG	10.668127828592398
PZ6_Chen_1.pdb	CG	16.29584977714745
PZ6_Chen_1.pdb	CC	19.04420629582402
PZ6_Chen_1.pdb	CG	15.239614341623158
PZ6_Chen_1.pdb	CG	17.217191479248818
PZ6_Chen_1.pdb	GG	16.031932601171473
PZ6_Chen_1.pdb	CG	15.317424568136637
PZ6_Chen_1.pdb	CG	14.111784898851006
PZ6_Chen_1.pdb	AG	11.336985388901878
PZ6_Chen_1.pdb	CG	10.372019491583103
PZ6_Chen_1.pdb	GU	12.778460452066849
PZ6_Chen_1.pdb	GG	18.26976737019773
PZ6_Chen_1.pdb	GU	19.573427468514094
PZ6_Chen_1.pdb	GU	18.975353114176343
PZ6_Chen_1.pdb	CG	18.405777458541998
PZ6_Chen_1.pdb	GU	18.93974332151679
PZ6_Chen_1.pdb	GG	13.016687983265637
PZ6_Chen_1.pdb	CG	10.996655014800531
PZ6_Chen_1.pdb	CG	13.418968354838668
PZ6_Chen_1.pdb	AG	11.324851064718025
PZ6_Chen_1.pdb	CG	17.07484622290325
PZ6_Chen_1.pdb	AG	16.33986023776241
PZ6_Chen_1.pdb	AG	11.471940194371916
PZ6_Chen_1.pdb	GG	12.968610818678522
PZ6_Chen_1.pdb	GG	17.93672996972786
PZ6_Chen_1.pdb	AG	19.88795670933058
PZ6_Chen_1.pdb	GU	15.580396086187593
PZ6_Chen_1.pdb	CG	13.82087951573887
PZ6_Chen_1.pdb	CG	15.921323736448207
PZ6_Chen_1.pdb	GG	18.287711606206656
PZ6_Chen_1.pdb	CG	16.475288293539982
PZ6_Chen_1.pdb	GG	16.393192243826675
PZ6_Chen_1.pdb	CG	14.094466046097837
PZ6_Chen_1.pdb	CG	13.21111706744557
PZ6_Chen_1.pdb	AG	12.203713233199476
PZ6_Chen_1.pdb	CG	12.059883733296223
PZ6_Chen_1.pdb	GU	13.221661819414903
PZ6_Chen_1.pdb	GG	17.06355112041984
PZ6_Chen_1.pdb	GU	16.71886305648385
PZ6_Chen_1.pdb	GG	18.050721786070493
PZ6_Chen_1.pdb	GG	18.792779145514558
PZ6_Chen_1.pdb	GU	14.23798951813949
PZ6_Chen_1.pdb	CG	14.811623191869547
PZ6_Chen_1.pdb	GG	18.610849288472554
PZ6_Chen_1.pdb	GG	15.911524202832899
PZ6_Chen_1.pdb	CG	12.686478386548306
PZ6_Chen_1.pdb	CG	12.865335013452595
PZ6_Chen_1.pdb	AG	11.245471121207789
PZ6_Chen_1.pdb	CG	16.254600425397122
PZ6_Chen_1.pdb	AG	16.821583411342587
PZ6_Chen_1.pdb	GG	18.09087402773942
PZ6_Chen_1.pdb	CG	19.84820430545307
PZ6_Chen_1.pdb	GG	19.91053959895343
PZ6_Chen_1.pdb	AG	14.117989180131222
PZ6_Chen_1.pdb	GU	9.801771035565809
PZ6_Chen_1.pdb	CG	8.028921577079236
PZ6_Chen_1.pdb	CG	11.052272094112402
PZ6_Chen_1.pdb	GG	14.620349129266943
PZ6_Chen_1.pdb	GG	19.248269940685873
PZ6_Chen_1.pdb	GU	14.036482425429629
PZ6_Chen_1.pdb	CU	12.461231290055581
PZ6_Chen_1.pdb	CU	13.864400637710421
PZ6_Chen_1.pdb	AU	15.055662226588778
PZ6_Chen_1.pdb	CU	16.780814161534312
PZ6_Chen_1.pdb	UU	18.65500505518995
PZ6_Chen_1.pdb	GU	18.43263824241516
PZ6_Chen_1.pdb	GU	17.85557511530648
PZ6_Chen_1.pdb	GU	18.822279513713337
PZ6_Chen_1.pdb	GU	16.123633771975573
PZ6_Chen_1.pdb	UU	11.678241114341384
PZ6_Chen_1.pdb	CU	13.793985534841447
PZ6_Chen_1.pdb	GU	18.26909172709152
PZ6_Chen_1.pdb	GU	16.72583094881182
PZ6_Chen_1.pdb	CU	14.652432746076865
PZ6_Chen_1.pdb	CU	15.684192163426182
PZ6_Chen_1.pdb	AU	15.911927060074868
PZ6_Chen_1.pdb	GU	18.12356800027985
PZ6_Chen_1.pdb	GU	18.503205937917002
PZ6_Chen_1.pdb	AU	14.676811287229409
PZ6_Chen_1.pdb	UU	9.497829241180293
PZ6_Chen_1.pdb	CU	5.821641804890315
PZ6_Chen_1.pdb	CU	8.75052106335325
PZ6_Chen_1.pdb	GU	13.567370684676199
PZ6_Chen_1.pdb	GU	17.77546128191314
PZ6_Chen_1.pdb	CC	11.990922192841026
PZ6_Chen_1.pdb	CC	15.244764138628947
PZ6_Chen_1.pdb	AC	18.36142381526098
PZ6_Chen_1.pdb	CG	19.632240612240743
PZ6_Chen_1.pdb	CG	15.765483094462578
PZ6_Chen_1.pdb	CG	14.638271696055691
PZ6_Chen_1.pdb	CG	16.244071573815233
PZ6_Chen_1.pdb	AC	19.362136934713327
PZ6_Chen_1.pdb	CG	15.206526978551835
PZ6_Chen_1.pdb	CU	12.211514359323804
PZ6_Chen_1.pdb	CC	16.10479473814713
PZ6_Chen_1.pdb	CC	19.720079695265735
PZ6_Chen_1.pdb	CG	19.22821401593002
PZ6_Chen_1.pdb	CG	17.53438333250085
PZ6_Chen_1.pdb	AC	18.356172610375356
PZ6_Chen_1.pdb	AC	16.351605167762898
PZ6_Chen_1.pdb	CU	11.787033433804302
PZ6_Chen_1.pdb	CC	7.143421716842139
PZ6_Chen_1.pdb	CC	7.660567657986693
PZ6_Chen_1.pdb	CG	12.69589415850225
PZ6_Chen_1.pdb	CG	16.04003419781322
PZ6_Chen_1.pdb	AC	19.266793502083747
PZ6_Chen_1.pdb	CC	15.662562976178618
PZ6_Chen_1.pdb	AC	18.681926250146088
PZ6_Chen_1.pdb	CG	19.965066212895497
PZ6_Chen_1.pdb	CU	16.44148204514207
PZ6_Chen_1.pdb	CC	19.342092069459827
PZ6_Chen_1.pdb	CG	19.774359319173087
PZ6_Chen_1.pdb	CC	19.945095691609595
PZ6_Chen_1.pdb	CG	18.472933365754084
PZ6_Chen_1.pdb	CG	16.95455495724978
PZ6_Chen_1.pdb	AC	19.33492012667818
PZ6_Chen_1.pdb	CU	16.82153679639968
PZ6_Chen_1.pdb	CC	12.311564221602582
PZ6_Chen_1.pdb	CC	12.043540074025223
PZ6_Chen_1.pdb	CG	15.454132014403447
PZ6_Chen_1.pdb	CG	17.29195801020947
PZ6_Chen_1.pdb	AC	17.974167803034607
PZ6_Chen_1.pdb	CC	15.960211717886887
PZ6_Chen_1.pdb	CC	13.838376769868999
PZ6_Chen_1.pdb	CG	15.162705579080498
PZ6_Chen_1.pdb	CG	15.23481730009594
PZ6_Chen_1.pdb	AC	19.969658959284565
PZ6_Chen_1.pdb	CG	19.474342201174807
PZ6_Chen_1.pdb	CG	17.59970644793368
PZ6_Chen_1.pdb	CG	14.664016872163224
PZ6_Chen_1.pdb	GG	14.07944910781983
PZ6_Chen_1.pdb	GG	13.306866768313213
PZ6_Chen_1.pdb	AG	18.109521129545268
PZ6_Chen_1.pdb	GG	19.761879802086362
PZ6_Chen_1.pdb	CG	19.71766189485309
PZ6_Chen_1.pdb	CG	18.859939379996675
PZ6_Chen_1.pdb	CU	19.6084643075803
PZ6_Chen_1.pdb	CC	14.273637633423588
PZ6_Chen_1.pdb	CC	10.124394667151982
PZ6_Chen_1.pdb	CG	8.230919863688865
PZ6_Chen_1.pdb	CG	8.159179771671496
PZ6_Chen_1.pdb	AC	12.617555643211837
PZ6_Chen_1.pdb	CG	13.981076031520157
PZ6_Chen_1.pdb	CU	18.896932259650992
PZ6_Chen_1.pdb	AC	19.889729097008303
PZ6_Chen_1.pdb	CC	19.659064607963323
PZ6_Chen_1.pdb	CG	18.981626026394782
PZ6_Chen_1.pdb	CG	19.642619649341512
PZ6_Chen_1.pdb	CU	19.543311921717464
PZ6_Chen_1.pdb	CC	14.942554643107295
PZ6_Chen_1.pdb	CC	11.201197200438807
PZ6_Chen_1.pdb	CG	8.065673262534194
PZ6_Chen_1.pdb	CG	9.120017755230224
PZ6_Chen_1.pdb	AC	11.924310083122007
PZ6_Chen_1.pdb	CG	10.790609458453488
PZ6_Chen_1.pdb	CU	14.533990784180979
PZ6_Chen_1.pdb	CC	17.997113174245765
PZ6_Chen_1.pdb	AC	19.999280001157672
PZ6_Chen_1.pdb	AU	19.44353806621754
PZ6_Chen_1.pdb	AG	18.852647021614818
PZ6_Chen_1.pdb	AA	19.38318784045293
PZ6_Chen_1.pdb	AA	18.153230525070256
PZ6_Chen_1.pdb	AC	16.744221131414484
PZ6_Chen_1.pdb	AC	14.832554066583837
PZ6_Chen_1.pdb	AG	12.947515320249472
PZ6_Chen_1.pdb	AG	14.894168305044875
PZ6_Chen_1.pdb	AA	16.87896597446365
PZ6_Chen_1.pdb	AG	13.989298819187368
PZ6_Chen_1.pdb	AU	15.452067415426688
PZ6_Chen_1.pdb	AC	16.875807118342376
PZ6_Chen_1.pdb	AA	16.999842991109105
PZ6_Chen_1.pdb	AG	15.853210270066906
PZ6_Chen_1.pdb	AG	18.15004979706316
PZ6_Chen_1.pdb	AA	19.501587992579076
PZ6_Chen_1.pdb	AA	19.46652931803913
PZ6_Chen_1.pdb	AA	19.635714380129713
PZ6_Chen_1.pdb	CG	16.756555242583623
PZ6_Chen_1.pdb	CC	19.925257282593357
PZ6_Chen_1.pdb	AC	15.149293887784673
PZ6_Chen_1.pdb	CC	19.628549186887856
PZ6_Chen_1.pdb	AC	15.592028434109299
PZ6_Chen_1.pdb	AC	14.209171684287561
PZ6_Chen_1.pdb	CG	18.615888483830865
PZ6_Chen_1.pdb	CC	18.238892527938624
PZ6_Chen_1.pdb	CC	18.14936185704093
PZ6_Chen_1.pdb	CG	17.52143855302436
PZ6_Chen_1.pdb	CG	18.061693308785134
PZ6_Chen_1.pdb	CU	17.481542011878656
PZ6_Chen_1.pdb	CC	16.848494603772863
PZ6_Chen_1.pdb	AC	15.14368784048249
PZ6_Chen_1.pdb	CG	13.047800500735256
PZ6_Chen_1.pdb	CG	14.085798193954577
PZ6_Chen_1.pdb	AC	15.83989631098538
PZ6_Chen_1.pdb	AC	17.365408594327864
PZ6_Chen_1.pdb	AC	19.424227944804137
PZ6_Chen_1.pdb	AU	18.162872192867404
PZ6_Chen_1.pdb	CU	19.835794003195144
PZ6_Chen_1.pdb	CU	18.37526873344231
PZ6_Chen_1.pdb	AU	12.486503042912592
PZ6_Chen_1.pdb	CU	15.655759564556005
PZ6_Chen_1.pdb	UU	19.044965018079935
PZ6_Chen_1.pdb	AU	15.762435374688495
PZ6_Chen_1.pdb	AU	15.177695959985295
PZ6_Chen_1.pdb	GU	19.436892200891783
PZ6_Chen_1.pdb	UU	19.194989366928084
PZ6_Chen_1.pdb	CU	18.9622383185923
PZ6_Chen_1.pdb	UU	18.37762685650244
PZ6_Chen_1.pdb	CU	16.479132952554146
PZ6_Chen_1.pdb	AU	14.175032737396677
PZ6_Chen_1.pdb	GU	12.710337993581224
PZ6_Chen_1.pdb	GU	13.682162229002932
PZ6_Chen_1.pdb	AU	16.718459289303308
PZ6_Chen_1.pdb	AU	19.93974126487257
PZ6_Chen_1.pdb	AG	15.045288297257946
PZ6_Chen_1.pdb	CG	16.118634626788108
PZ6_Chen_1.pdb	GU	18.965801642832133
PZ6_Chen_1.pdb	AG	19.14814717642843
PZ6_Chen_1.pdb	GU	17.504728934211244
PZ6_Chen_1.pdb	CG	14.463637807605158
PZ6_Chen_1.pdb	AG	12.41139378478269
PZ6_Chen_1.pdb	GG	12.923750796327623
PZ6_Chen_1.pdb	GG	15.239036031348542
PZ6_Chen_1.pdb	AG	19.772476139313433
PZ6_Chen_1.pdb	CU	19.32702650212608
PZ6_Chen_1.pdb	AU	14.465813304479703
PZ6_Chen_1.pdb	CU	14.337126458718256
PZ6_Chen_1.pdb	UU	17.855420024208957
PZ6_Chen_1.pdb	GU	19.617032649408493
PZ6_Chen_1.pdb	CU	16.411613629342646
PZ6_Chen_1.pdb	GU	18.375426073893614
PZ6_Chen_1.pdb	GU	16.22608488859593
PZ6_Chen_1.pdb	GU	17.10767865893067
PZ6_Chen_1.pdb	AU	14.508466229377305
PZ6_Chen_1.pdb	UU	16.603733563419595
PZ6_Chen_1.pdb	CU	18.667100602226544
PZ6_Chen_1.pdb	UU	18.887547337979925
PZ6_Chen_1.pdb	CU	16.92445662019396
PZ6_Chen_1.pdb	AU	16.704102974527725
PZ6_Chen_1.pdb	GU	18.424435677897478
PZ6_Chen_1.pdb	AG	19.25838847814929
PZ6_Chen_1.pdb	CG	19.957803020634742
PZ6_Chen_1.pdb	CG	18.742945385243917
PZ6_Chen_1.pdb	GG	18.947320313873934
PZ6_Chen_1.pdb	AG	19.748972569084657
PZ6_Chen_1.pdb	GG	14.6532054647877
PZ6_Chen_1.pdb	GG	14.992935317299231
PZ6_Chen_1.pdb	AG	14.238259130824597
PZ6_Chen_1.pdb	GU	17.144399534635294
PZ6_Chen_1.pdb	CG	18.093982614588526
PZ6_Chen_1.pdb	CG	18.511837165451198
PZ6_Chen_1.pdb	GG	18.552239063769964
PZ6_Chen_1.pdb	GG	17.5546357331011
PZ6_Chen_1.pdb	GU	13.94264361667077
PZ6_Chen_1.pdb	CG	12.74813183447793
PZ6_Chen_1.pdb	AG	14.634130066705957
PZ6_Chen_1.pdb	GG	17.986876168821343
PZ6_Chen_1.pdb	AG	19.837668602062358
PZ6_Chen_1.pdb	AA	19.085432223678286
PZ6_Chen_1.pdb	AG	14.387669253283251
PZ6_Chen_1.pdb	AG	13.764939552096468
PZ6_Chen_1.pdb	AA	15.10720851923119
PZ6_Chen_1.pdb	AU	18.46400029648946
PZ6_Chen_1.pdb	AC	18.389208826137228
PZ6_Chen_1.pdb	AC	17.2351978807972
PZ6_Chen_1.pdb	AG	16.247437494965215
PZ6_Chen_1.pdb	AA	17.50006848069325
PZ6_Chen_1.pdb	AG	14.341473526698723
PZ6_Chen_1.pdb	AU	11.11642408728684
PZ6_Chen_1.pdb	AC	12.01114530092031
PZ6_Chen_1.pdb	AA	16.328359396168246
PZ6_Chen_1.pdb	CG	19.39119493471758
PZ6_Chen_1.pdb	AC	19.003797575195176
PZ6_Chen_1.pdb	CG	15.622897811042726
PZ6_Chen_1.pdb	CG	13.19171025560504
PZ6_Chen_1.pdb	AC	15.795036599100856
PZ6_Chen_1.pdb	CU	18.879503917816066
PZ6_Chen_1.pdb	CC	17.783586532752533
PZ6_Chen_1.pdb	CC	15.315702821268935
PZ6_Chen_1.pdb	CG	13.870317282294229
PZ6_Chen_1.pdb	CG	17.323027303604533
PZ6_Chen_1.pdb	AC	13.947490834882908
PZ6_Chen_1.pdb	CG	12.737146864855518
PZ6_Chen_1.pdb	CU	11.825323386134
PZ6_Chen_1.pdb	CC	15.254065613688425
PZ6_Chen_1.pdb	GG	18.17740410595589
PZ6_Chen_1.pdb	GG	13.913282430801303
PZ6_Chen_1.pdb	AG	16.389480066063964
PZ6_Chen_1.pdb	GU	18.46644850714846
PZ6_Chen_1.pdb	CG	16.3061798866875
PZ6_Chen_1.pdb	CG	12.82149860777348
PZ6_Chen_1.pdb	GG	11.564697667128224
PZ6_Chen_1.pdb	GG	14.414155630265581
PZ6_Chen_1.pdb	AG	11.471575891676055
PZ6_Chen_1.pdb	GG	12.929146449890183
PZ6_Chen_1.pdb	GU	14.735321593035314
PZ6_Chen_1.pdb	CG	19.5215414433977
PZ6_Chen_1.pdb	GG	17.82756797231547
PZ6_Chen_1.pdb	GU	19.57315959965648
PZ6_Chen_1.pdb	AG	19.05974810321755
PZ6_Chen_1.pdb	GG	18.671616609197038
PZ6_Chen_1.pdb	GG	13.007370739511007
PZ6_Chen_1.pdb	AG	14.80176967621026
PZ6_Chen_1.pdb	GU	15.913600842547872
PZ6_Chen_1.pdb	CG	13.533250925197937
PZ6_Chen_1.pdb	CG	10.620480612524581
PZ6_Chen_1.pdb	GG	11.730825260761652
PZ6_Chen_1.pdb	GG	14.922638079101217
PZ6_Chen_1.pdb	AG	13.747621528281833
PZ6_Chen_1.pdb	GG	16.563263791660546
PZ6_Chen_1.pdb	GU	19.480054509079302
PZ6_Chen_1.pdb	GU	15.90672929383021
PZ6_Chen_1.pdb	GG	18.44973701572475
PZ6_Chen_1.pdb	AG	17.156819522559715
PZ6_Chen_1.pdb	GG	18.335080105692573
PZ6_Chen_1.pdb	GG	12.161747419669446
PZ6_Chen_1.pdb	AG	13.586761589210965
PZ6_Chen_1.pdb	GU	14.267704387697478
PZ6_Chen_1.pdb	CG	12.906285786501233
PZ6_Chen_1.pdb	CG	12.133621330027188
PZ6_Chen_1.pdb	GG	15.475990122592684
PZ6_Chen_1.pdb	GG	19.037741111253883
PZ6_Chen_1.pdb	AG	18.860748392102696
PZ6_Chen_1.pdb	CG	18.114778696911205
PZ6_Chen_1.pdb	GG	19.98467136183683
PZ6_Chen_1.pdb	CG	18.501920585778635
PZ6_Chen_1.pdb	GG	14.98438108836095
PZ6_Chen_1.pdb	AG	14.299220418475873
PZ6_Chen_1.pdb	GG	16.960353094250905
PZ6_Chen_1.pdb	GG	11.199727251417064
PZ6_Chen_1.pdb	AG	12.36142932735912
PZ6_Chen_1.pdb	GU	13.277540729385732
PZ6_Chen_1.pdb	CG	13.962288976200428
PZ6_Chen_1.pdb	CG	15.537118461008596
PZ6_Chen_1.pdb	AA	19.404103213192535
PZ6_Chen_1.pdb	AG	17.169018142315252
PZ6_Chen_1.pdb	AG	16.67180151416048
PZ6_Chen_1.pdb	AG	16.76776985910894
PZ6_Chen_1.pdb	AG	17.92862851657283
PZ6_Chen_1.pdb	AG	19.835565502865123
PZ6_Chen_1.pdb	AG	18.56208334512069
PZ6_Chen_1.pdb	AC	15.247006683058952
PZ6_Chen_1.pdb	AG	11.898141649964142
PZ6_Chen_1.pdb	AA	12.493595579878768
PZ6_Chen_1.pdb	AG	16.403277570281524
PZ6_Chen_1.pdb	AG	12.080371382593372
PZ6_Chen_1.pdb	AA	12.544029036150864
PZ6_Chen_1.pdb	AU	13.723424051463118
PZ6_Chen_1.pdb	AC	16.431848269851457
PZ6_Chen_1.pdb	AC	19.723769494778686
PZ6_Chen_1.pdb	GG	18.282911767131782
PZ6_Chen_1.pdb	AG	14.95987898222182
PZ6_Chen_1.pdb	GG	14.183065323746302
PZ6_Chen_1.pdb	GG	14.98003296018575
PZ6_Chen_1.pdb	GG	15.70115731880639
PZ6_Chen_1.pdb	GG	16.895177588666208
PZ6_Chen_1.pdb	CG	18.414095962819715
PZ6_Chen_1.pdb	GG	17.990191564900293
PZ6_Chen_1.pdb	GG	16.817710274020715
PZ6_Chen_1.pdb	CG	14.448035192185998
PZ6_Chen_1.pdb	GG	13.173137297693744
PZ6_Chen_1.pdb	AG	15.999126265692354
PZ6_Chen_1.pdb	GG	18.66232920747441
PZ6_Chen_1.pdb	GG	13.866794654465261
PZ6_Chen_1.pdb	AG	11.335817313521433
PZ6_Chen_1.pdb	GU	10.050195961373152
PZ6_Chen_1.pdb	CG	12.79090366268383
PZ6_Chen_1.pdb	CG	17.165350249321634
PZ6_Chen_1.pdb	CU	17.142586547527223
PZ6_Chen_1.pdb	CU	15.30887870917446
PZ6_Chen_1.pdb	AU	18.39426413187936
PZ6_Chen_1.pdb	GU	17.98456003418483
PZ6_Chen_1.pdb	CU	16.063954369149997
PZ6_Chen_1.pdb	GU	15.618548258210632
PZ6_Chen_1.pdb	GU	14.954121930044597
PZ6_Chen_1.pdb	AU	13.51571483941313
PZ6_Chen_1.pdb	GU	14.927694105778654
PZ6_Chen_1.pdb	GU	16.860149824459192
PZ6_Chen_1.pdb	GU	17.745722370305863
PZ6_Chen_1.pdb	GU	18.384997939943936
PZ6_Chen_1.pdb	CU	18.682883135927472
PZ6_Chen_1.pdb	GU	17.569527863760925
PZ6_Chen_1.pdb	GU	16.1287152344946
PZ6_Chen_1.pdb	CU	14.730935075658918
PZ6_Chen_1.pdb	GU	15.451248922628993
PZ6_Chen_1.pdb	AU	19.5888977218241
PZ6_Chen_1.pdb	GU	16.270955082731355
PZ6_Chen_1.pdb	AU	11.467568086885915
PZ6_Chen_1.pdb	UU	7.51989213853754
PZ6_Chen_1.pdb	CU	10.06700643029457
PZ6_Chen_1.pdb	CU	15.451188745274345
PZ6_Chen_1.pdb	CG	16.972343730939958
PZ6_Chen_1.pdb	CC	13.537738031588518
PZ6_Chen_1.pdb	CC	11.074960989974075
PZ6_Chen_1.pdb	AC	15.495369850922582
PZ6_Chen_1.pdb	CC	16.795820272514753
PZ6_Chen_1.pdb	CG	16.800901217670976
PZ6_Chen_1.pdb	CG	12.790326134042996
PZ6_Chen_1.pdb	CC	12.207462084622286
PZ6_Chen_1.pdb	CG	13.569103783192833
PZ6_Chen_1.pdb	CG	15.121018735051749
PZ6_Chen_1.pdb	AC	14.75932695581183
PZ6_Chen_1.pdb	CG	16.280176540476443
PZ6_Chen_1.pdb	CG	17.387172186148714
PZ6_Chen_1.pdb	CG	17.127114310021618
PZ6_Chen_1.pdb	CG	16.48612528855173
PZ6_Chen_1.pdb	CC	15.425192178969874
PZ6_Chen_1.pdb	CG	13.98216756085298
PZ6_Chen_1.pdb	CG	13.234570698875823
PZ6_Chen_1.pdb	CC	13.829502514738655
PZ6_Chen_1.pdb	CG	16.388826438322862
PZ6_Chen_1.pdb	CG	19.335232485235803
PZ6_Chen_1.pdb	AC	13.808497318275334
PZ6_Chen_1.pdb	CU	10.025647733152702
PZ6_Chen_1.pdb	CC	13.567332851654449
PZ6_Chen_1.pdb	CC	19.42594196044441
PZ6_Chen_1.pdb	CG	19.725483570215133
PZ6_Chen_1.pdb	GG	19.341633145060666
PZ6_Chen_1.pdb	GU	18.61115703437443
PZ6_Chen_1.pdb	GG	15.824175260859253
PZ6_Chen_1.pdb	CG	12.852945358423355
PZ6_Chen_1.pdb	CG	10.554263010561552
PZ6_Chen_1.pdb	AG	16.34543941193669
PZ6_Chen_1.pdb	CG	16.717707763717165
PZ6_Chen_1.pdb	CG	19.93523844954057
PZ6_Chen_1.pdb	GG	17.66747085112145
PZ6_Chen_1.pdb	GG	15.8722147329153
PZ6_Chen_1.pdb	GG	18.586246009286402
PZ6_Chen_1.pdb	AG	17.62191192362501
PZ6_Chen_1.pdb	GG	11.179903930312745
PZ6_Chen_1.pdb	GG	7.317067044852679
PZ6_Chen_1.pdb	CG	8.663185910184502
PZ6_Chen_1.pdb	GG	12.485164217843476
PZ6_Chen_1.pdb	GG	15.806878174983444
PZ6_Chen_1.pdb	AG	16.16962383233073
PZ6_Chen_1.pdb	GG	17.51516608696666
PZ6_Chen_1.pdb	GG	17.863280776569002
PZ6_Chen_1.pdb	GG	16.793822733173656
PZ6_Chen_1.pdb	GG	15.298261674910487
PZ6_Chen_1.pdb	CG	13.260630311389496
PZ6_Chen_1.pdb	GG	12.498600517510027
PZ6_Chen_1.pdb	GG	13.581038708085588
PZ6_Chen_1.pdb	CG	16.342188347980514
PZ6_Chen_1.pdb	GG	19.879643640232864
PZ6_Chen_1.pdb	AG	18.79358526029331
PZ6_Chen_1.pdb	GU	15.411621065513337
PZ6_Chen_1.pdb	CG	18.9774471657412
PZ6_Chen_1.pdb	CU	19.449928664466366
PZ6_Chen_1.pdb	CG	19.46065603805475
PZ6_Chen_1.pdb	CC	17.598036037147228
PZ6_Chen_1.pdb	CC	15.822402037060018
PZ6_Chen_1.pdb	CC	19.834124435799808
PZ6_Chen_1.pdb	CG	16.907936458850298
PZ6_Chen_1.pdb	CG	14.793945648275692
PZ6_Chen_1.pdb	CG	15.208713072464965
PZ6_Chen_1.pdb	AC	18.127214313857465
PZ6_Chen_1.pdb	AC	14.075258258352077
PZ6_Chen_1.pdb	CG	7.981442616972369
PZ6_Chen_1.pdb	CG	5.392861712357453
PZ6_Chen_1.pdb	CC	8.683026990337465
PZ6_Chen_1.pdb	CG	14.468963798307652
PZ6_Chen_1.pdb	CG	18.023443180799905
PZ6_Chen_1.pdb	AC	18.104484988756187
PZ6_Chen_1.pdb	CG	18.38491592938896
PZ6_Chen_1.pdb	CG	17.483892312326898
PZ6_Chen_1.pdb	CG	15.595266443073488
PZ6_Chen_1.pdb	CG	13.68698869431462
PZ6_Chen_1.pdb	CC	11.680562770822226
PZ6_Chen_1.pdb	CG	13.242033341111417
PZ6_Chen_1.pdb	CG	16.762500492745506
PZ6_Chen_1.pdb	CG	18.50378293188078
PZ6_Chen_1.pdb	CG	17.105916747644606
PZ6_Chen_1.pdb	AC	15.748945786499782
PZ6_Chen_1.pdb	CG	11.438641420153422
PZ6_Chen_1.pdb	CG	10.014298231804062
PZ6_Chen_1.pdb	CC	11.854926741819442
PZ6_Chen_1.pdb	CG	17.362510449164006
PZ6_Chen_1.pdb	CG	19.986766916916288
PZ6_Chen_1.pdb	AC	19.35683643424731
PZ6_Chen_1.pdb	CG	18.50279363228323
PZ6_Chen_1.pdb	CG	16.640157754120025
PZ6_Chen_1.pdb	CG	14.588556278415696
PZ6_Chen_1.pdb	CG	13.340373952468521
PZ6_Chen_1.pdb	CC	12.829084242940093
PZ6_Chen_1.pdb	CG	16.474627296429038
PZ6_Chen_1.pdb	CG	19.691676396148807
PZ6_Chen_1.pdb	CG	16.582101902087764
PZ6_Chen_1.pdb	CG	14.193455451562341
PZ6_Chen_1.pdb	CC	13.722422448739787
PZ6_Chen_1.pdb	CG	17.96879516142764
PZ6_Chen_1.pdb	CG	19.07327412944412
PZ6_Chen_1.pdb	AC	17.712194737246893
PZ6_Chen_1.pdb	CG	16.15207903279766
PZ6_Chen_1.pdb	CG	14.29343871816587
PZ6_Chen_1.pdb	CG	13.524589219933281
PZ6_Chen_1.pdb	CG	14.398682860535837
PZ6_Chen_1.pdb	CC	16.045620429706638
PZ6_Chen_1.pdb	CG	19.58250814550185
PZ6_Chen_1.pdb	CG	17.997244186168103
PZ6_Chen_1.pdb	CC	15.618205980343156
PZ6_Chen_1.pdb	CG	18.174118861778823
PZ6_Chen_1.pdb	CG	17.77117344406513
PZ6_Chen_1.pdb	AC	16.15082552780754
PZ6_Chen_1.pdb	CG	14.61598070162367
PZ6_Chen_1.pdb	CG	13.852393211898548
PZ6_Chen_1.pdb	CG	15.183056049368759
PZ6_Chen_1.pdb	CG	17.94310107690649
PZ6_Chen_1.pdb	CU	17.50959176700239
PZ6_Chen_1.pdb	GU	18.09612871835692
PZ6_Chen_1.pdb	GU	15.882761884515084
PZ6_Chen_1.pdb	AU	13.997282852108288
PZ6_Chen_1.pdb	GU	12.922191100732332
PZ6_Chen_1.pdb	GU	13.961646274798406
PZ6_Chen_1.pdb	GU	17.32857985764421
PZ6_Chen_1.pdb	CC	18.679560506104977
PZ6_Chen_1.pdb	CG	17.354569497304546
PZ6_Chen_1.pdb	CG	13.947401357332524
PZ6_Chen_1.pdb	AC	12.983515600658645
PZ6_Chen_1.pdb	CG	13.729104667995035
PZ6_Chen_1.pdb	CG	16.818061032306698
PZ6_Chen_1.pdb	CG	17.978532863911294
PZ6_Chen_1.pdb	GG	15.025503516637372
PZ6_Chen_1.pdb	GG	11.618438655490724
PZ6_Chen_1.pdb	AG	12.965244354802365
PZ6_Chen_1.pdb	GG	16.084729668780117
PZ6_Chen_1.pdb	GG	17.265258846717128
PZ6_Chen_1.pdb	CG	17.387970529675247
PZ6_Chen_1.pdb	GG	13.18037604705055
PZ6_Chen_1.pdb	GG	11.144264290347968
PZ6_Chen_1.pdb	AG	14.99954205269945
PZ6_Chen_1.pdb	GG	19.71574233209576
PZ6_Chen_1.pdb	CG	19.36527047306331
PZ6_Chen_1.pdb	GG	15.594602077162135
PZ6_Chen_1.pdb	GG	15.695215186317473
PZ6_Chen_1.pdb	AG	18.612888268971957
PZ6_Chen_1.pdb	AC	17.488964565045688
PZ6_Chen_1.pdb	AG	13.425608906268039
PZ6_Chen_1.pdb	AG	15.375106376949592
PZ6_Chen_1.pdb	CU	19.29177697798618
PZ6_Chen_1.pdb	CU	17.6727234338247
PZ6_Chen_1.pdb	GU	14.012105051937912
PZ6_Chen_1.pdb	GU	17.677760778857127
PZ6_Chen_1.pdb	CG	19.58138044469013
PZ6_Chen_1.pdb	GG	17.45524125741141
PZ6_Chen_1.pdb	GG	15.83648659732447
PZ6_Chen_1.pdb	CG	16.58843054323023
PZ6_Chen_1.pdb	AG	19.49010051789143
PZ6_Chen_1.pdb	GG	19.280991246946922
PZ6_Chen_1.pdb	GG	15.993031969115128
PZ6_Chen_1.pdb	CG	13.104353126694935
PZ6_Chen_1.pdb	GG	10.934902563739586
PZ6_Chen_1.pdb	GG	16.38750646310466
PZ6_Chen_1.pdb	AU	18.027188262470798
PZ6_Chen_1.pdb	GU	13.009776123859611
PZ6_Chen_1.pdb	GU	10.553538980047456
PZ6_Chen_1.pdb	CU	11.187556733287407
PZ6_Chen_1.pdb	CU	15.405283893861354
PZ6_Chen_1.pdb	GU	18.949608366819767
PZ6_Chen_1.pdb	AU	16.660341281214627
PZ6_Chen_1.pdb	GU	16.938071105332202
PZ6_Chen_1.pdb	GU	14.944166806792927
PZ6_Chen_1.pdb	CU	14.222753382226308
PZ6_Chen_1.pdb	GU	13.889672570133694
PZ6_Chen_1.pdb	CG	19.01611896908018
PZ6_Chen_1.pdb	AG	19.921340086528822
PZ6_Chen_1.pdb	AG	14.319730398553538
PZ6_Chen_1.pdb	GG	10.344482144822631
PZ6_Chen_1.pdb	GG	10.62595859276423
PZ6_Chen_1.pdb	CG	12.468506919389172
PZ6_Chen_1.pdb	CG	16.21397791267986
PZ6_Chen_1.pdb	GG	18.87126511932309
PZ6_Chen_1.pdb	AG	19.073166353395003
PZ6_Chen_1.pdb	GG	17.28131968698852
PZ6_Chen_1.pdb	GG	14.655397385818382
PZ6_Chen_1.pdb	CG	13.928473801954
PZ6_Chen_1.pdb	GG	13.114408091988407
PZ6_Chen_1.pdb	GG	18.694843822313153
PZ6_Chen_1.pdb	CU	17.53816333393933
PZ6_Chen_1.pdb	CG	19.574821053420706
PZ6_Chen_1.pdb	AC	18.799555420337754
PZ6_Chen_1.pdb	AC	13.525569062747905
PZ6_Chen_1.pdb	CG	10.885069763522651
PZ6_Chen_1.pdb	CG	12.09765096047229
PZ6_Chen_1.pdb	CC	13.04203741924595
PZ6_Chen_1.pdb	CC	15.240392698075587
PZ6_Chen_1.pdb	CG	16.581794981424096
PZ6_Chen_1.pdb	CG	18.428814500136262
PZ6_Chen_1.pdb	AC	18.99245165639386
PZ6_Chen_1.pdb	CG	15.742545557146467
PZ6_Chen_1.pdb	CG	13.537867392269565
PZ6_Chen_1.pdb	CC	14.210827807637243
PZ6_Chen_1.pdb	CG	14.677358332511393
PZ6_Chen_1.pdb	CG	19.808756824155275
PZ6_Chen_1.pdb	CU	17.177861203991064
PZ6_Chen_1.pdb	CC	18.263364156098152
PZ6_Chen_1.pdb	CG	16.23185094582317
PZ6_Chen_1.pdb	CG	19.027923689390708
PZ6_Chen_1.pdb	AC	16.46941832595496
PZ6_Chen_1.pdb	CG	15.129420151009597
PZ6_Chen_1.pdb	CG	16.230550242788702
PZ6_Chen_1.pdb	CC	15.660514464059839
PZ6_Chen_1.pdb	CC	15.546725196799269
PZ6_Chen_1.pdb	CG	14.725861818714721
PZ6_Chen_1.pdb	CG	14.725398983728551
PZ6_Chen_1.pdb	CG	19.534758735691987
PZ6_Chen_1.pdb	AC	19.25544845399046
PZ6_Chen_1.pdb	CG	14.54096875912123
PZ6_Chen_1.pdb	CG	13.299131714743808
PZ6_Chen_1.pdb	CC	15.69872851201046
PZ6_Chen_1.pdb	CG	17.739601394783598
PZ6_Chen_1.pdb	CG	17.04686713369965
PZ6_Chen_1.pdb	CG	14.757472124824968
PZ6_Chen_1.pdb	CC	16.543230966959644
PZ6_Chen_1.pdb	AC	17.73944889445673
PZ6_Chen_1.pdb	CU	14.381740546156603
PZ6_Chen_1.pdb	CC	17.259045671945206
PZ6_Chen_1.pdb	AG	17.95607583660903
PZ6_Chen_1.pdb	AA	16.792129875630597
PZ6_Chen_1.pdb	AA	13.596502260658609
PZ6_Chen_1.pdb	AG	14.345689174671417
PZ6_Chen_1.pdb	AG	17.114766775280874
PZ6_Chen_1.pdb	AC	17.936800955256153
PZ6_Chen_1.pdb	AC	18.292271944230432
PZ6_Chen_1.pdb	AG	17.986362031058153
PZ6_Chen_1.pdb	AG	18.212988839022607
PZ6_Chen_1.pdb	AG	19.463255659658888
PZ6_Chen_1.pdb	AG	16.774447184189906
PZ6_Chen_1.pdb	AC	17.210670951926392
PZ6_Chen_1.pdb	AA	17.22092462263826
PZ6_Chen_1.pdb	AU	14.769724298751079
PZ6_Chen_1.pdb	AC	17.03487343018025
PZ6_Chen_1.pdb	AC	17.91919553841394
PZ6_Chen_1.pdb	CG	18.366286254423205
PZ6_Chen_1.pdb	CG	19.887241446639607
PZ6_Chen_1.pdb	CC	19.13342297612131
PZ6_Chen_1.pdb	CC	17.67947045961901
PZ6_Chen_1.pdb	CG	15.822002404775146
PZ6_Chen_1.pdb	CG	14.769312338757775
PZ6_Chen_1.pdb	CG	19.126028805832227
PZ6_Chen_1.pdb	CG	19.713207299898407
PZ6_Chen_1.pdb	CG	17.45714668732333
PZ6_Chen_1.pdb	CG	13.543918141968874
PZ6_Chen_1.pdb	CC	15.02414474307294
PZ6_Chen_1.pdb	AC	18.056659975443157
PZ6_Chen_1.pdb	CU	17.03738056519462
PZ6_Chen_1.pdb	AU	19.69674633688525
PZ6_Chen_1.pdb	GU	19.984365647854965
PZ6_Chen_1.pdb	CU	18.749543513794837
PZ6_Chen_1.pdb	CU	16.14508622085016
PZ6_Chen_1.pdb	GU	13.94650006177027
PZ6_Chen_1.pdb	GU	13.183878229963426
PZ6_Chen_1.pdb	GU	19.052877496202544
PZ6_Chen_1.pdb	GU	19.985993253039876
PZ6_Chen_1.pdb	GU	19.734166402771113
PZ6_Chen_1.pdb	GU	16.628114356081177
PZ6_Chen_1.pdb	CU	19.140671363063383
PZ6_Chen_1.pdb	CG	19.6639344465214
PZ6_Chen_1.pdb	AG	19.68917652118551
PZ6_Chen_1.pdb	AG	19.872430143200717
PZ6_Chen_1.pdb	GG	19.616647913236427
PZ6_Chen_1.pdb	GG	18.86961937550615
PZ6_Chen_1.pdb	CG	16.600053526761997
PZ6_Chen_1.pdb	CG	13.577957895178406
PZ6_Chen_1.pdb	GG	12.313343006672017
PZ6_Chen_1.pdb	GG	13.34681338495122
PZ6_Chen_1.pdb	GG	18.072839260666758
PZ6_Chen_1.pdb	AG	18.268541999743206
PZ6_Chen_1.pdb	GG	18.841906907471937
PZ6_Chen_1.pdb	AG	18.07272985691369
PZ6_Chen_1.pdb	AG	18.892962699394637
PZ6_Chen_1.pdb	GG	18.060837302879147
PZ6_Chen_1.pdb	GG	16.300421466251134
PZ6_Chen_1.pdb	CG	14.079701294305453
PZ6_Chen_1.pdb	CG	11.794795828394644
PZ6_Chen_1.pdb	GG	12.756218270917426
PZ6_Chen_1.pdb	GG	15.920683731737226
PZ6_Chen_1.pdb	GG	19.19741149567488
PZ6_Chen_1.pdb	AG	17.53004287166972
PZ6_Chen_1.pdb	AC	15.614758535599593
PZ6_Chen_1.pdb	AC	17.23946980048625
PZ6_Chen_1.pdb	CG	16.26856351913004
PZ6_Chen_1.pdb	CG	14.186321744675972
PZ6_Chen_1.pdb	CC	13.318253633018736
PZ6_Chen_1.pdb	CC	13.198361999831246
PZ6_Chen_1.pdb	CG	16.319934324465393
PZ6_Chen_1.pdb	AC	14.878262125820138
PZ6_Chen_1.pdb	CG	13.958798814433617
PZ6_Chen_1.pdb	CG	12.294134758745399
PZ6_Chen_1.pdb	CC	13.66682027856868
PZ6_Chen_1.pdb	CC	15.877782448574106
PZ6_Chen_1.pdb	CG	13.55027909635745
PZ6_Chen_1.pdb	CG	14.214579146929115
PZ6_Chen_1.pdb	CC	17.53138879905438
PZ6_Chen_1.pdb	GG	16.624025838486737
PZ6_Chen_1.pdb	GG	19.683315717310446
PZ6_Chen_1.pdb	AG	16.462195549702784
PZ6_Chen_1.pdb	AG	17.516384962781895
PZ6_Chen_1.pdb	AC	18.759436266701577
PZ6_Chen_1.pdb	AG	18.233591002191737
PZ6_Chen_1.pdb	AA	16.091205450737775
PZ6_Chen_1.pdb	AA	17.367953088958053
PZ6_Chen_1.pdb	AC	19.800247341338643
PZ6_Chen_1.pdb	AA	19.85682295992716
PZ6_Chen_1.pdb	AG	19.171800347507535
PZ6_Chen_1.pdb	CG	17.739903329340443
PZ6_Chen_1.pdb	AC	13.942508077521838
PZ6_Chen_1.pdb	AC	13.57950248968543
PZ6_Chen_1.pdb	CG	15.435183966804916
PZ6_Chen_1.pdb	CG	17.107001412770515
PZ6_Chen_1.pdb	AC	8.817101187536698
PZ6_Chen_1.pdb	AC	10.443110853897851
PZ6_Chen_1.pdb	CG	12.37599154598198
PZ6_Chen_1.pdb	CG	15.803795493420509
PZ6_Chen_1.pdb	AG	9.704759108541639
PZ6_Chen_1.pdb	GG	9.651121981657653
PZ6_Chen_1.pdb	GG	14.209102825170769
PZ6_Chen_1.pdb	CG	19.933962629842586
PZ6_Chen_1.pdb	GG	9.429105595384152
PZ6_Chen_1.pdb	GG	13.972385386571274
PZ6_Chen_1.pdb	CG	18.081469622984706
PZ6_Chen_1.pdb	GG	15.248978989378898
PZ6_Chen_1.pdb	GG	16.539899842900894
PZ6_Chen_1.pdb	GG	14.49528069159998
PZ6_Chen_1.pdb	CG	19.8175859911895
PZ6_Chen_1.pdb	GG	18.71055927048167
PZ6_Chen_1.pdb	CG	17.027278275849884
PZ6_Chen_1.pdb	GG	16.65962609227725
PZ6_Chen_1.pdb	GG	19.23183497416231
PZ6_Chen_1.pdb	AG	19.013376562122396
PZ6_Chen_1.pdb	GG	18.873482791926087
PZ6_Chen_1.pdb	CG	16.523625413380014
PZ6_Chen_1.pdb	GG	16.719479167685776
PZ6_Chen_1.pdb	GG	18.96697598353968
PZ6_Chen_1.pdb	CG	16.87784398825139
PZ6_Chen_1.pdb	CG	18.841314106737986
PZ6_Chen_1.pdb	CG	19.65029707665418
PZ6_Chen_1.pdb	CG	19.987181574417004
PZ6_Chen_1.pdb	CC	19.37231104619507
PZ6_Chen_1.pdb	CG	18.38108376013218
PZ6_Chen_1.pdb	GG	19.264014223739267
PZ6_Chen_1.pdb	CG	17.938570150830717
PZ6_Chen_1.pdb	AG	18.98794695387004
PZ6_Chen_1.pdb	GU	19.31103449199453
PZ6_Chen_1.pdb	GG	17.288281388923522
PZ6_Chen_1.pdb	GG	17.93440105096245
PZ6_Chen_1.pdb	AG	14.464385657457601
PZ6_Chen_1.pdb	GU	15.574502748745056
PZ6_Chen_1.pdb	CG	12.2865412182017
PZ6_Chen_1.pdb	AC	9.583391618420828
PZ6_Chen_1.pdb	CU	12.36343114591697
PZ6_Chen_1.pdb	CC	17.812785868393846
PZ6_Chen_1.pdb	AG	8.775255900133335
PZ6_Chen_1.pdb	GU	13.103654551992438
PZ6_Chen_1.pdb	CG	17.98723846260859
PZ6_Chen_1.pdb	AU	16.862285471302688
PZ6_Chen_1.pdb	CG	19.77439006671715
PZ6_Chen_1.pdb	CG	16.372364349231145
PZ6_Chen_1.pdb	GG	19.64638625916682
PZ6_Chen_1.pdb	AG	17.914940482035806
PZ6_Chen_1.pdb	AC	18.642041801560495
PZ6_Chen_1.pdb	CG	19.25219319081354
PZ6_Chen_1.pdb	CG	14.40220330303341
PZ6_Chen_1.pdb	CU	17.991934523272175
PZ6_Chen_1.pdb	GU	13.54988132291759
PZ6_Chen_1.pdb	CG	18.566891597788658
PZ6_Chen_1.pdb	GG	19.802691039660218
PZ6_Chen_1.pdb	AG	18.17550598866271
PZ6_Chen_1.pdb	CG	19.60199957947974
PZ6_Chen_1.pdb	CG	18.04760069328125
PZ6_Chen_1.pdb	CG	19.264482963669
PZ6_Chen_1.pdb	AC	17.33615355393445
PZ6_Chen_1.pdb	AU	18.95764008079407
PZ6_Chen_1.pdb	CC	18.256872797831967
PZ6_Chen_1.pdb	CC	18.15797670480761
PZ6_Chen_1.pdb	CC	18.941924231227258
PZ6_Chen_1.pdb	CC	18.998846661332415
PZ6_Chen_1.pdb	GU	19.5908287083551
PZ6_Das_1.pdb	AC	19.78123730374102
PZ6_Das_1.pdb	CU	16.872476539495004
PZ6_Das_1.pdb	CG	15.203911100385273
PZ6_Das_1.pdb	CC	15.441715887384412
PZ6_Das_1.pdb	CC	16.588744030244715
PZ6_Das_1.pdb	CU	17.563553819209396
PZ6_Das_1.pdb	CG	17.833854285224064
PZ6_Das_1.pdb	CC	17.32318929331289
PZ6_Das_1.pdb	CC	15.940238906623708
PZ6_Das_1.pdb	CG	13.90658069257677
PZ6_Das_1.pdb	GG	19.885609332764368
PZ6_Das_1.pdb	CG	17.271260360783685
PZ6_Das_1.pdb	GU	15.170739371829656
PZ6_Das_1.pdb	GG	15.375319483511944
PZ6_Das_1.pdb	CG	16.59961954440953
PZ6_Das_1.pdb	CG	17.727120608095845
PZ6_Das_1.pdb	GU	18.04592996846985
PZ6_Das_1.pdb	GG	17.40660463135618
PZ6_Das_1.pdb	CG	15.921799977844426
PZ6_Das_1.pdb	CG	13.88994405637695
PZ6_Das_1.pdb	GG	12.158329230645203
PZ6_Das_1.pdb	GG	19.915455377144383
PZ6_Das_1.pdb	CG	17.948416974814307
PZ6_Das_1.pdb	CG	15.391013408412043
PZ6_Das_1.pdb	GU	15.078204188474194
PZ6_Das_1.pdb	GG	16.441286027697796
PZ6_Das_1.pdb	CG	17.63665498976239
PZ6_Das_1.pdb	CG	18.05858690251746
PZ6_Das_1.pdb	GU	17.42488608355084
PZ6_Das_1.pdb	GG	15.924494573330028
PZ6_Das_1.pdb	CG	13.879829414338946
PZ6_Das_1.pdb	CG	12.126385106392835
PZ6_Das_1.pdb	GG	12.107762998620775
PZ6_Das_1.pdb	CU	19.806975033530286
PZ6_Das_1.pdb	AC	18.353162577829348
PZ6_Das_1.pdb	CC	15.67720126999475
PZ6_Das_1.pdb	CC	14.995665498012302
PZ6_Das_1.pdb	CU	15.931331371653927
PZ6_Das_1.pdb	CG	17.46695550554883
PZ6_Das_1.pdb	CC	17.979245025864685
PZ6_Das_1.pdb	CC	17.414277327464454
PZ6_Das_1.pdb	CU	15.878635829754817
PZ6_Das_1.pdb	CG	13.938019078420824
PZ6_Das_1.pdb	CC	12.257356207111814
PZ6_Das_1.pdb	CC	12.174148589480774
PZ6_Das_1.pdb	CG	14.528471162008083
PZ6_Das_1.pdb	AA	19.34353569679811
PZ6_Das_1.pdb	AA	19.843371969182407
PZ6_Das_1.pdb	AU	18.359355478317582
PZ6_Das_1.pdb	AG	19.10800528522465
PZ6_Das_1.pdb	AG	19.49241869541156
PZ6_Das_1.pdb	AG	19.493502781040718
PZ6_Das_1.pdb	AA	16.749575161097187
PZ6_Das_1.pdb	AA	15.707676139203228
PZ6_Das_1.pdb	AC	14.645349752134539
PZ6_Das_1.pdb	AC	15.536929710856572
PZ6_Das_1.pdb	AU	16.80329816551706
PZ6_Das_1.pdb	AG	17.79688183090196
PZ6_Das_1.pdb	AC	17.35234215338254
PZ6_Das_1.pdb	AC	15.862603019447572
PZ6_Das_1.pdb	AU	13.860155083123797
PZ6_Das_1.pdb	AG	12.419043015689542
PZ6_Das_1.pdb	AC	12.449092820808218
PZ6_Das_1.pdb	AC	14.683851139932301
PZ6_Das_1.pdb	AG	18.568402921154554
PZ6_Das_1.pdb	GU	16.553185214476265
PZ6_Das_1.pdb	AG	15.379787718437266
PZ6_Das_1.pdb	AG	16.073594280923277
PZ6_Das_1.pdb	AG	18.436516348009448
PZ6_Das_1.pdb	AG	18.464018483636995
PZ6_Das_1.pdb	GU	17.52619072080786
PZ6_Das_1.pdb	GG	17.040859505921897
PZ6_Das_1.pdb	GU	19.824649020432336
PZ6_Das_1.pdb	GG	17.644719570307405
PZ6_Das_1.pdb	GG	13.901977290990516
PZ6_Das_1.pdb	GG	14.400080860595503
PZ6_Das_1.pdb	AG	16.633118275216983
PZ6_Das_1.pdb	AG	19.968788659078207
PZ6_Das_1.pdb	GG	19.767419665964173
PZ6_Das_1.pdb	AG	16.719956583978988
PZ6_Das_1.pdb	AG	14.125308045063164
PZ6_Das_1.pdb	AG	14.089842293070724
PZ6_Das_1.pdb	CG	14.687578768233534
PZ6_Das_1.pdb	CG	16.2901177007623
PZ6_Das_1.pdb	GU	17.145435420953447
PZ6_Das_1.pdb	GG	17.219947510087255
PZ6_Das_1.pdb	CG	15.838458012316075
PZ6_Das_1.pdb	CG	13.817627358181745
PZ6_Das_1.pdb	GU	12.264441796510848
PZ6_Das_1.pdb	GG	12.612232435185883
PZ6_Das_1.pdb	CG	14.93993670565539
PZ6_Das_1.pdb	CG	18.73213877425448
PZ6_Das_1.pdb	GU	17.26951354701971
PZ6_Das_1.pdb	GU	11.783681869590811
PZ6_Das_1.pdb	AG	11.787241709346873
PZ6_Das_1.pdb	AG	11.757484048655568
PZ6_Das_1.pdb	AG	13.525776557300853
PZ6_Das_1.pdb	AG	13.925839733255177
PZ6_Das_1.pdb	GG	18.665261505806647
PZ6_Das_1.pdb	GG	18.674203766519234
PZ6_Das_1.pdb	GU	19.87101471918115
PZ6_Das_1.pdb	GU	18.553033366116487
PZ6_Das_1.pdb	GG	17.55783093093078
PZ6_Das_1.pdb	GG	19.9977262149767
PZ6_Das_1.pdb	CG	19.466409599457485
PZ6_Das_1.pdb	GG	12.948703571379056
PZ6_Das_1.pdb	GG	10.334494577722593
PZ6_Das_1.pdb	GG	12.700827567744602
PZ6_Das_1.pdb	AG	16.890653646205454
PZ6_Das_1.pdb	GG	15.758890180755955
PZ6_Das_1.pdb	AG	13.963056835144167
PZ6_Das_1.pdb	AG	13.328686529846193
PZ6_Das_1.pdb	AG	13.61238073986056
PZ6_Das_1.pdb	CG	15.228423241760243
PZ6_Das_1.pdb	CG	16.658317209393665
PZ6_Das_1.pdb	GU	16.684325963578836
PZ6_Das_1.pdb	GG	15.777148463450514
PZ6_Das_1.pdb	CG	13.81907784526426
PZ6_Das_1.pdb	CG	12.151458145740829
PZ6_Das_1.pdb	GU	12.355393599718752
PZ6_Das_1.pdb	GG	15.001612551652665
PZ6_Das_1.pdb	CG	18.868930235826493
PZ6_Das_1.pdb	UU	18.36523731539808
PZ6_Das_1.pdb	CU	16.545314022729332
PZ6_Das_1.pdb	GU	16.205053824115414
PZ6_Das_1.pdb	GU	16.832434304133482
PZ6_Das_1.pdb	GU	17.660634819190577
PZ6_Das_1.pdb	AU	17.940875487574587
PZ6_Das_1.pdb	GU	17.314990125494262
PZ6_Das_1.pdb	UU	15.010576388659336
PZ6_Das_1.pdb	UU	10.908386826742131
PZ6_Das_1.pdb	AU	11.960052347805087
PZ6_Das_1.pdb	AU	9.474100402143966
PZ6_Das_1.pdb	AU	8.702966578846782
PZ6_Das_1.pdb	AU	8.518385860315677
PZ6_Das_1.pdb	GU	13.658060687327243
PZ6_Das_1.pdb	GU	16.913135162576776
PZ6_Das_1.pdb	GU	18.63499871697792
PZ6_Das_1.pdb	UU	18.79173486807093
PZ6_Das_1.pdb	GU	16.064562007205243
PZ6_Das_1.pdb	GU	16.85388544905302
PZ6_Das_1.pdb	CU	16.769875101183818
PZ6_Das_1.pdb	GU	10.789367865807828
PZ6_Das_1.pdb	GU	11.32386120817567
PZ6_Das_1.pdb	GU	15.62036069933679
PZ6_Das_1.pdb	GU	15.95123003241058
PZ6_Das_1.pdb	GU	11.563932843517744
PZ6_Das_1.pdb	AU	12.275562824727503
PZ6_Das_1.pdb	AU	13.1404239272389
PZ6_Das_1.pdb	AU	12.88909978112002
PZ6_Das_1.pdb	CU	14.812806613765186
PZ6_Das_1.pdb	CU	15.75245893782013
PZ6_Das_1.pdb	UU	15.189680997061295
PZ6_Das_1.pdb	GU	13.991507015658412
PZ6_Das_1.pdb	CU	12.706597779791226
PZ6_Das_1.pdb	CU	12.941205506100134
PZ6_Das_1.pdb	UU	15.408710029766858
PZ6_Das_1.pdb	GU	19.372216733841352
PZ6_Das_1.pdb	CG	19.513336053514312
PZ6_Das_1.pdb	GG	19.043023948012205
PZ6_Das_1.pdb	GG	16.473599734500223
PZ6_Das_1.pdb	GU	14.998950912449507
PZ6_Das_1.pdb	CG	15.014713666552867
PZ6_Das_1.pdb	GG	16.049724203755193
PZ6_Das_1.pdb	GG	17.105347607061365
PZ6_Das_1.pdb	GG	17.636239418555775
PZ6_Das_1.pdb	AG	17.25017914130125
PZ6_Das_1.pdb	GG	16.01524454572132
PZ6_Das_1.pdb	GU	13.839926457920994
PZ6_Das_1.pdb	GU	12.234583528367931
PZ6_Das_1.pdb	AG	15.485438693907303
PZ6_Das_1.pdb	AG	12.98630810408167
PZ6_Das_1.pdb	AG	10.174992024909626
PZ6_Das_1.pdb	AG	9.71395490766996
PZ6_Das_1.pdb	GG	14.625822828063228
PZ6_Das_1.pdb	GG	17.798026111692373
PZ6_Das_1.pdb	GG	19.284014056589488
PZ6_Das_1.pdb	CG	18.435943714498887
PZ6_Das_1.pdb	GU	17.43375349174459
PZ6_Das_1.pdb	GG	19.591680879755028
PZ6_Das_1.pdb	GU	16.01925983874032
PZ6_Das_1.pdb	GG	12.205905181435265
PZ6_Das_1.pdb	GG	11.28239074341077
PZ6_Das_1.pdb	CG	14.260864158135881
PZ6_Das_1.pdb	CG	19.46729806629538
PZ6_Das_1.pdb	CG	16.252744785249206
PZ6_Das_1.pdb	CG	10.887116574682729
PZ6_Das_1.pdb	GG	6.2849386383827985
PZ6_Das_1.pdb	GG	10.434114178949178
PZ6_Das_1.pdb	GG	15.897724388853971
PZ6_Das_1.pdb	AG	17.84520982002189
PZ6_Das_1.pdb	GG	12.178355030976299
PZ6_Das_1.pdb	GG	8.72393361867396
PZ6_Das_1.pdb	AG	11.041627955868574
PZ6_Das_1.pdb	AG	14.811701691333468
PZ6_Das_1.pdb	AG	15.832288807672855
PZ6_Das_1.pdb	CG	19.064267207005745
PZ6_Das_1.pdb	GG	19.38618743113876
PZ6_Das_1.pdb	CG	18.212421959505644
PZ6_Das_1.pdb	CG	18.573479037026257
PZ6_Das_1.pdb	CC	19.90038956408417
PZ6_Das_1.pdb	CC	17.793125960963444
PZ6_Das_1.pdb	CG	16.45430423801796
PZ6_Das_1.pdb	CG	15.71235760441301
PZ6_Das_1.pdb	CU	15.878923202370297
PZ6_Das_1.pdb	CC	16.75145623545779
PZ6_Das_1.pdb	CG	17.708439567387337
PZ6_Das_1.pdb	CG	17.976609767848807
PZ6_Das_1.pdb	CG	17.39600683182241
PZ6_Das_1.pdb	AC	15.89783917150011
PZ6_Das_1.pdb	CG	13.949149260271424
PZ6_Das_1.pdb	CU	12.298243894378732
PZ6_Das_1.pdb	CU	13.307934225719722
PZ6_Das_1.pdb	AC	17.529584251064467
PZ6_Das_1.pdb	AC	15.337100194490992
PZ6_Das_1.pdb	AC	12.331515718952108
PZ6_Das_1.pdb	AC	12.869996489738273
PZ6_Das_1.pdb	CG	17.44445566468819
PZ6_Das_1.pdb	CU	18.321035155091923
PZ6_Das_1.pdb	CG	19.060904759295216
PZ6_Das_1.pdb	CC	19.516253670917532
PZ6_Das_1.pdb	CU	14.910627184817658
PZ6_Das_1.pdb	CG	9.79696036221949
PZ6_Das_1.pdb	CG	6.463892938475683
PZ6_Das_1.pdb	CC	8.718717236203872
PZ6_Das_1.pdb	CC	14.19260053442361
PZ6_Das_1.pdb	CC	19.552296228077395
PZ6_Das_1.pdb	CG	17.869862084634676
PZ6_Das_1.pdb	CC	14.102280608396029
PZ6_Das_1.pdb	CC	10.228654900364083
PZ6_Das_1.pdb	CG	8.519255739568848
PZ6_Das_1.pdb	CG	13.44932990954847
PZ6_Das_1.pdb	CG	18.606427392023644
PZ6_Das_1.pdb	AC	18.183849503744266
PZ6_Das_1.pdb	CG	13.70980063901708
PZ6_Das_1.pdb	CG	12.214310833191849
PZ6_Das_1.pdb	AC	15.361199769605578
PZ6_Das_1.pdb	GU	19.405192140106013
PZ6_Das_1.pdb	CU	14.540855561269673
PZ6_Das_1.pdb	GU	15.355050058652234
PZ6_Das_1.pdb	GU	16.352856823866617
PZ6_Das_1.pdb	UU	17.27031490190115
PZ6_Das_1.pdb	CU	18.03602968838472
PZ6_Das_1.pdb	GU	18.271254781392628
PZ6_Das_1.pdb	GU	17.507281125078233
PZ6_Das_1.pdb	GU	15.90813788040371
PZ6_Das_1.pdb	AU	13.775979765984722
PZ6_Das_1.pdb	GU	12.147718534584705
PZ6_Das_1.pdb	UU	12.522754336431914
PZ6_Das_1.pdb	UU	15.843149857389127
PZ6_Das_1.pdb	AU	19.968488949681113
PZ6_Das_1.pdb	AU	17.475519525408227
PZ6_Das_1.pdb	AU	14.114084925169767
PZ6_Das_1.pdb	AU	15.31185843897854
PZ6_Das_1.pdb	GU	19.15667999182081
PZ6_Das_1.pdb	UU	18.05357226861284
PZ6_Das_1.pdb	GU	12.255563273743896
PZ6_Das_1.pdb	GU	7.053699924019027
PZ6_Das_1.pdb	CU	6.861971970141233
PZ6_Das_1.pdb	CU	11.943968923923787
PZ6_Das_1.pdb	CU	17.217396017566436
PZ6_Das_1.pdb	GU	19.614174065003606
PZ6_Das_1.pdb	CU	16.7902490158246
PZ6_Das_1.pdb	CU	14.509286111739659
PZ6_Das_1.pdb	GU	14.308513099760173
PZ6_Das_1.pdb	GU	19.092441537100555
PZ6_Das_1.pdb	AU	19.289529627542425
PZ6_Das_1.pdb	GU	16.452127061133982
PZ6_Das_1.pdb	GU	16.62694595166251
PZ6_Das_1.pdb	CG	18.136799444216447
PZ6_Das_1.pdb	CC	12.791742518581396
PZ6_Das_1.pdb	CG	15.564781044814831
PZ6_Das_1.pdb	CG	17.335521023711557
PZ6_Das_1.pdb	CU	18.10297873223809
PZ6_Das_1.pdb	CC	18.220712982469763
PZ6_Das_1.pdb	CG	17.555023331383133
PZ6_Das_1.pdb	CG	15.940472027965992
PZ6_Das_1.pdb	CG	13.88528328866046
PZ6_Das_1.pdb	AC	12.213426127078295
PZ6_Das_1.pdb	CG	12.400485614231032
PZ6_Das_1.pdb	CU	15.172270498310906
PZ6_Das_1.pdb	CU	19.283109958720832
PZ6_Das_1.pdb	AC	19.472845394031875
PZ6_Das_1.pdb	AC	15.549630077992502
PZ6_Das_1.pdb	AC	16.81074595796416
PZ6_Das_1.pdb	CG	19.4718814040808
PZ6_Das_1.pdb	CG	17.508338879731443
PZ6_Das_1.pdb	CG	12.421287375726191
PZ6_Das_1.pdb	CC	11.065081616210762
PZ6_Das_1.pdb	CC	14.52111749367749
PZ6_Das_1.pdb	CC	19.301451612008325
PZ6_Das_1.pdb	CC	19.738931317737194
PZ6_Das_1.pdb	CG	19.768827512094457
PZ6_Das_1.pdb	CG	18.71623552700542
PZ6_Das_1.pdb	CG	18.304576883068954
PZ6_Das_1.pdb	CC	13.094516557802859
PZ6_Das_1.pdb	CG	16.61281287992484
PZ6_Das_1.pdb	CG	18.179491917768637
PZ6_Das_1.pdb	CU	18.234041317455244
PZ6_Das_1.pdb	CC	17.462051858084507
PZ6_Das_1.pdb	CG	15.947311228724088
PZ6_Das_1.pdb	CG	13.9077360480989
PZ6_Das_1.pdb	CG	12.32615272005477
PZ6_Das_1.pdb	AC	12.44498917430105
PZ6_Das_1.pdb	CG	14.955800089159114
PZ6_Das_1.pdb	CU	19.099514291894494
PZ6_Das_1.pdb	AC	16.863042604540436
PZ6_Das_1.pdb	AC	17.646605897285053
PZ6_Das_1.pdb	CG	18.738808976397877
PZ6_Das_1.pdb	CG	18.112908410922937
PZ6_Das_1.pdb	CC	16.59820765946296
PZ6_Das_1.pdb	CC	19.340328899329776
PZ6_Das_1.pdb	CC	19.76193653974568
PZ6_Das_1.pdb	CG	19.19948390976732
PZ6_Das_1.pdb	CC	14.69297067261772
PZ6_Das_1.pdb	CG	17.666296172404614
PZ6_Das_1.pdb	CG	18.386135880077624
PZ6_Das_1.pdb	CU	17.489931529956042
PZ6_Das_1.pdb	CC	15.873156899364863
PZ6_Das_1.pdb	CG	13.893024678546244
PZ6_Das_1.pdb	CG	12.325067110425664
PZ6_Das_1.pdb	CG	12.50456699776677
PZ6_Das_1.pdb	AC	14.940111268561077
PZ6_Das_1.pdb	CG	18.947758540708325
PZ6_Das_1.pdb	AC	18.28761102430199
PZ6_Das_1.pdb	AC	18.101315865949093
PZ6_Das_1.pdb	CG	17.327527416226758
PZ6_Das_1.pdb	AC	19.360633623467358
PZ6_Das_1.pdb	CG	18.690968991092845
PZ6_Das_1.pdb	GG	19.98643947609565
PZ6_Das_1.pdb	CG	16.473202307668828
PZ6_Das_1.pdb	GG	18.134338184475617
PZ6_Das_1.pdb	GG	17.71422818294139
PZ6_Das_1.pdb	GU	15.92172551378582
PZ6_Das_1.pdb	CG	13.836436216648039
PZ6_Das_1.pdb	GG	12.257936190304425
PZ6_Das_1.pdb	GG	12.441379840915927
PZ6_Das_1.pdb	GG	14.922500405332295
PZ6_Das_1.pdb	AG	18.883755059513838
PZ6_Das_1.pdb	AG	18.57865426357179
PZ6_Das_1.pdb	GG	15.916655254065185
PZ6_Das_1.pdb	GG	18.019191374099744
PZ6_Das_1.pdb	AG	17.538773755869265
PZ6_Das_1.pdb	GG	19.795656318684397
PZ6_Das_1.pdb	AU	18.401414937448042
PZ6_Das_1.pdb	AG	19.780232863444684
PZ6_Das_1.pdb	AC	17.458040325170238
PZ6_Das_1.pdb	AG	17.506128050846744
PZ6_Das_1.pdb	AG	16.02017086352271
PZ6_Das_1.pdb	AU	13.81411183133093
PZ6_Das_1.pdb	AC	12.2330189936866
PZ6_Das_1.pdb	AG	12.441889283259599
PZ6_Das_1.pdb	AG	14.956904954591419
PZ6_Das_1.pdb	AG	18.93672216835867
PZ6_Das_1.pdb	AA	19.644352909528518
PZ6_Das_1.pdb	AG	15.661199373026962
PZ6_Das_1.pdb	AG	15.800709238257301
PZ6_Das_1.pdb	AG	19.067444879434888
PZ6_Das_1.pdb	AA	19.587507668226582
PZ6_Das_1.pdb	AC	16.43221100342818
PZ6_Das_1.pdb	AA	14.73412944100048
PZ6_Das_1.pdb	AG	18.22290568327249
PZ6_Das_1.pdb	CG	17.71835751910925
PZ6_Das_1.pdb	CC	17.005397180921243
PZ6_Das_1.pdb	CG	15.418049839211937
PZ6_Das_1.pdb	CG	13.467678594548016
PZ6_Das_1.pdb	CU	12.208292029924307
PZ6_Das_1.pdb	CC	12.881264394878952
PZ6_Das_1.pdb	CG	15.64622337048646
PZ6_Das_1.pdb	CG	19.659512132624002
PZ6_Das_1.pdb	CG	18.018373932280582
PZ6_Das_1.pdb	CG	16.38584488136366
PZ6_Das_1.pdb	CG	17.759796917116887
PZ6_Das_1.pdb	AC	16.613101147562478
PZ6_Das_1.pdb	AC	16.04337968315904
PZ6_Das_1.pdb	CG	14.820244029969627
PZ6_Das_1.pdb	CC	16.92695599211234
PZ6_Das_1.pdb	CG	19.280578362296357
PZ6_Das_1.pdb	CU	15.445956299396862
PZ6_Das_1.pdb	CC	11.303774619481969
PZ6_Das_1.pdb	AC	11.449971512415855
PZ6_Das_1.pdb	CG	16.588237566380894
PZ6_Das_1.pdb	CC	15.979246537360162
PZ6_Das_1.pdb	CG	13.534239529068246
PZ6_Das_1.pdb	CG	12.284040696956547
PZ6_Das_1.pdb	CU	13.060536924140399
PZ6_Das_1.pdb	CC	15.794282794973165
PZ6_Das_1.pdb	CG	19.741869467956178
PZ6_Das_1.pdb	CG	19.65834346029337
PZ6_Das_1.pdb	CG	19.747066347614975
PZ6_Das_1.pdb	AC	17.810996736800426
PZ6_Das_1.pdb	AC	15.95684108248286
PZ6_Das_1.pdb	CG	12.900015535018314
PZ6_Das_1.pdb	CC	13.863626244925957
PZ6_Das_1.pdb	CC	17.788658110198888
PZ6_Das_1.pdb	AC	16.268463769050673
PZ6_Das_1.pdb	CG	14.165530678206476
PZ6_Das_1.pdb	CU	17.61242677308257
PZ6_Das_1.pdb	CG	19.43893535977988
PZ6_Das_1.pdb	CU	17.756522667596663
PZ6_Das_1.pdb	AC	19.154826226285316
PZ6_Das_1.pdb	AC	19.90213881245103
PZ6_Das_1.pdb	CG	19.274644533258257
PZ6_Das_1.pdb	CU	13.672153346941311
PZ6_Das_1.pdb	CC	9.190369308503483
PZ6_Das_1.pdb	AC	10.628578775261177
PZ6_Das_1.pdb	CG	16.737386689538557
PZ6_Das_1.pdb	CG	11.41170660364208
PZ6_Das_1.pdb	CG	12.558501933359036
PZ6_Das_1.pdb	CU	15.597246702252454
PZ6_Das_1.pdb	CC	19.41418611138039
PZ6_Das_1.pdb	CG	16.76395627496095
PZ6_Das_1.pdb	CC	16.585533371551406
PZ6_Das_1.pdb	CC	19.147377568529645
PZ6_Das_1.pdb	AC	16.628326908740753
PZ6_Das_1.pdb	AC	12.583142075726805
PZ6_Das_1.pdb	CG	12.486591930129448
PZ6_Das_1.pdb	CU	17.86958117302475
PZ6_Das_1.pdb	CG	17.960624261907338
PZ6_Das_1.pdb	CU	15.204469167936924
PZ6_Das_1.pdb	CG	19.924563593825358
PZ6_Das_1.pdb	AC	16.796415764345394
PZ6_Das_1.pdb	CU	16.833224942608336
PZ6_Das_1.pdb	CC	12.096716246410395
PZ6_Das_1.pdb	AC	12.571169997200483
PZ6_Das_1.pdb	CG	18.477296544209196
PZ6_Das_1.pdb	GU	14.108627365640103
PZ6_Das_1.pdb	UU	18.372403411266955
PZ6_Das_1.pdb	AU	16.487054073852562
PZ6_Das_1.pdb	AU	13.683476178875933
PZ6_Das_1.pdb	GU	15.576990470366647
PZ6_Das_1.pdb	GU	18.467685425452114
PZ6_Das_1.pdb	UU	15.61228232792135
PZ6_Das_1.pdb	GU	19.8384801085193
PZ6_Das_1.pdb	AU	17.999392810734342
PZ6_Das_1.pdb	CU	16.784088572781364
PZ6_Das_1.pdb	AU	15.684199492116283
PZ6_Das_1.pdb	GU	17.643695783747606
PZ6_Das_1.pdb	AG	19.583294256422853
PZ6_Das_1.pdb	AG	16.748861102727833
PZ6_Das_1.pdb	GG	18.53285589931555
PZ6_Das_1.pdb	GG	16.60555172816186
PZ6_Das_1.pdb	GU	15.026866190921288
PZ6_Das_1.pdb	GG	19.091245493777528
PZ6_Das_1.pdb	AG	18.690166763855746
PZ6_Das_1.pdb	CG	18.788123166347983
PZ6_Das_1.pdb	CG	16.708734285036726
PZ6_Das_1.pdb	CG	19.76864932847238
PZ6_Das_1.pdb	CG	18.503021754593043
PZ6_Das_1.pdb	AG	15.621333932356547
PZ6_Das_1.pdb	GG	19.090578785531466
PZ6_Das_1.pdb	CC	18.686923910956647
PZ6_Das_1.pdb	CG	17.376456648289253
PZ6_Das_1.pdb	CU	17.460223141208996
PZ6_Das_1.pdb	CG	19.907603912993
PZ6_Das_1.pdb	CC	15.120233660227706
PZ6_Das_1.pdb	CC	14.362522179864555
PZ6_Das_1.pdb	CC	18.406408556576572
PZ6_Das_1.pdb	CC	18.84046779584573
PZ6_Das_1.pdb	AC	14.61520905828219
PZ6_Das_1.pdb	CG	16.933691684517218
PZ6_Das_1.pdb	GG	19.65654075777203
PZ6_Das_1.pdb	AG	17.4511400606508
PZ6_Das_1.pdb	GG	17.095462278859095
PZ6_Das_1.pdb	GU	15.769833845592204
PZ6_Das_1.pdb	GG	11.504881491872814
PZ6_Das_1.pdb	GU	12.013179648564266
PZ6_Das_1.pdb	GG	16.87936996651692
PZ6_Das_1.pdb	AG	16.419299495696624
PZ6_Das_1.pdb	GG	19.849096734889216
PZ6_Das_1.pdb	CG	15.618969868413254
PZ6_Das_1.pdb	CG	15.47329890919207
PZ6_Das_1.pdb	CG	17.494304953922434
PZ6_Das_1.pdb	CG	16.76218335709721
PZ6_Das_1.pdb	GU	18.61153986647112
PZ6_Das_1.pdb	CG	13.666131582474751
PZ6_Das_1.pdb	AG	9.435889746422596
PZ6_Das_1.pdb	GG	11.92358721689497
PZ6_Das_1.pdb	GG	16.345304514205946
PZ6_Das_1.pdb	AG	17.632399996315524
PZ6_Das_1.pdb	GG	16.880996141739875
PZ6_Das_1.pdb	GG	16.522605375299793
PZ6_Das_1.pdb	GG	16.506977053780886
PZ6_Das_1.pdb	AG	18.168204368181218
PZ6_Das_1.pdb	AG	19.027105180480795
PZ6_Das_1.pdb	GG	18.315471318871897
PZ6_Das_1.pdb	AG	18.371862146747052
PZ6_Das_1.pdb	GG	16.142014525580997
PZ6_Das_1.pdb	GU	17.849571073368665
PZ6_Das_1.pdb	AG	19.828395408767992
PZ6_Das_1.pdb	CG	16.446555286365623
PZ6_Das_1.pdb	GU	13.017562275576493
PZ6_Das_1.pdb	GG	10.205288443447389
PZ6_Das_1.pdb	GU	12.018740003511446
PZ6_Das_1.pdb	GG	17.168447353508316
PZ6_Das_1.pdb	AG	15.894680663823069
PZ6_Das_1.pdb	CG	17.84233058011628
PZ6_Das_1.pdb	CG	19.163765891594966
PZ6_Das_1.pdb	CG	18.09717934108334
PZ6_Das_1.pdb	CG	15.70802909081167
PZ6_Das_1.pdb	GG	18.27344573873625
PZ6_Das_1.pdb	GG	19.268060860770415
PZ6_Das_1.pdb	AG	16.62102531457445
PZ6_Das_1.pdb	GG	16.58929596399977
PZ6_Das_1.pdb	GU	13.767265018009654
PZ6_Das_1.pdb	CG	9.217673393371674
PZ6_Das_1.pdb	AG	3.992740319448875
PZ6_Das_1.pdb	GG	6.589805244664257
PZ6_Das_1.pdb	GG	11.684989600148183
PZ6_Das_1.pdb	AG	17.48813727421856
PZ6_Das_1.pdb	AU	17.428242523339588
PZ6_Das_1.pdb	AU	13.479166908044329
PZ6_Das_1.pdb	GU	11.618948952432875
PZ6_Das_1.pdb	GU	10.783825310246348
PZ6_Das_1.pdb	GU	11.292570634347523
PZ6_Das_1.pdb	AU	13.917622793686728
PZ6_Das_1.pdb	AU	16.083497299225915
PZ6_Das_1.pdb	GU	17.073305516675184
PZ6_Das_1.pdb	GU	19.28573479016453
PZ6_Das_1.pdb	UU	19.508768333059187
PZ6_Das_1.pdb	GU	19.264288944362146
PZ6_Das_1.pdb	GU	19.79243743863392
PZ6_Das_1.pdb	AU	19.006072789737402
PZ6_Das_1.pdb	CU	16.84311765148631
PZ6_Das_1.pdb	UU	15.25778341859717
PZ6_Das_1.pdb	GU	14.299279588503332
PZ6_Das_1.pdb	UU	16.73509240678309
PZ6_Das_1.pdb	AU	19.945412123445657
PZ6_Das_1.pdb	CU	17.58918127121416
PZ6_Das_1.pdb	GU	18.129693585762908
PZ6_Das_1.pdb	AU	17.357807973659167
PZ6_Das_1.pdb	GU	15.563672346161962
PZ6_Das_1.pdb	UU	12.46610095059051
PZ6_Das_1.pdb	CU	8.859743765997331
PZ6_Das_1.pdb	AU	3.955457187666663
PZ6_Das_1.pdb	GU	4.5063924302650245
PZ6_Das_1.pdb	GU	9.396449249506052
PZ6_Das_1.pdb	AU	15.96668913154906
PZ6_Das_1.pdb	AU	19.000465449391758
PZ6_Das_1.pdb	AU	18.24949260077434
PZ6_Das_1.pdb	AC	14.069996491423911
PZ6_Das_1.pdb	AC	9.81083136065216
PZ6_Das_1.pdb	CG	6.287184938478983
PZ6_Das_1.pdb	CG	6.318898059199657
PZ6_Das_1.pdb	CG	9.45207902203621
PZ6_Das_1.pdb	AC	13.447502306852256
PZ6_Das_1.pdb	AC	16.933290338366614
PZ6_Das_1.pdb	CG	19.313449511959522
PZ6_Das_1.pdb	CG	19.203518741957453
PZ6_Das_1.pdb	CG	19.510437642433175
PZ6_Das_1.pdb	CU	19.95981258794232
PZ6_Das_1.pdb	CG	19.771016907171838
PZ6_Das_1.pdb	CG	19.61480998415361
PZ6_Das_1.pdb	CG	18.78921731204587
PZ6_Das_1.pdb	CU	15.582579088963213
PZ6_Das_1.pdb	CC	12.878463390553293
PZ6_Das_1.pdb	AC	9.320930348516598
PZ6_Das_1.pdb	CG	8.44663215978157
PZ6_Das_1.pdb	CG	11.011633328370312
PZ6_Das_1.pdb	AC	17.532907966504137
PZ6_Das_1.pdb	AC	19.31892134943812
PZ6_Das_1.pdb	AC	17.36188112794026
PZ6_Das_1.pdb	CC	18.377711792827824
PZ6_Das_1.pdb	CC	18.09497279519226
PZ6_Das_1.pdb	CU	17.722555640895816
PZ6_Das_1.pdb	CG	18.496404239170747
PZ6_Das_1.pdb	AG	17.021093906276946
PZ6_Das_1.pdb	AG	11.123845267888031
PZ6_Das_1.pdb	AG	7.851261569575166
PZ6_Das_1.pdb	GG	3.685684337514594
PZ6_Das_1.pdb	GG	7.648629916615877
PZ6_Das_1.pdb	GG	12.854368576774581
PZ6_Das_1.pdb	AG	17.331414199687668
PZ6_Das_1.pdb	CG	18.427702878473262
PZ6_Das_1.pdb	AG	14.85948520879751
PZ6_Das_1.pdb	GG	13.573543186124283
PZ6_Das_1.pdb	GG	14.845161348787457
PZ6_Das_1.pdb	AG	19.59847458721915
PZ6_Das_1.pdb	CG	19.55139504958558
PZ6_Das_1.pdb	CG	17.63938470265871
PZ6_Das_1.pdb	GU	15.435517375107477
PZ6_Das_1.pdb	GG	14.802865235232758
PZ6_Das_1.pdb	CG	17.266452004036324
PZ6_Das_1.pdb	GU	19.564244965520558
PZ6_Das_1.pdb	GU	19.88441711796357
PZ6_Das_1.pdb	AG	19.97197954789475
PZ6_Das_1.pdb	AG	14.314065089682371
PZ6_Das_1.pdb	AG	9.206841750336988
PZ6_Das_1.pdb	AG	8.71334187751578
PZ6_Das_1.pdb	GG	7.857751756925773
PZ6_Das_1.pdb	GG	13.032322210615202
PZ6_Das_1.pdb	GG	18.39138711247811
PZ6_Das_1.pdb	AG	19.70782216266131
PZ6_Das_1.pdb	GG	18.056844298542075
PZ6_Das_1.pdb	GG	18.668666710997325
PZ6_Das_1.pdb	GU	16.73856144028011
PZ6_Das_1.pdb	GG	14.004101059157716
PZ6_Das_1.pdb	CG	15.0156774939008
PZ6_Das_1.pdb	CG	19.424344004970667
PZ6_Das_1.pdb	GU	17.226838053475767
PZ6_Das_1.pdb	AG	17.388630722779162
PZ6_Das_1.pdb	AG	12.41311112125983
PZ6_Das_1.pdb	AG	8.971997715784045
PZ6_Das_1.pdb	AG	11.26654750970035
PZ6_Das_1.pdb	GG	12.946648209443719
PZ6_Das_1.pdb	GG	18.508786736423815
PZ6_Das_1.pdb	GG	16.075581626355294
PZ6_Das_1.pdb	CG	14.950034202834702
PZ6_Das_1.pdb	CG	18.127761279726244
PZ6_Das_1.pdb	AA	14.938817484236802
PZ6_Das_1.pdb	AA	11.437915040726836
PZ6_Das_1.pdb	AA	10.060348364680047
PZ6_Das_1.pdb	AA	13.901881820920654
PZ6_Das_1.pdb	AG	17.34098051053821
PZ6_Das_1.pdb	AG	19.773095918375247
PZ6_Das_1.pdb	AG	17.705506720277967
PZ6_Das_1.pdb	AG	19.219560124944113
PZ6_Das_1.pdb	AC	16.398489314690835
PZ6_Das_1.pdb	AC	17.723422989974967
PZ6_Das_1.pdb	AG	11.189940932158073
PZ6_Das_1.pdb	AG	11.651562565031725
PZ6_Das_1.pdb	AG	15.983523908008642
PZ6_Das_1.pdb	GG	15.09704850059618
PZ6_Das_1.pdb	GG	13.904210112044384
PZ6_Das_1.pdb	CG	17.509795420718667
PZ6_Das_1.pdb	CG	18.058951193684045
PZ6_Das_1.pdb	CG	17.55887314888687
PZ6_Das_1.pdb	AU	12.508905145511179
PZ6_Das_1.pdb	AU	16.677887458045618
PZ6_Das_1.pdb	UU	14.855991336678507
PZ6_Das_1.pdb	GU	10.348010717113022
PZ6_Das_1.pdb	GU	11.202627461522537
PZ6_Das_1.pdb	CU	16.333275042505726
PZ6_Das_1.pdb	GU	17.126786644756134
PZ6_Das_1.pdb	GU	17.819029159833157
PZ6_Das_1.pdb	CU	18.258896365833888
PZ6_Das_1.pdb	CU	16.265601833128354
PZ6_Das_1.pdb	UU	18.536942530043177
PZ6_Das_1.pdb	AU	15.010529088033142
PZ6_Das_1.pdb	CU	19.7307823828665
PZ6_Das_1.pdb	UU	14.434116075115815
PZ6_Das_1.pdb	GU	11.442293328776653
PZ6_Das_1.pdb	GU	13.912213945896934
PZ6_Das_1.pdb	CU	19.509805257815287
PZ6_Das_1.pdb	GU	15.278554923281792
PZ6_Das_1.pdb	GU	14.378237889536974
PZ6_Das_1.pdb	GU	16.898713996131686
PZ6_Das_1.pdb	GU	19.08651718768054
PZ6_Das_1.pdb	CU	14.559002070544002
PZ6_Das_1.pdb	CU	11.617476214261467
PZ6_Das_1.pdb	UU	13.144398303612608
PZ6_Das_1.pdb	GU	18.06969250602858
PZ6_Das_1.pdb	AU	18.78704570637002
PZ6_Das_1.pdb	AG	16.388637370658547
PZ6_Das_1.pdb	AG	18.82840716215734
PZ6_Das_1.pdb	AG	19.007358828447668
PZ6_Das_1.pdb	AG	17.456952944430803
PZ6_Das_1.pdb	AG	19.392225197735574
PZ6_Das_1.pdb	AG	16.40598498187184
PZ6_Das_1.pdb	AC	11.140662933529402
PZ6_Das_1.pdb	AC	7.104607561288285
PZ6_Das_1.pdb	AU	8.810001900126409
PZ6_Das_1.pdb	AG	14.250596661483572
PZ6_Das_1.pdb	AC	19.956057433473635
PZ6_Das_1.pdb	AG	17.528916972765295
PZ6_Das_1.pdb	AG	18.294431885009164
PZ6_Das_1.pdb	AG	18.009903897469574
PZ6_Das_1.pdb	AG	18.187895487328895
PZ6_Das_1.pdb	AG	19.436743418769634
PZ6_Das_1.pdb	AU	16.724854248848796
PZ6_Das_1.pdb	AG	12.2396838370599
PZ6_Das_1.pdb	AC	7.82933945596808
PZ6_Das_1.pdb	AC	7.354172457177473
PZ6_Das_1.pdb	AU	11.897254906532494
PZ6_Das_1.pdb	AG	17.56224391239794
PZ6_Das_1.pdb	AG	19.550073074290154
PZ6_Das_1.pdb	AG	18.010106376117815
PZ6_Das_1.pdb	AG	16.934611940294424
PZ6_Das_1.pdb	AG	16.296750261643986
PZ6_Das_1.pdb	AG	18.564158274130648
PZ6_Das_1.pdb	AG	17.024973086629668
PZ6_Das_1.pdb	AG	15.092517264299326
PZ6_Das_1.pdb	AA	18.95567201772982
PZ6_Das_1.pdb	AA	19.062835516112724
PZ6_Das_1.pdb	AC	19.736729940992817
PZ6_Das_1.pdb	AC	18.39515215682009
PZ6_Das_1.pdb	AU	15.404595690559157
PZ6_Das_1.pdb	AG	11.999821744737009
PZ6_Das_1.pdb	AC	10.36913237305769
PZ6_Das_1.pdb	AC	12.661225640317397
PZ6_Das_1.pdb	AU	17.516826477374554
PZ6_Das_1.pdb	AG	18.65659993297747
PZ6_Das_1.pdb	AC	19.691819158416074
PZ6_Das_1.pdb	AG	15.706858766014744
PZ6_Das_1.pdb	AG	18.76026894858863
PZ6_Das_1.pdb	AA	17.392014386448462
PZ6_Das_1.pdb	AG	13.221011640894137
PZ6_Das_1.pdb	AG	11.585297108597908
PZ6_Das_1.pdb	AA	16.193210487982835
PZ6_Das_1.pdb	AA	17.42787922601226
PZ6_Das_1.pdb	AA	15.600858545884158
PZ6_Das_1.pdb	AC	16.314183258107796
PZ6_Das_1.pdb	AC	15.305539890842201
PZ6_Das_1.pdb	AU	13.241609515382365
PZ6_Das_1.pdb	AG	11.643527252811609
PZ6_Das_1.pdb	AC	12.275191959742903
PZ6_Das_1.pdb	AC	15.56715044899335
PZ6_Das_1.pdb	CG	18.81326543493038
PZ6_Das_1.pdb	AG	15.443835460710194
PZ6_Das_1.pdb	GG	12.961673775347663
PZ6_Das_1.pdb	GG	13.051424545327027
PZ6_Das_1.pdb	AG	18.48253224841936
PZ6_Das_1.pdb	AG	19.019851887357653
PZ6_Das_1.pdb	AG	16.203768571371047
PZ6_Das_1.pdb	CG	15.947051233508727
PZ6_Das_1.pdb	CG	14.109715786141267
PZ6_Das_1.pdb	GU	12.270121981656013
PZ6_Das_1.pdb	GG	12.308044998761813
PZ6_Das_1.pdb	CG	15.211534495387555
PZ6_Das_1.pdb	CG	19.78387553195575
PZ6_Das_1.pdb	GG	19.568454019507318
PZ6_Das_1.pdb	GG	15.820953796917692
PZ6_Das_1.pdb	GG	15.529074855333688
PZ6_Das_1.pdb	GG	18.76237690977877
PZ6_Das_1.pdb	GU	16.282681383711587
PZ6_Das_1.pdb	CG	15.563951474869354
PZ6_Das_1.pdb	AG	13.87626102835408
PZ6_Das_1.pdb	GG	12.409335447060506
PZ6_Das_1.pdb	GG	13.196055184717645
PZ6_Das_1.pdb	AG	18.266368382030578
PZ6_Das_1.pdb	AG	18.024428393125987
PZ6_Das_1.pdb	AG	14.733659585853504
PZ6_Das_1.pdb	CG	14.14503970786824
PZ6_Das_1.pdb	CG	12.91386037766267
PZ6_Das_1.pdb	GU	13.043257156578328
PZ6_Das_1.pdb	GG	15.394273748954754
PZ6_Das_1.pdb	CG	19.445732671099197
PZ6_Das_1.pdb	CG	15.99667896852848
PZ6_Das_1.pdb	GG	11.110215016290105
PZ6_Das_1.pdb	GG	10.282779809453139
PZ6_Das_1.pdb	GU	14.994078213037366
PZ6_Das_1.pdb	CG	19.699825666680972
PZ6_Das_1.pdb	CG	17.830277240750647
PZ6_Das_1.pdb	AG	17.156370038148324
PZ6_Das_1.pdb	CG	18.40727621027591
PZ6_Das_1.pdb	AG	18.422643606892937
PZ6_Das_1.pdb	GG	13.935285946852414
PZ6_Das_1.pdb	GU	12.496628129937092
PZ6_Das_1.pdb	CG	13.468549249374243
PZ6_Das_1.pdb	AG	13.296153754246204
PZ6_Das_1.pdb	GG	11.898071639404053
PZ6_Das_1.pdb	GG	12.5129469168447
PZ6_Das_1.pdb	AG	16.3968979603106
PZ6_Das_1.pdb	AG	15.550953272323275
PZ6_Das_1.pdb	AG	12.429383208965863
PZ6_Das_1.pdb	CG	12.37861704433566
PZ6_Das_1.pdb	CG	13.054319706151961
PZ6_Das_1.pdb	GU	15.410394248356681
PZ6_Das_1.pdb	GG	19.049481343308297
PZ6_Das_1.pdb	AU	18.75476323275719
PZ6_Das_1.pdb	AA	15.020951165325165
PZ6_Das_1.pdb	AC	9.72633453982103
PZ6_Das_1.pdb	AG	5.86578637773094
PZ6_Das_1.pdb	AG	8.510283520293779
PZ6_Das_1.pdb	AU	14.250481374005371
PZ6_Das_1.pdb	AC	17.725487332414414
PZ6_Das_1.pdb	AC	19.484571303376097
PZ6_Das_1.pdb	AC	19.310098769819554
PZ6_Das_1.pdb	AC	16.41116934397909
PZ6_Das_1.pdb	AA	18.155628735439763
PZ6_Das_1.pdb	AA	16.399213495478172
PZ6_Das_1.pdb	AG	11.562834825767725
PZ6_Das_1.pdb	AU	9.115050858663459
PZ6_Das_1.pdb	AC	11.711651668499618
PZ6_Das_1.pdb	AA	14.288503738816685
PZ6_Das_1.pdb	AG	15.350530818884083
PZ6_Das_1.pdb	AG	17.354745199996355
PZ6_Das_1.pdb	AA	17.539806743751626
PZ6_Das_1.pdb	AC	17.39434926648075
PZ6_Das_1.pdb	AC	18.18701736087116
PZ6_Das_1.pdb	AG	18.70761837092986
PZ6_Das_1.pdb	AU	15.430865495456297
PZ6_Das_1.pdb	AG	19.26269672901642
PZ6_Das_1.pdb	AC	15.757300393781662
PZ6_Das_1.pdb	AA	10.455495898701656
PZ6_Das_1.pdb	AC	6.209639351336588
PZ6_Das_1.pdb	AG	6.418276484915348
PZ6_Das_1.pdb	AG	11.352024801771593
PZ6_Das_1.pdb	AU	16.694806198853772
PZ6_Das_1.pdb	AC	19.157220317985725
PZ6_Das_1.pdb	AC	19.322112783299232
PZ6_Das_1.pdb	AC	18.554608568918987
PZ6_Das_1.pdb	AC	16.337984617872173
PZ6_Das_1.pdb	AA	19.588402766381723
PZ6_Das_1.pdb	AA	14.78707573558456
PZ6_Das_1.pdb	AG	10.654528523209676
PZ6_Das_1.pdb	AU	7.094570326613934
PZ6_Das_1.pdb	AC	10.567660569006778
PZ6_Das_1.pdb	AA	15.092903111686782
PZ6_Das_1.pdb	AG	17.87618457380563
PZ6_Das_1.pdb	AG	19.010525588872294
PZ6_Das_1.pdb	GG	13.905392009449573
PZ6_Das_1.pdb	GU	11.81292937951688
PZ6_Das_1.pdb	CG	17.55512586486958
PZ6_Das_1.pdb	CG	19.090071589521617
PZ6_Das_1.pdb	GG	18.431159465478967
PZ6_Das_1.pdb	GG	16.134971864720498
PZ6_Das_1.pdb	CG	13.73809292211261
PZ6_Das_1.pdb	AG	10.541737158917808
PZ6_Das_1.pdb	CG	9.390004814608387
PZ6_Das_1.pdb	GG	11.930634946665336
PZ6_Das_1.pdb	GG	16.653582994309435
PZ6_Das_1.pdb	CG	17.893343397931677
PZ6_Das_1.pdb	AG	19.298632325581266
PZ6_Das_1.pdb	GG	19.124039231335754
PZ6_Das_1.pdb	AG	13.66410289106596
PZ6_Das_1.pdb	GG	11.458442256953651
PZ6_Das_1.pdb	GU	6.802161930881807
PZ6_Das_1.pdb	CG	9.130153250922135
PZ6_Das_1.pdb	AG	14.797162540993842
PZ6_Das_1.pdb	GG	19.151769867163864
PZ6_Das_1.pdb	CU	19.15362896872474
PZ6_Das_1.pdb	AC	17.318439928447507
PZ6_Das_1.pdb	CG	13.186251045678299
PZ6_Das_1.pdb	CU	12.863634055412696
PZ6_Das_1.pdb	CC	17.238919546626924
PZ6_Das_1.pdb	CC	17.574745643116948
PZ6_Das_1.pdb	CG	16.13126658747217
PZ6_Das_1.pdb	CG	13.928540990004441
PZ6_Das_1.pdb	CC	12.503502504164578
PZ6_Das_1.pdb	AC	11.973169298604773
PZ6_Das_1.pdb	CC	13.449875398067707
PZ6_Das_1.pdb	CG	17.453102739466622
PZ6_Das_1.pdb	AC	17.06051420393653
PZ6_Das_1.pdb	CG	16.34020075010459
PZ6_Das_1.pdb	CU	12.229854281720295
PZ6_Das_1.pdb	CC	13.346930326024717
PZ6_Das_1.pdb	AC	18.94053969825149
PZ6_Das_1.pdb	CG	18.77688436449032
PZ6_Das_1.pdb	AC	19.686051689722312
PZ6_Das_1.pdb	AC	17.14698561569009
PZ6_Das_1.pdb	CG	14.188137309268132
PZ6_Das_1.pdb	CU	14.633527053423002
PZ6_Das_1.pdb	CC	16.97655759813282
PZ6_Das_1.pdb	CC	15.92179051361513
PZ6_Das_1.pdb	CG	13.79238622562983
PZ6_Das_1.pdb	CG	12.215537230370726
PZ6_Das_1.pdb	CC	12.525790849757511
PZ6_Das_1.pdb	AC	14.656480697644723
PZ6_Das_1.pdb	CC	17.738509210763105
PZ6_Das_1.pdb	CU	17.130174052882143
PZ6_Das_1.pdb	CC	18.172679899844738
PZ6_Das_1.pdb	CG	19.57672491891133
PZ6_Das_1.pdb	AG	17.214552607812767
PZ6_Das_1.pdb	AG	16.17327757358507
PZ6_Das_1.pdb	GG	14.510867575193458
PZ6_Das_1.pdb	GU	15.527634266852054
PZ6_Das_1.pdb	CG	15.652473443106363
PZ6_Das_1.pdb	CG	13.662534383360128
PZ6_Das_1.pdb	GG	11.929048508610247
PZ6_Das_1.pdb	GG	12.397581994365208
PZ6_Das_1.pdb	CG	15.00853479010487
PZ6_Das_1.pdb	AG	18.74645416590819
PZ6_Das_1.pdb	AG	14.166365334620991
PZ6_Das_1.pdb	AG	14.484670316116011
PZ6_Das_1.pdb	GG	14.082377448028712
PZ6_Das_1.pdb	GU	15.543305872101362
PZ6_Das_1.pdb	CG	13.657773981412825
PZ6_Das_1.pdb	CG	11.656867749629889
PZ6_Das_1.pdb	GG	11.769836601246503
PZ6_Das_1.pdb	GG	14.605470345172936
PZ6_Das_1.pdb	CG	18.63592380609899
PZ6_Das_1.pdb	AG	19.027530685509195
PZ6_Das_1.pdb	CG	18.89879985624033
PZ6_Das_1.pdb	GG	19.77673790823358
PZ6_Das_1.pdb	AU	11.879236435634407
PZ6_Das_1.pdb	GU	13.136174833544514
PZ6_Das_1.pdb	UU	15.664044457018473
PZ6_Das_1.pdb	CU	12.867071293766358
PZ6_Das_1.pdb	CU	12.45500828364409
PZ6_Das_1.pdb	GU	14.874518418894011
PZ6_Das_1.pdb	GU	18.84739709451206
PZ6_Das_1.pdb	GU	19.773491373634066
PZ6_Das_1.pdb	AU	16.243373479678485
PZ6_Das_1.pdb	CU	14.260025954453264
PZ6_Das_1.pdb	GU	15.870150875033575
PZ6_Das_1.pdb	GG	11.949650288168701
PZ6_Das_1.pdb	GU	16.261072987043274
PZ6_Das_1.pdb	CG	14.433047018029225
PZ6_Das_1.pdb	CG	16.027981618061688
PZ6_Das_1.pdb	GG	19.455942646386106
PZ6_Das_1.pdb	GU	17.36049116388772
PZ6_Das_1.pdb	GG	16.381980621019245
PZ6_Das_1.pdb	AG	13.65312456996633
PZ6_Das_1.pdb	CG	11.91238364304037
PZ6_Das_1.pdb	GG	15.385875058179499
PZ6_Das_1.pdb	CG	19.135780502658505
PZ6_Das_1.pdb	AC	17.47599064328866
PZ6_Das_1.pdb	CC	15.378316998179729
PZ6_Das_1.pdb	CG	19.523488590922703
PZ6_Das_1.pdb	AC	16.957266769832213
PZ6_Das_1.pdb	AC	19.620336301220824
PZ6_Das_1.pdb	AU	15.091949162941525
PZ6_Das_1.pdb	AG	15.138635501757632
PZ6_Das_1.pdb	AA	12.687065019561034
PZ6_Das_1.pdb	AC	13.880590801863931
PZ6_Das_1.pdb	AG	18.511469334201248
PZ6_Das_1.pdb	AC	17.854985311124917
PZ6_Das_1.pdb	AG	16.151313120159415
PZ6_Das_1.pdb	AU	10.7909349901431
PZ6_Das_1.pdb	AG	12.332840808651325
PZ6_Das_1.pdb	AA	8.711749468654615
PZ6_Das_1.pdb	AC	13.964416827741083
PZ6_Das_1.pdb	AG	18.438725361410917
PZ6_Das_1.pdb	AG	17.37784880027547
PZ6_Das_1.pdb	AA	17.238445266469917
PZ6_Das_1.pdb	AU	18.5429995886769
PZ6_Das_1.pdb	AC	16.38817155917213
PZ6_Das_1.pdb	AA	18.629350768029333
PZ6_Das_1.pdb	GG	17.785493407559464
PZ6_Das_1.pdb	GG	19.681207107408788
PZ6_Das_1.pdb	GU	18.45190554540305
PZ6_Das_1.pdb	GG	14.410080190209456
PZ6_Das_1.pdb	GU	10.027275173603657
PZ6_Das_1.pdb	GG	12.474643090141354
PZ6_Das_1.pdb	AG	7.513447852298786
PZ6_Das_1.pdb	CG	14.972137593171567
PZ6_Das_1.pdb	GG	18.277715417472223
PZ6_Das_1.pdb	GG	18.07777728905772
PZ6_Das_1.pdb	GG	13.658749573291356
PZ6_Das_1.pdb	AG	12.20861677790117
PZ6_Das_1.pdb	GG	15.257075196087676
PZ6_Das_1.pdb	GU	13.16329041155622
PZ6_Das_1.pdb	CG	11.951828808688576
PZ6_Das_1.pdb	AG	15.362445743706765
PZ6_Das_1.pdb	GU	15.585406657923414
PZ6_Das_1.pdb	CU	17.174552107792504
PZ6_Das_1.pdb	AU	17.299367620440652
PZ6_Das_1.pdb	CU	17.666719069685875
PZ6_Das_1.pdb	GU	19.069265936977175
PZ6_Das_1.pdb	CU	17.109327814336353
PZ6_Das_1.pdb	CU	14.092791855141467
PZ6_Das_1.pdb	AU	17.116516861030075
PZ6_Das_1.pdb	CU	17.377829295465745
PZ6_Das_1.pdb	UU	16.847350391751526
PZ6_Das_1.pdb	GU	14.935492224142575
PZ6_Das_1.pdb	UU	12.459169423856652
PZ6_Das_1.pdb	GU	14.010208806572896
PZ6_Das_1.pdb	AU	9.356612772549813
PZ6_Das_1.pdb	CU	15.702206647130582
PZ6_Das_1.pdb	GU	16.97066610163298
PZ6_Das_1.pdb	CU	17.889583097460534
PZ6_Das_1.pdb	GU	12.946050929130461
PZ6_Das_1.pdb	GU	8.988503531888284
PZ6_Das_1.pdb	AU	6.4179175249645875
PZ6_Das_1.pdb	GU	9.73663756925229
PZ6_Das_1.pdb	UU	9.938896317205385
PZ6_Das_1.pdb	CU	11.763984538106554
PZ6_Das_1.pdb	AU	16.099263707334806
PZ6_Das_1.pdb	GU	19.405512988644517
PZ6_Das_1.pdb	CC	18.23943509180602
PZ6_Das_1.pdb	CC	17.7225974399442
PZ6_Das_1.pdb	CC	16.256564385238285
PZ6_Das_1.pdb	AC	19.838449103073728
PZ6_Das_1.pdb	CG	18.633976958223556
PZ6_Das_1.pdb	CU	15.642383544587977
PZ6_Das_1.pdb	CG	14.784207750839519
PZ6_Das_1.pdb	AC	11.086043576614268
PZ6_Das_1.pdb	CC	12.010509291952996
PZ6_Das_1.pdb	CG	11.499787881178005
PZ6_Das_1.pdb	CG	14.282561977487898
PZ6_Das_1.pdb	CG	19.484911400291878
PZ6_Das_1.pdb	CC	15.189859730976377
PZ6_Das_1.pdb	CG	10.172531570636995
PZ6_Das_1.pdb	CG	9.443223073680471
PZ6_Das_1.pdb	AC	10.458714368675997
PZ6_Das_1.pdb	CG	14.627008027073447
PZ6_Das_1.pdb	CU	16.3569616599645
PZ6_Das_1.pdb	CC	18.51206639913798
PZ6_Das_1.pdb	AC	19.248797299944066
PZ6_Das_1.pdb	CG	19.802605071066615
PZ6_Das_1.pdb	CC	18.85027550714449
PZ6_Das_1.pdb	CC	19.117054300166487
PZ6_Das_1.pdb	AC	16.546056114344648
PZ6_Das_1.pdb	CC	15.691386070517463
PZ6_Das_1.pdb	CG	13.876692793217188
PZ6_Das_1.pdb	CG	15.716641025856568
PZ6_Das_1.pdb	CC	18.804399634779745
PZ6_Das_1.pdb	CG	13.81734229041833
PZ6_Das_1.pdb	CG	14.589668703578877
PZ6_Das_1.pdb	AC	14.89787225653321
PZ6_Das_1.pdb	CG	18.03913946316694
PZ6_Das_1.pdb	CU	19.570060422614617
PZ6_Das_1.pdb	GG	19.196772326381215
PZ6_Das_1.pdb	CG	19.750835373519664
PZ6_Das_1.pdb	GG	19.458861589805128
PZ6_Das_1.pdb	GG	18.48214030329651
PZ6_Das_1.pdb	GG	19.041325645779853
PZ6_Das_1.pdb	AG	17.91546168388063
PZ6_Das_1.pdb	GG	19.715897707571163
PZ6_Das_1.pdb	CG	19.64236112519595
PZ6_Das_1.pdb	GG	17.99887640286799
PZ6_Das_1.pdb	CG	19.488203056585274
PZ6_Das_1.pdb	AG	19.037211838812606
PZ6_Das_1.pdb	GG	19.35816491897525
PZ6_Das_1.pdb	GU	19.54822968681077
PZ6_Das_1.pdb	CC	19.425984398739697
PZ6_Das_1.pdb	CC	17.457939450696873
PZ6_Das_1.pdb	CG	17.302170834860657
PZ6_Das_1.pdb	CC	19.210765617079538
PZ6_Das_1.pdb	AC	19.703467600112972
PZ6_Das_1.pdb	CG	18.506993215902096
PZ6_Das_1.pdb	CU	18.005105221253974
PZ6_Das_1.pdb	AU	19.34955299134221
PZ6_Das_1.pdb	AC	18.931058614117255
PZ6_Das_1.pdb	AC	15.966003347992814
PZ6_Das_1.pdb	AC	15.746095435984419
PZ6_Das_1.pdb	AG	16.390386441029634
PZ6_Das_1.pdb	AC	17.674228059047653
PZ6_Das_1.pdb	AC	18.699610359148988
PZ6_Das_1.pdb	AA	18.340402644617395
PZ6_Das_1.pdb	AG	15.574446787967284
PZ6_Das_1.pdb	AU	14.546450105176609
PZ6_Das_1.pdb	AC	18.92126724632172
PZ6_Das_1.pdb	CC	15.9882563446588
PZ6_Das_1.pdb	CC	14.633021003150754
PZ6_Das_1.pdb	CC	15.980806616946357
PZ6_Das_1.pdb	CG	16.696939521677965
PZ6_Das_1.pdb	CC	16.856444274215637
PZ6_Das_1.pdb	CC	16.77047848306502
PZ6_Das_1.pdb	AC	17.17646768974151
PZ6_Das_1.pdb	CG	13.147585815790723
PZ6_Das_1.pdb	CU	11.816262088534899
PZ6_Das_1.pdb	CC	16.25363728841071
PZ6_Das_1.pdb	CG	13.848689949901194
PZ6_Das_1.pdb	CG	16.376782510285615
PZ6_Das_1.pdb	GG	16.86575322811571
PZ6_Das_1.pdb	CG	15.853338115515255
PZ6_Das_1.pdb	CG	14.764057970390922
PZ6_Das_1.pdb	AG	18.30835209533068
PZ6_Das_1.pdb	AG	16.686657414915448
PZ6_Das_1.pdb	GG	11.702398777431847
PZ6_Das_1.pdb	GU	11.240273729071948
PZ6_Das_1.pdb	CG	15.552633784390276
PZ6_Das_1.pdb	AG	19.12590489301119
PZ6_Das_1.pdb	AG	19.463993475019812
PZ6_Das_1.pdb	CG	18.96316632103729
PZ6_Das_1.pdb	CG	15.804258150121942
PZ6_Das_1.pdb	GG	15.93715641467241
PZ6_Das_1.pdb	CG	14.114071753556933
PZ6_Das_1.pdb	CG	12.799629330754517
PZ6_Das_1.pdb	AG	15.182731385203654
PZ6_Das_1.pdb	CG	19.385098287315756
PZ6_Das_1.pdb	AG	17.15295341015601
PZ6_Das_1.pdb	GG	12.109795802437953
PZ6_Das_1.pdb	GU	13.763907544728944
PZ6_Das_1.pdb	CG	17.95576566439172
PZ6_Das_1.pdb	GG	19.42101013935105
PZ6_Das_1.pdb	GG	19.330808176887313
PZ6_Das_1.pdb	AG	17.449922423000476
PZ6_Das_1.pdb	AG	14.774832696586177
PZ6_Das_1.pdb	CG	14.211358279512973
PZ6_Das_1.pdb	CG	16.581070118479417
PZ6_Das_1.pdb	GU	13.880513285540646
PZ6_Das_1.pdb	CU	12.47530396518553
PZ6_Das_1.pdb	CU	12.682947795537844
PZ6_Das_1.pdb	AU	14.970097071329103
PZ6_Das_1.pdb	AU	19.391070510967623
PZ6_Das_1.pdb	GU	15.022182301839086
PZ6_Das_1.pdb	UU	18.28927401168397
PZ6_Das_1.pdb	AU	17.09226609563347
PZ6_Das_1.pdb	AU	14.946779953203482
PZ6_Das_1.pdb	CU	14.351739933109716
PZ6_Das_1.pdb	CU	17.72785805449844
PZ6_Das_1.pdb	CC	13.750446288996782
PZ6_Das_1.pdb	CC	16.153866297296332
PZ6_Das_1.pdb	AC	19.75115702526974
PZ6_Das_1.pdb	CG	18.85620050544947
PZ6_Das_1.pdb	CC	19.173825243004856
PZ6_Das_1.pdb	CC	17.490428666218488
PZ6_Das_1.pdb	CG	19.84316711097367
PZ6_Das_1.pdb	CG	19.379182849173038
PZ6_Das_1.pdb	GG	18.21920118733122
PZ6_Das_1.pdb	GG	19.581551647089253
PZ6_Das_1.pdb	AG	17.47270770308084
PZ6_Das_1.pdb	GG	15.87063932666124
PZ6_Das_1.pdb	CC	17.314241802798914
PZ6_Das_1.pdb	CG	14.071779979809714
PZ6_Das_1.pdb	CG	14.796060692532027
PZ6_Das_1.pdb	AC	12.953788351203562
PZ6_Das_1.pdb	CG	11.681623574343202
PZ6_Das_1.pdb	CU	17.050943356547315
PZ6_Das_1.pdb	CG	18.81419836347331
PZ6_Das_1.pdb	AC	19.34590324637255
PZ6_Das_1.pdb	CC	19.819496018217613
PZ6_Das_1.pdb	CC	15.382100853167412
PZ6_Das_1.pdb	CG	12.266499963393436
PZ6_Das_1.pdb	CG	10.86613172606955
PZ6_Das_1.pdb	AC	8.472774426353018
PZ6_Das_1.pdb	CG	7.171191058798005
PZ6_Das_1.pdb	CU	13.09849650575745
PZ6_Das_1.pdb	CC	17.4132200435276
PZ6_Das_1.pdb	AC	19.94791052605445
PZ6_Das_1.pdb	CG	19.118384988692657
PZ6_Das_1.pdb	CG	19.16084447455434
PZ6_Das_1.pdb	AC	17.972937369444054
PZ6_Das_1.pdb	AC	17.45378813183909
PZ6_Das_1.pdb	AC	18.229355225816665
PZ6_Das_1.pdb	AU	19.08876327398492
PZ6_Das_1.pdb	AA	19.375947338440756
PZ6_Das_1.pdb	AG	19.435260208623294
PZ6_Das_1.pdb	AU	17.928288770902576
PZ6_Das_1.pdb	AC	19.26548749641253
PZ6_Das_1.pdb	AC	17.82809343613434
PZ6_Das_1.pdb	AC	15.186417757827376
PZ6_Das_1.pdb	AG	14.02909590221769
PZ6_Das_1.pdb	AG	11.652238393362408
PZ6_Das_1.pdb	AA	10.702744974493589
PZ6_Das_1.pdb	AG	10.08632882583173
PZ6_Das_1.pdb	AU	15.236338064804299
PZ6_Das_1.pdb	AC	17.974413321740023
PZ6_Das_1.pdb	AA	18.471563780252147
PZ6_Das_1.pdb	AG	15.777565752631839
PZ6_Das_1.pdb	AG	14.42843196051813
PZ6_Das_1.pdb	AA	11.806602339369064
PZ6_Das_1.pdb	AA	12.080230080979133
PZ6_Das_1.pdb	AA	14.203419309350044
PZ6_Das_1.pdb	AC	18.200283754396292
PZ6_Das_1.pdb	CG	16.40232709874382
PZ6_Das_1.pdb	AC	16.789351555812964
PZ6_Das_1.pdb	CG	19.33123283753105
PZ6_Das_1.pdb	CU	16.44009649354239
PZ6_Das_1.pdb	CG	17.714604374754167
PZ6_Das_1.pdb	CC	16.764559051432478
PZ6_Das_1.pdb	CC	13.822570306625181
PZ6_Das_1.pdb	CG	15.719371471711966
PZ6_Das_1.pdb	CG	19.192687835663065
PZ6_Das_1.pdb	CU	19.014085507440015
PZ6_Das_1.pdb	CC	16.511438436278546
PZ6_Das_1.pdb	CC	15.207037185205412
PZ6_Das_1.pdb	CG	14.903253532765248
PZ6_Das_1.pdb	CG	11.30327191495738
PZ6_Das_1.pdb	AC	11.568732786542041
PZ6_Das_1.pdb	CG	12.389012378974627
PZ6_Das_1.pdb	CU	16.177754786389222
PZ6_Das_1.pdb	CC	17.182834700537878
PZ6_Das_1.pdb	AC	16.21392439872017
PZ6_Das_1.pdb	CG	12.969904501066669
PZ6_Das_1.pdb	CG	11.673444371280874
PZ6_Das_1.pdb	AC	9.349992842061935
PZ6_Das_1.pdb	AC	12.443242485976949
PZ6_Das_1.pdb	AC	15.459683210254667
PZ6_Das_1.pdb	AU	13.445351682403132
PZ6_Das_1.pdb	UU	19.40093937477724
PZ6_Das_1.pdb	GU	19.065028984824618
PZ6_Das_1.pdb	GU	17.167624280588626
PZ6_Das_1.pdb	CU	12.400156326272091
PZ6_Das_1.pdb	CU	10.639505980227515
PZ6_Das_1.pdb	GU	14.695107291450945
PZ6_Das_1.pdb	GU	19.494226403170735
PZ6_Das_1.pdb	UU	18.377715170528436
PZ6_Das_1.pdb	CU	17.21307863911595
PZ6_Das_1.pdb	CU	16.583671415996353
PZ6_Das_1.pdb	GU	16.298249148063746
PZ6_Das_1.pdb	GU	11.666746249257299
PZ6_Das_1.pdb	AU	12.59567795377592
PZ6_Das_1.pdb	GU	14.602241993094308
PZ6_Das_1.pdb	UU	16.73998653355917
PZ6_Das_1.pdb	CU	16.014633253200003
PZ6_Das_1.pdb	AU	14.039355721476834
PZ6_Das_1.pdb	GU	11.562916918581644
PZ6_Das_1.pdb	GU	11.770270905175398
PZ6_Das_1.pdb	AU	11.669355207630753
PZ6_Das_1.pdb	AU	16.45201731568933
PZ6_Das_1.pdb	AU	19.305121781117347
PZ6_Das_1.pdb	CG	18.160165543352907
PZ6_Das_1.pdb	CG	19.444804668538108
PZ6_Das_1.pdb	CG	19.223176935559362
PZ6_Das_1.pdb	GG	17.3139722118713
PZ6_Das_1.pdb	CG	13.135173938749992
PZ6_Das_1.pdb	CG	12.841443885178354
PZ6_Das_1.pdb	GG	17.88046263171015
PZ6_Das_1.pdb	CG	19.744532293242234
PZ6_Das_1.pdb	CG	18.691180090860946
PZ6_Das_1.pdb	GG	17.538553728306077
PZ6_Das_1.pdb	GG	12.198133785917166
PZ6_Das_1.pdb	AG	12.869985547047117
PZ6_Das_1.pdb	GG	15.608751914870256
PZ6_Das_1.pdb	GU	16.038370897052015
PZ6_Das_1.pdb	CG	13.928295574492193
PZ6_Das_1.pdb	AG	11.987066386402047
PZ6_Das_1.pdb	GG	11.911679833764069
PZ6_Das_1.pdb	GG	14.328286853529056
PZ6_Das_1.pdb	AG	16.39838444157847
PZ6_Das_1.pdb	GU	18.55158864764252
PZ6_Das_1.pdb	CU	17.39181676855233
PZ6_Das_1.pdb	CU	18.048283662411716
PZ6_Das_1.pdb	CU	19.195017783982355
PZ6_Das_1.pdb	GU	17.199378530302116
PZ6_Das_1.pdb	GU	12.024219332643286
PZ6_Das_1.pdb	AU	12.923716318127976
PZ6_Das_1.pdb	GU	16.548876813736136
PZ6_Das_1.pdb	UU	16.136216979190433
PZ6_Das_1.pdb	CU	13.80259644313458
PZ6_Das_1.pdb	AU	13.439741073421471
PZ6_Das_1.pdb	GU	15.624073901354052
PZ6_Das_1.pdb	GU	19.06659266114845
PZ6_Das_1.pdb	GG	18.440591978478484
PZ6_Das_1.pdb	CG	18.004289837211868
PZ6_Das_1.pdb	CG	19.780230196331814
PZ6_Das_1.pdb	GG	17.60811523947045
PZ6_Das_1.pdb	AG	17.12796444751024
PZ6_Das_1.pdb	GU	17.313307400863774
PZ6_Das_1.pdb	CG	17.225680391018994
PZ6_Das_1.pdb	CG	16.052814369936012
PZ6_Das_1.pdb	GG	14.988933822055165
PZ6_Das_1.pdb	GG	11.256125474839154
PZ6_Das_1.pdb	AG	14.456044096186766
PZ6_Das_1.pdb	GG	19.018939252765687
PZ6_Das_1.pdb	GU	19.87956509713998
PZ6_Das_1.pdb	CG	18.520030217885708
PZ6_Das_1.pdb	AG	18.573730453970374
PZ6_Das_1.pdb	AC	19.643145434342284
PZ6_Das_1.pdb	AC	16.928261212294473
PZ6_Das_1.pdb	AG	14.165219784449219
PZ6_Das_1.pdb	AG	9.720796921472845
PZ6_Das_1.pdb	AA	11.368221778552416
PZ6_Das_1.pdb	AG	15.858674044488097
PZ6_Das_1.pdb	AU	16.012886908217222
PZ6_Das_1.pdb	AC	14.940603027753792
PZ6_Das_1.pdb	AA	16.3614836743887
PZ6_Das_1.pdb	AG	19.046340240947924
PZ6_Das_1.pdb	CG	19.3180256028765
PZ6_Das_1.pdb	AC	19.223024301936395
PZ6_Das_1.pdb	CG	16.275554752827908
PZ6_Das_1.pdb	CG	13.339551365330694
PZ6_Das_1.pdb	AC	16.210848565004127
PZ6_Das_1.pdb	CU	18.282599425072366
PZ6_Das_1.pdb	CC	17.701801499824057
PZ6_Das_1.pdb	CC	15.58628917757965
PZ6_Das_1.pdb	CG	14.200516060343253
PZ6_Das_1.pdb	CG	13.975632587597318
PZ6_Das_1.pdb	AC	18.20260602949188
PZ6_Das_1.pdb	GG	18.875686671888634
PZ6_Das_1.pdb	AG	17.93969589437936
PZ6_Das_1.pdb	GG	16.313725766452446
PZ6_Das_1.pdb	GG	12.625226177097758
PZ6_Das_1.pdb	AG	15.792163741331615
PZ6_Das_1.pdb	GU	17.537781573556074
PZ6_Das_1.pdb	CG	15.975861469447102
PZ6_Das_1.pdb	CG	13.198146584707729
PZ6_Das_1.pdb	GG	12.029358123903636
PZ6_Das_1.pdb	GG	14.176137025242637
PZ6_Das_1.pdb	AG	18.85864587864214
PZ6_Das_1.pdb	GG	18.940529124556154
PZ6_Das_1.pdb	GG	18.101361568454763
PZ6_Das_1.pdb	AG	16.903669409643395
PZ6_Das_1.pdb	GG	16.84830839163138
PZ6_Das_1.pdb	GG	12.522489959353369
PZ6_Das_1.pdb	AG	15.087738154341949
PZ6_Das_1.pdb	GU	16.220123389496106
PZ6_Das_1.pdb	CG	13.916440017390675
PZ6_Das_1.pdb	CG	11.254137451672158
PZ6_Das_1.pdb	GG	11.426684860052864
PZ6_Das_1.pdb	GG	15.689095288183472
PZ6_Das_1.pdb	GU	16.35700954214169
PZ6_Das_1.pdb	CG	19.4917291629935
PZ6_Das_1.pdb	GG	15.370955279958286
PZ6_Das_1.pdb	AG	14.210747144682285
PZ6_Das_1.pdb	GG	15.65630607875749
PZ6_Das_1.pdb	GG	11.258935907074594
PZ6_Das_1.pdb	AG	13.071303442204766
PZ6_Das_1.pdb	GU	14.157031301749594
PZ6_Das_1.pdb	CG	12.37437523943767
PZ6_Das_1.pdb	CG	11.730496074128496
PZ6_Das_1.pdb	GG	14.15752795156598
PZ6_Das_1.pdb	GG	18.990369191901966
PZ6_Das_1.pdb	CG	18.197039354828842
PZ6_Das_1.pdb	GG	13.313923389657424
PZ6_Das_1.pdb	AG	11.539262997109844
PZ6_Das_1.pdb	GG	14.657358521110798
PZ6_Das_1.pdb	GG	11.46776752737919
PZ6_Das_1.pdb	AG	13.066469544964226
PZ6_Das_1.pdb	GU	14.837217973131768
PZ6_Das_1.pdb	CG	14.563565300153364
PZ6_Das_1.pdb	CG	15.961700519172554
PZ6_Das_1.pdb	GG	19.455774836273374
PZ6_Das_1.pdb	AG	19.420257790011394
PZ6_Das_1.pdb	AG	19.246900022331936
PZ6_Das_1.pdb	AC	15.82663218057128
PZ6_Das_1.pdb	AG	11.687494052200945
PZ6_Das_1.pdb	AA	12.04536082950137
PZ6_Das_1.pdb	AG	15.859683388170497
PZ6_Das_1.pdb	AG	13.19808709459444
PZ6_Das_1.pdb	AA	12.371570005043072
PZ6_Das_1.pdb	AU	13.53950484102732
PZ6_Das_1.pdb	AC	14.762708133816282
PZ6_Das_1.pdb	AC	18.289238236302236
PZ6_Das_1.pdb	AG	18.08872496602365
PZ6_Das_1.pdb	GG	16.333282387629684
PZ6_Das_1.pdb	GG	16.20347696905789
PZ6_Das_1.pdb	GG	16.96487282240006
PZ6_Das_1.pdb	GG	17.7982871622038
PZ6_Das_1.pdb	CG	18.132993598648312
PZ6_Das_1.pdb	GG	17.51732197726448
PZ6_Das_1.pdb	GG	16.242115774540867
PZ6_Das_1.pdb	CG	13.707531147978827
PZ6_Das_1.pdb	GG	11.429017870154901
PZ6_Das_1.pdb	AG	14.42319683018882
PZ6_Das_1.pdb	GG	17.302142058129665
PZ6_Das_1.pdb	GG	13.917775141120293
PZ6_Das_1.pdb	AG	10.563672284111284
PZ6_Das_1.pdb	GU	10.068776349330555
PZ6_Das_1.pdb	CG	11.995585882585786
PZ6_Das_1.pdb	CG	16.787109236367108
PZ6_Das_1.pdb	CU	19.849572285105392
PZ6_Das_1.pdb	GU	19.919135943142905
PZ6_Das_1.pdb	GU	19.51990994767858
PZ6_Das_1.pdb	GU	18.094018992018885
PZ6_Das_1.pdb	AU	16.629415906244507
PZ6_Das_1.pdb	GU	16.270342874183104
PZ6_Das_1.pdb	GU	16.85229530067495
PZ6_Das_1.pdb	GU	17.482039926984744
PZ6_Das_1.pdb	GU	17.61028244709092
PZ6_Das_1.pdb	CU	17.001972912655873
PZ6_Das_1.pdb	GU	15.556532807976657
PZ6_Das_1.pdb	GU	13.742050339133197
PZ6_Das_1.pdb	CU	11.921951752626365
PZ6_Das_1.pdb	GU	11.996099808455005
PZ6_Das_1.pdb	AU	16.842661158854177
PZ6_Das_1.pdb	GU	18.408750578475885
PZ6_Das_1.pdb	GU	14.453518320906634
PZ6_Das_1.pdb	AU	9.048817124276795
PZ6_Das_1.pdb	UU	6.372393556719905
PZ6_Das_1.pdb	CU	9.364022497035286
PZ6_Das_1.pdb	CU	15.121720641974697
PZ6_Das_1.pdb	CU	19.139303206725817
PZ6_Das_1.pdb	CG	15.074305153822056
PZ6_Das_1.pdb	CC	15.401264570772812
PZ6_Das_1.pdb	CC	19.493717289103266
PZ6_Das_1.pdb	CG	16.242774039622386
PZ6_Das_1.pdb	CG	16.59242810417952
PZ6_Das_1.pdb	AC	16.719604422684583
PZ6_Das_1.pdb	CG	17.359457975582004
PZ6_Das_1.pdb	CG	18.045740983211306
PZ6_Das_1.pdb	CG	18.11038823275994
PZ6_Das_1.pdb	CG	17.330749474962126
PZ6_Das_1.pdb	CC	15.786113060476163
PZ6_Das_1.pdb	CG	13.807391581274459
PZ6_Das_1.pdb	CG	12.162614824383704
PZ6_Das_1.pdb	CC	12.264809419522157
PZ6_Das_1.pdb	CG	14.809374427704359
PZ6_Das_1.pdb	CG	17.633232986434855
PZ6_Das_1.pdb	AC	11.469550252965965
PZ6_Das_1.pdb	CU	8.045810133990283
PZ6_Das_1.pdb	CC	11.629738988161801
PZ6_Das_1.pdb	CC	17.40636004107816
PZ6_Das_1.pdb	GU	18.51030639154643
PZ6_Das_1.pdb	GG	13.32622327164492
PZ6_Das_1.pdb	CG	11.53254971450953
PZ6_Das_1.pdb	CG	14.54793982542076
PZ6_Das_1.pdb	AG	19.41058471272864
PZ6_Das_1.pdb	GG	19.857080030898434
PZ6_Das_1.pdb	GG	18.984548445942103
PZ6_Das_1.pdb	CG	17.74478665555369
PZ6_Das_1.pdb	GG	14.258483189099916
PZ6_Das_1.pdb	GG	16.515296742744106
PZ6_Das_1.pdb	AG	17.441383319960188
PZ6_Das_1.pdb	GG	18.116317238162633
PZ6_Das_1.pdb	GG	18.22916401774602
PZ6_Das_1.pdb	GG	17.449207848207195
PZ6_Das_1.pdb	GG	15.856383568722887
PZ6_Das_1.pdb	CG	13.872847616309624
PZ6_Das_1.pdb	GG	12.395119787712076
PZ6_Das_1.pdb	GG	12.403303235935553
PZ6_Das_1.pdb	CG	14.887169391118773
PZ6_Das_1.pdb	GG	18.641861841264713
PZ6_Das_1.pdb	AG	16.271085482001265
PZ6_Das_1.pdb	GU	13.500568035272648
PZ6_Das_1.pdb	CG	17.131000873298756
PZ6_Das_1.pdb	CG	15.402650064139799
PZ6_Das_1.pdb	CC	11.686901009321227
PZ6_Das_1.pdb	CC	12.422069991851297
PZ6_Das_1.pdb	AC	17.73959659883477
PZ6_Das_1.pdb	CG	19.185627069546943
PZ6_Das_1.pdb	CC	15.51575225123672
PZ6_Das_1.pdb	CG	13.920713866429413
PZ6_Das_1.pdb	CG	17.306549019221368
PZ6_Das_1.pdb	AC	18.167097383264903
PZ6_Das_1.pdb	CG	18.24906477612678
PZ6_Das_1.pdb	CG	17.48540058758655
PZ6_Das_1.pdb	CG	15.877725736973806
PZ6_Das_1.pdb	CG	13.85499240838944
PZ6_Das_1.pdb	CC	12.322371413864797
PZ6_Das_1.pdb	CG	12.616015187769348
PZ6_Das_1.pdb	CG	14.912614395458641
PZ6_Das_1.pdb	CC	18.8369670665563
PZ6_Das_1.pdb	CU	19.10585095000951
PZ6_Das_1.pdb	CG	19.29301477501409
PZ6_Das_1.pdb	CC	15.233467946978317
PZ6_Das_1.pdb	CC	14.384559576131426
PZ6_Das_1.pdb	AC	19.937178729580353
PZ6_Das_1.pdb	CG	18.414906974495935
PZ6_Das_1.pdb	CC	14.769191794894816
PZ6_Das_1.pdb	CG	14.708555412316883
PZ6_Das_1.pdb	CG	18.098973443502416
PZ6_Das_1.pdb	AC	18.301800896693198
PZ6_Das_1.pdb	CG	17.511761806371744
PZ6_Das_1.pdb	CG	15.899703414048696
PZ6_Das_1.pdb	CG	13.850124292192394
PZ6_Das_1.pdb	CG	12.285189307467949
PZ6_Das_1.pdb	CC	12.487323043500423
PZ6_Das_1.pdb	CG	15.061979510139352
PZ6_Das_1.pdb	CG	18.9312629897192
PZ6_Das_1.pdb	CG	18.906009964003378
PZ6_Das_1.pdb	CC	19.518670447564205
PZ6_Das_1.pdb	CC	18.44006822705383
PZ6_Das_1.pdb	CG	18.937353821109657
PZ6_Das_1.pdb	CC	15.114863508492583
PZ6_Das_1.pdb	CG	15.71505471776837
PZ6_Das_1.pdb	CG	18.252109332079947
PZ6_Das_1.pdb	AC	17.535004773446488
PZ6_Das_1.pdb	CG	15.915359748424883
PZ6_Das_1.pdb	CG	13.853038885427933
PZ6_Das_1.pdb	CG	12.265923071560596
PZ6_Das_1.pdb	CG	12.461174492655209
PZ6_Das_1.pdb	CC	14.957220472442268
PZ6_Das_1.pdb	CG	19.027184219942537
PZ6_Das_1.pdb	CG	18.946756616401725
PZ6_Das_1.pdb	CG	19.83900182101905
PZ6_Das_1.pdb	CC	15.781123895928594
PZ6_Das_1.pdb	CG	16.287053758023216
PZ6_Das_1.pdb	CG	17.48955026403848
PZ6_Das_1.pdb	AC	15.90136352360167
PZ6_Das_1.pdb	CG	13.863438637241325
PZ6_Das_1.pdb	CG	12.265791742098578
PZ6_Das_1.pdb	CG	12.451956822342307
PZ6_Das_1.pdb	CG	14.9507716934596
PZ6_Das_1.pdb	CC	18.960890545436076
PZ6_Das_1.pdb	CU	16.103510857702844
PZ6_Das_1.pdb	GU	16.127622742036284
PZ6_Das_1.pdb	GU	15.851365077389573
PZ6_Das_1.pdb	AU	13.799767880417878
PZ6_Das_1.pdb	GU	12.273950587654454
PZ6_Das_1.pdb	GU	12.461808347973454
PZ6_Das_1.pdb	GU	14.957340219779523
PZ6_Das_1.pdb	GU	18.95788619179681
PZ6_Das_1.pdb	CG	19.835201087352818
PZ6_Das_1.pdb	CC	15.834479635378088
PZ6_Das_1.pdb	CG	15.40603318831051
PZ6_Das_1.pdb	CG	13.88922559789794
PZ6_Das_1.pdb	AC	12.292721915311668
PZ6_Das_1.pdb	CG	12.58609341511789
PZ6_Das_1.pdb	CG	15.068670498474424
PZ6_Das_1.pdb	CG	19.050257180189167
PZ6_Das_1.pdb	GG	16.266933966884157
PZ6_Das_1.pdb	CG	12.896140334256248
PZ6_Das_1.pdb	GG	12.813038359935115
PZ6_Das_1.pdb	GG	11.549953480202003
PZ6_Das_1.pdb	AG	12.35446573658039
PZ6_Das_1.pdb	GG	15.215980468694282
PZ6_Das_1.pdb	GG	19.06394905827034
PZ6_Das_1.pdb	GG	18.904630133247746
PZ6_Das_1.pdb	GU	19.92627368835396
PZ6_Das_1.pdb	GG	16.698876895441867
PZ6_Das_1.pdb	GG	12.594391834530805
PZ6_Das_1.pdb	CG	10.55113348895243
PZ6_Das_1.pdb	GG	11.524946042463537
PZ6_Das_1.pdb	GG	11.687378690661374
PZ6_Das_1.pdb	AG	14.865207692992518
PZ6_Das_1.pdb	GG	19.08016555686498
PZ6_Das_1.pdb	GU	16.854592587128444
PZ6_Das_1.pdb	GG	19.149825445303136
PZ6_Das_1.pdb	AG	18.26261923937538
PZ6_Das_1.pdb	AG	16.343509046879944
PZ6_Das_1.pdb	GG	14.148691302583678
PZ6_Das_1.pdb	GG	12.01229463829738
PZ6_Das_1.pdb	CG	12.002387570775298
PZ6_Das_1.pdb	GG	13.258363928512695
PZ6_Das_1.pdb	GG	14.284130636523841
PZ6_Das_1.pdb	AG	18.86680279108713
PZ6_Das_1.pdb	AG	18.059994135428166
PZ6_Das_1.pdb	AG	19.40960033086562
PZ6_Das_1.pdb	AA	15.010318359471903
PZ6_Das_1.pdb	AA	13.759892142887985
PZ6_Das_1.pdb	AG	13.628658692575195
PZ6_Das_1.pdb	AG	13.516930522564063
PZ6_Das_1.pdb	AC	14.743195622634692
PZ6_Das_1.pdb	AG	15.790243177819688
PZ6_Das_1.pdb	AG	17.367509546036487
PZ6_Das_1.pdb	CU	19.18201722632431
PZ6_Das_1.pdb	GU	19.007640955693034
PZ6_Das_1.pdb	GU	16.238235401999074
PZ6_Das_1.pdb	AU	13.450112677047246
PZ6_Das_1.pdb	AU	14.543045486345598
PZ6_Das_1.pdb	GU	15.751661555002896
PZ6_Das_1.pdb	GU	16.095623858243243
PZ6_Das_1.pdb	CU	16.92460181757489
PZ6_Das_1.pdb	GU	16.60776849769147
PZ6_Das_1.pdb	GU	18.119640261810293
PZ6_Das_1.pdb	AU	17.895963237070955
PZ6_Das_1.pdb	CG	19.82774681208012
PZ6_Das_1.pdb	GG	19.211471494870835
PZ6_Das_1.pdb	GG	15.593425012275066
PZ6_Das_1.pdb	GG	14.090744350664343
PZ6_Das_1.pdb	AG	13.2173080548271
PZ6_Das_1.pdb	AG	16.50764343519977
PZ6_Das_1.pdb	GG	17.611006853445527
PZ6_Das_1.pdb	GG	17.355608076697056
PZ6_Das_1.pdb	CG	17.19222533251325
PZ6_Das_1.pdb	GG	15.41132301874968
PZ6_Das_1.pdb	GG	16.951779545125888
PZ6_Das_1.pdb	AG	15.524297468938872
PZ6_Das_1.pdb	AG	13.7386016824351
PZ6_Das_1.pdb	AG	17.56965960136891
PZ6_Das_1.pdb	AU	19.068561407718022
PZ6_Das_1.pdb	CU	18.199055863970123
PZ6_Das_1.pdb	GU	16.589851303409215
PZ6_Das_1.pdb	GU	13.895469211452369
PZ6_Das_1.pdb	GU	12.990411014435917
PZ6_Das_1.pdb	AU	13.186062139261118
PZ6_Das_1.pdb	AU	17.580599822948162
PZ6_Das_1.pdb	GU	17.84358804713033
PZ6_Das_1.pdb	GU	16.73198910820072
PZ6_Das_1.pdb	CU	15.639858198498846
PZ6_Das_1.pdb	GU	12.996395129486206
PZ6_Das_1.pdb	GU	15.23587793663036
PZ6_Das_1.pdb	AU	14.007580143425956
PZ6_Das_1.pdb	AU	14.416265051387832
PZ6_Das_1.pdb	AU	18.960379694587004
PZ6_Das_1.pdb	CG	17.75535600571416
PZ6_Das_1.pdb	GG	19.5548238734352
PZ6_Das_1.pdb	CG	17.759710377028558
PZ6_Das_1.pdb	CG	16.58432444306245
PZ6_Das_1.pdb	GG	16.51869315852862
PZ6_Das_1.pdb	GG	14.371285607663514
PZ6_Das_1.pdb	GG	13.264178888958805
PZ6_Das_1.pdb	AG	13.633821371851676
PZ6_Das_1.pdb	AG	18.157357613257716
PZ6_Das_1.pdb	GG	17.346585212829645
PZ6_Das_1.pdb	GG	15.475180170545192
PZ6_Das_1.pdb	CG	13.764964046220037
PZ6_Das_1.pdb	GG	11.25595017228307
PZ6_Das_1.pdb	GG	14.821010002154715
PZ6_Das_1.pdb	AG	19.41765398142976
PZ6_Das_1.pdb	GU	19.92409149874326
PZ6_Das_1.pdb	AG	16.448055128152124
PZ6_Das_1.pdb	AG	18.625888656934002
PZ6_Das_1.pdb	CU	18.322625707625654
PZ6_Das_1.pdb	CG	18.982928775627993
PZ6_Das_1.pdb	CG	18.082998416768035
PZ6_Das_1.pdb	CC	17.90283330210993
PZ6_Das_1.pdb	CC	18.0982539687037
PZ6_Das_1.pdb	CG	18.514776644293367
PZ6_Das_1.pdb	CG	16.026187914837752
PZ6_Das_1.pdb	CG	13.94832402310458
PZ6_Das_1.pdb	AC	13.639634912915817
PZ6_Das_1.pdb	AC	17.45847414909746
PZ6_Das_1.pdb	CG	15.703638651059991
PZ6_Das_1.pdb	CG	13.65746011765082
PZ6_Das_1.pdb	CC	12.32285945281895
PZ6_Das_1.pdb	CG	11.785354727240472
PZ6_Das_1.pdb	CG	16.753462938968767
PZ6_Das_1.pdb	CG	19.105920489306463
PZ6_Das_1.pdb	CG	19.812254805925182
PZ6_Das_1.pdb	CG	18.021555277316594
PZ6_Das_1.pdb	CG	14.847798048255367
PZ6_Das_1.pdb	AC	13.497797347292854
PZ6_Das_1.pdb	AC	16.026673515285292
PZ6_Das_1.pdb	CG	13.676347696288849
PZ6_Das_1.pdb	CG	12.272056540935617
PZ6_Das_1.pdb	CC	12.39529975406066
PZ6_Das_1.pdb	CG	14.42460459776851
PZ6_Das_1.pdb	AA	19.70059548074564
PZ6_Das_1.pdb	AG	16.766215175655027
PZ6_Das_1.pdb	AG	18.16973794757619
PZ6_Das_1.pdb	AC	19.287878822080142
PZ6_Das_1.pdb	AC	19.72853240347358
PZ6_Das_1.pdb	AG	19.05141523557034
PZ6_Das_1.pdb	AG	15.83012978731283
PZ6_Das_1.pdb	AG	12.999916040885475
PZ6_Das_1.pdb	AA	13.19315494435005
PZ6_Das_1.pdb	AA	16.32537554119745
PZ6_Das_1.pdb	AG	15.752912042359045
PZ6_Das_1.pdb	AG	16.574125346153792
PZ6_Das_1.pdb	AC	18.173828077759914
PZ6_Das_1.pdb	CC	19.72465113352104
PZ6_Das_1.pdb	AC	18.67342180323011
PZ6_Das_1.pdb	CG	16.06157557419007
PZ6_Das_1.pdb	CG	17.142304547469216
PZ6_Das_1.pdb	CC	17.715204846757366
PZ6_Das_1.pdb	CC	17.461081387291685
PZ6_Das_1.pdb	CG	16.002717266192825
PZ6_Das_1.pdb	CG	13.269046313749357
PZ6_Das_1.pdb	CG	11.712894192620741
PZ6_Das_1.pdb	AC	14.091404532101286
PZ6_Das_1.pdb	AC	18.106310678939668
PZ6_Das_1.pdb	CG	19.265745434144403
PZ6_Das_1.pdb	CU	19.985140052206887
PZ6_Das_1.pdb	GU	17.513428068761566
PZ6_Das_1.pdb	GU	17.586017564115654
PZ6_Das_1.pdb	CU	17.061128202503827
PZ6_Das_1.pdb	CU	15.648785454988353
PZ6_Das_1.pdb	GU	13.107127244169543
PZ6_Das_1.pdb	GU	11.204673416204603
PZ6_Das_1.pdb	GU	11.532211647182269
PZ6_Das_1.pdb	AU	15.738760847423627
PZ6_Das_1.pdb	CG	19.679277175293773
PZ6_Das_1.pdb	GG	18.27462025464243
PZ6_Das_1.pdb	GG	17.296399933621725
PZ6_Das_1.pdb	CG	15.852097280222605
PZ6_Das_1.pdb	CG	13.773642252168338
PZ6_Das_1.pdb	GG	11.256502612693831
PZ6_Das_1.pdb	GG	11.92764946023502
PZ6_Das_1.pdb	GG	14.619005380440763
PZ6_Das_1.pdb	AG	19.96824667326453
PZ6_Das_1.pdb	GG	19.08786258026733
PZ6_Das_1.pdb	AG	19.264444067875573
PZ6_Das_1.pdb	GG	17.648446470199538
PZ6_Das_1.pdb	GG	15.790313753040751
PZ6_Das_1.pdb	CG	13.922391556200653
PZ6_Das_1.pdb	CG	12.23471996338665
PZ6_Das_1.pdb	GG	11.614806095791081
PZ6_Das_1.pdb	GG	14.971877580807384
PZ6_Das_1.pdb	GG	18.920686589218874
PZ6_Das_1.pdb	GG	19.66701272438299
PZ6_Das_1.pdb	GG	18.224459186928105
PZ6_Das_1.pdb	AC	16.642309933265437
PZ6_Das_1.pdb	AC	18.07681791933382
PZ6_Das_1.pdb	CG	15.96038642214884
PZ6_Das_1.pdb	CG	13.544933437431036
PZ6_Das_1.pdb	CC	12.0356129443574
PZ6_Das_1.pdb	CC	12.103530247013481
PZ6_Das_1.pdb	CG	14.327535976650262
PZ6_Das_1.pdb	CG	19.079263517923398
PZ6_Das_1.pdb	CG	18.777275941119136
PZ6_Das_1.pdb	CG	18.882499853848834
PZ6_Das_1.pdb	AC	15.277554656912633
PZ6_Das_1.pdb	CG	14.005582443401886
PZ6_Das_1.pdb	CG	12.065380103199178
PZ6_Das_1.pdb	CC	12.220766800443208
PZ6_Das_1.pdb	CC	14.644674843277379
PZ6_Das_1.pdb	CG	18.67707344658065
PZ6_Das_1.pdb	CG	12.712478776458797
PZ6_Das_1.pdb	CG	12.865478716400672
PZ6_Das_1.pdb	CC	15.180041930327793
PZ6_Das_1.pdb	CC	18.95229016831705
PZ6_Das_1.pdb	GG	15.89053054072722
PZ6_Das_1.pdb	CG	19.291160790497386
PZ6_Das_1.pdb	AC	18.260261251660957
PZ6_Das_1.pdb	GG	19.648421947835764
PZ6_Das_1.pdb	CG	19.853188502582817
PZ6_Das_1.pdb	CG	17.92028034202527
PZ6_Das_1.pdb	CG	17.089248078281486
PZ6_Das_1.pdb	AC	16.83119629773638
PZ6_Das_1.pdb	AC	18.23031168687632
PZ6_Das_1.pdb	CG	13.70886769991508
PZ6_Das_1.pdb	CG	11.77735592824585
PZ6_Das_1.pdb	AC	11.537138416274837
PZ6_Das_1.pdb	AC	17.375793772274672
PZ6_Das_1.pdb	GG	14.250340183595835
PZ6_Das_1.pdb	GG	10.275687166474986
PZ6_Das_1.pdb	AG	9.103786466505005
PZ6_Das_1.pdb	AG	13.93236861073774
PZ6_Das_1.pdb	AG	16.722942690848267
PZ6_Das_1.pdb	GG	19.84149942437116
PZ6_Das_1.pdb	GG	15.055613596137661
PZ6_Das_1.pdb	AG	11.563255622704707
PZ6_Das_1.pdb	AG	14.349078200878855
PZ6_Das_1.pdb	AG	17.45323935273191
PZ6_Das_1.pdb	GG	18.189948271679683
PZ6_Das_1.pdb	AG	15.889008342849621
PZ6_Das_1.pdb	AG	17.520445728019784
PZ6_Das_1.pdb	AC	16.255190402775586
PZ6_Das_1.pdb	AG	18.782881984180936
PZ6_Das_1.pdb	AG	19.887913215015985
PZ6_Das_1.pdb	CG	19.087441801580688
PZ6_Das_1.pdb	GG	18.159005907049426
PZ6_Das_1.pdb	CG	19.714683114083545
PZ6_Das_1.pdb	CG	18.24063205488939
PZ6_Das_1.pdb	AG	19.91808477290832
PZ6_Das_1.pdb	AG	16.778589230071194
PZ6_Das_1.pdb	GU	18.042789599281605
PZ6_Das_1.pdb	GG	16.007872304127815
PZ6_Das_1.pdb	GG	15.78561697419997
PZ6_Das_1.pdb	AG	12.181247920652691
PZ6_Das_1.pdb	GU	14.185049101021258
PZ6_Das_1.pdb	CG	19.52061482370447
PZ6_Das_1.pdb	CG	10.020255560424458
PZ6_Das_1.pdb	AC	7.091014657748522
PZ6_Das_1.pdb	CU	10.725978877815013
PZ6_Das_1.pdb	CC	15.84965865483234
PZ6_Das_1.pdb	AG	6.255586206202736
PZ6_Das_1.pdb	GU	11.215361152274367
PZ6_Das_1.pdb	CG	15.381247803371146
PZ6_Das_1.pdb	CG	19.434542540714844
PZ6_Das_1.pdb	AU	16.041097143259748
PZ6_Das_1.pdb	AC	18.966525003407128
PZ6_Das_1.pdb	CG	19.230858339249895
PZ6_Das_1.pdb	CG	15.955000223463195
PZ6_Das_1.pdb	GG	18.904996555122857
PZ6_Das_1.pdb	AG	17.870680724289727
PZ6_Das_1.pdb	AG	19.611166327978907
PZ6_Das_1.pdb	GU	17.407632054485656
PZ6_Das_1.pdb	AC	19.42382326396379
PZ6_Das_1.pdb	CG	18.88189658403439
PZ6_Das_1.pdb	GU	19.345754162715217
PZ6_Das_1.pdb	CG	16.429607855376204
PZ6_Das_1.pdb	AG	18.520952560658234
PZ6_Das_1.pdb	GG	19.108041402940067
PZ6_Das_1.pdb	AA	14.787803437135938
PZ6_Das_1.pdb	AG	16.056865113140894
PZ6_Das_1.pdb	AG	18.23855660964311
PZ6_Das_1.pdb	AA	19.29418738316252
PZ6_Das_1.pdb	GG	14.680521379818634
PZ6_Das_1.pdb	GG	16.57581480020916
PZ6_Das_1.pdb	AG	18.07214523219953
PZ6_Das_1.pdb	AG	18.782527400845503
PZ6_Das_1.pdb	AG	18.7347599755345
PZ6_Das_1.pdb	GU	16.84303864317294
PZ6_Das_1.pdb	AG	15.537542039583892
PZ6_Das_1.pdb	CG	18.7537667165943
PZ6_Das_1.pdb	CG	15.250855397302622
PZ6_Das_1.pdb	CG	18.126143446151765
PZ6_Das_1.pdb	GU	19.746369450426073
PZ6_Das_1.pdb	AC	18.870632082481965
PZ6_Das_1.pdb	AU	18.820553337164714
PZ6_Das_1.pdb	AG	18.14853968862516
PZ6_Das_1.pdb	CC	18.98744557535146
PZ6_Das_1.pdb	CC	19.334821343579197
PZ6_Das_1.pdb	UU	19.4803587974765
PZ6_Das_1.pdb	GG	19.855645911403982
PZ6_Das_1.pdb	CC	19.979016167735484
PZ7_Adamiak_1.pdb	GU	19.523206042039572
PZ7_Adamiak_1.pdb	GU	17.90584626071217
PZ7_Adamiak_1.pdb	AG	15.596886543308447
PZ7_Adamiak_1.pdb	CG	15.935854861035343
PZ7_Adamiak_1.pdb	AG	17.5980615679021
PZ7_Adamiak_1.pdb	GG	17.668014607534737
PZ7_Adamiak_1.pdb	CG	16.936560374428534
PZ7_Adamiak_1.pdb	GG	15.813207332009695
PZ7_Adamiak_1.pdb	CG	13.734484617555188
PZ7_Adamiak_1.pdb	CU	19.415754957525632
PZ7_Adamiak_1.pdb	AC	17.61757982474572
PZ7_Adamiak_1.pdb	CC	17.535654253209376
PZ7_Adamiak_1.pdb	AC	18.29621016407282
PZ7_Adamiak_1.pdb	CG	17.360749467154974
PZ7_Adamiak_1.pdb	CC	15.575015252860394
PZ7_Adamiak_1.pdb	CG	13.859883645787423
PZ7_Adamiak_1.pdb	CC	12.242710744074268
PZ7_Adamiak_1.pdb	GU	19.110927232229837
PZ7_Adamiak_1.pdb	GU	19.943239594950036
PZ7_Adamiak_1.pdb	AG	18.23889849236011
PZ7_Adamiak_1.pdb	CG	17.496583638865594
PZ7_Adamiak_1.pdb	AG	17.37354487068612
PZ7_Adamiak_1.pdb	GG	15.894304653605214
PZ7_Adamiak_1.pdb	CG	13.905543666973102
PZ7_Adamiak_1.pdb	GG	12.993389826907716
PZ7_Adamiak_1.pdb	CG	13.322487246341451
PZ7_Adamiak_1.pdb	CG	19.414436540055863
PZ7_Adamiak_1.pdb	AC	18.21567169279158
PZ7_Adamiak_1.pdb	CC	16.59956799212142
PZ7_Adamiak_1.pdb	AC	15.557731116179493
PZ7_Adamiak_1.pdb	CG	13.941506823145268
PZ7_Adamiak_1.pdb	CC	12.645976235408604
PZ7_Adamiak_1.pdb	CG	13.637672638650368
PZ7_Adamiak_1.pdb	CC	16.08474032602781
PZ7_Adamiak_1.pdb	UU	19.593448412493387
PZ7_Adamiak_1.pdb	AU	17.462062625629535
PZ7_Adamiak_1.pdb	CU	15.28861948874718
PZ7_Adamiak_1.pdb	AU	13.79854347106611
PZ7_Adamiak_1.pdb	GU	13.063200140108474
PZ7_Adamiak_1.pdb	CU	13.639830693180288
PZ7_Adamiak_1.pdb	GU	16.73798928896464
PZ7_Adamiak_1.pdb	GG	19.70660022946792
PZ7_Adamiak_1.pdb	CG	17.70437032104573
PZ7_Adamiak_1.pdb	GG	19.379298794077766
PZ7_Adamiak_1.pdb	GU	19.571122901130305
PZ7_Adamiak_1.pdb	GU	17.833635463414467
PZ7_Adamiak_1.pdb	AG	15.464848436486498
PZ7_Adamiak_1.pdb	CG	13.079710837487527
PZ7_Adamiak_1.pdb	AG	11.891480250912569
PZ7_Adamiak_1.pdb	GG	13.068044831216898
PZ7_Adamiak_1.pdb	CG	15.819364552039705
PZ7_Adamiak_1.pdb	GU	19.571219714739634
PZ7_Adamiak_1.pdb	GU	15.262553612828196
PZ7_Adamiak_1.pdb	CU	13.543132449218875
PZ7_Adamiak_1.pdb	GU	15.932004045542289
PZ7_Adamiak_1.pdb	AU	17.47178333600956
PZ7_Adamiak_1.pdb	GU	18.155794341174776
PZ7_Adamiak_1.pdb	AU	18.184577193374484
PZ7_Adamiak_1.pdb	UU	15.63363629026156
PZ7_Adamiak_1.pdb	UU	14.451495868589204
PZ7_Adamiak_1.pdb	AU	12.27653434240074
PZ7_Adamiak_1.pdb	CU	10.83057607272623
PZ7_Adamiak_1.pdb	AU	11.40024279653838
PZ7_Adamiak_1.pdb	GU	14.78790512787758
PZ7_Adamiak_1.pdb	CU	18.842003227207034
PZ7_Adamiak_1.pdb	AG	18.55127031809801
PZ7_Adamiak_1.pdb	AG	17.964132913963596
PZ7_Adamiak_1.pdb	GU	18.31694346103773
PZ7_Adamiak_1.pdb	GG	13.419280230345617
PZ7_Adamiak_1.pdb	CG	12.745061138083418
PZ7_Adamiak_1.pdb	GG	15.9055865587646
PZ7_Adamiak_1.pdb	AG	17.285445092739955
PZ7_Adamiak_1.pdb	GG	17.04922836503341
PZ7_Adamiak_1.pdb	AG	15.776142391918889
PZ7_Adamiak_1.pdb	GU	12.53938440786575
PZ7_Adamiak_1.pdb	GU	11.445447080565444
PZ7_Adamiak_1.pdb	AG	9.122279887073624
PZ7_Adamiak_1.pdb	CG	9.067629412528001
PZ7_Adamiak_1.pdb	AG	11.768665610217758
PZ7_Adamiak_1.pdb	GG	16.750729425398163
PZ7_Adamiak_1.pdb	AU	13.210878377653362
PZ7_Adamiak_1.pdb	AU	13.638875003795166
PZ7_Adamiak_1.pdb	UU	17.378834617452586
PZ7_Adamiak_1.pdb	UU	14.756105280346825
PZ7_Adamiak_1.pdb	GU	11.113746525934173
PZ7_Adamiak_1.pdb	CU	11.101779112135937
PZ7_Adamiak_1.pdb	GU	14.517261553039333
PZ7_Adamiak_1.pdb	AU	15.9456232484517
PZ7_Adamiak_1.pdb	GU	15.469904721950508
PZ7_Adamiak_1.pdb	AU	13.849658320229352
PZ7_Adamiak_1.pdb	UU	11.551468368574158
PZ7_Adamiak_1.pdb	UU	12.275649593238596
PZ7_Adamiak_1.pdb	AU	11.610581644688427
PZ7_Adamiak_1.pdb	CU	13.2271991141026
PZ7_Adamiak_1.pdb	AU	16.63577016091303
PZ7_Adamiak_1.pdb	AC	9.284564474228976
PZ7_Adamiak_1.pdb	CU	12.981688402620028
PZ7_Adamiak_1.pdb	CC	18.503987194607706
PZ7_Adamiak_1.pdb	CC	19.090556378064154
PZ7_Adamiak_1.pdb	AC	19.182907180295118
PZ7_Adamiak_1.pdb	AC	16.64452937229057
PZ7_Adamiak_1.pdb	CG	17.323027442779946
PZ7_Adamiak_1.pdb	CU	18.42494644748561
PZ7_Adamiak_1.pdb	CU	17.08679644565268
PZ7_Adamiak_1.pdb	CU	12.776398688826335
PZ7_Adamiak_1.pdb	CG	10.771817531658009
PZ7_Adamiak_1.pdb	CC	10.596077242005972
PZ7_Adamiak_1.pdb	CG	13.25402267142515
PZ7_Adamiak_1.pdb	AC	14.457926495782761
PZ7_Adamiak_1.pdb	CG	13.991522305413305
PZ7_Adamiak_1.pdb	AC	12.736745048160698
PZ7_Adamiak_1.pdb	CU	12.449172247375392
PZ7_Adamiak_1.pdb	CU	15.109037112765359
PZ7_Adamiak_1.pdb	AC	16.097923293160463
PZ7_Adamiak_1.pdb	CC	18.61920805447612
PZ7_Adamiak_1.pdb	GU	11.200189059937644
PZ7_Adamiak_1.pdb	CG	16.091426474155572
PZ7_Adamiak_1.pdb	CG	18.9799445337696
PZ7_Adamiak_1.pdb	AG	19.356852076572434
PZ7_Adamiak_1.pdb	GG	18.858874750603512
PZ7_Adamiak_1.pdb	GU	16.206789645457974
PZ7_Adamiak_1.pdb	AG	11.628826837057806
PZ7_Adamiak_1.pdb	GG	13.394446786181804
PZ7_Adamiak_1.pdb	GU	14.977091113174232
PZ7_Adamiak_1.pdb	AG	17.439843573984533
PZ7_Adamiak_1.pdb	AG	19.704761119960235
PZ7_Adamiak_1.pdb	CG	19.108484222019154
PZ7_Adamiak_1.pdb	GG	17.752362389784935
PZ7_Adamiak_1.pdb	CG	15.635468744533911
PZ7_Adamiak_1.pdb	GU	12.38231932538525
PZ7_Adamiak_1.pdb	GU	9.380237968956424
PZ7_Adamiak_1.pdb	GG	9.473513423524468
PZ7_Adamiak_1.pdb	CG	10.052011402094832
PZ7_Adamiak_1.pdb	GG	12.635622353291733
PZ7_Adamiak_1.pdb	AG	14.821375003918948
PZ7_Adamiak_1.pdb	GG	15.714837955604356
PZ7_Adamiak_1.pdb	AG	15.954709874023804
PZ7_Adamiak_1.pdb	GU	17.2032153123581
PZ7_Adamiak_1.pdb	CC	16.957195694192183
PZ7_Adamiak_1.pdb	CC	19.13161591991364
PZ7_Adamiak_1.pdb	AC	17.993820247340064
PZ7_Adamiak_1.pdb	AC	17.184263894717
PZ7_Adamiak_1.pdb	CG	16.82436976760133
PZ7_Adamiak_1.pdb	CC	16.93039818442909
PZ7_Adamiak_1.pdb	CG	17.170781507392963
PZ7_Adamiak_1.pdb	CG	16.154889200008817
PZ7_Adamiak_1.pdb	CU	15.447558771462194
PZ7_Adamiak_1.pdb	AC	11.9661589269084
PZ7_Adamiak_1.pdb	CG	16.31717064485479
PZ7_Adamiak_1.pdb	CU	19.220794958715757
PZ7_Adamiak_1.pdb	CG	18.15648027497643
PZ7_Adamiak_1.pdb	CC	16.032860111003238
PZ7_Adamiak_1.pdb	CU	13.611232799470585
PZ7_Adamiak_1.pdb	CU	12.733235578479134
PZ7_Adamiak_1.pdb	CG	14.846413866494471
PZ7_Adamiak_1.pdb	CC	16.003513819038012
PZ7_Adamiak_1.pdb	CG	18.013234701981162
PZ7_Adamiak_1.pdb	AC	19.330882258381127
PZ7_Adamiak_1.pdb	CG	19.22995103302846
PZ7_Adamiak_1.pdb	AC	18.475851896984068
PZ7_Adamiak_1.pdb	CU	19.74431655775578
PZ7_Adamiak_1.pdb	AU	17.64657374420064
PZ7_Adamiak_1.pdb	AC	16.793793789092867
PZ7_Adamiak_1.pdb	AC	13.618884848294641
PZ7_Adamiak_1.pdb	AA	12.660439549961225
PZ7_Adamiak_1.pdb	AA	13.159795461869681
PZ7_Adamiak_1.pdb	AG	14.542945076149094
PZ7_Adamiak_1.pdb	AC	16.280659571046694
PZ7_Adamiak_1.pdb	AG	17.53230709319077
PZ7_Adamiak_1.pdb	AG	16.985294021814283
PZ7_Adamiak_1.pdb	AU	16.62439750142122
PZ7_Adamiak_1.pdb	AA	13.099717014721225
PZ7_Adamiak_1.pdb	AG	15.735671818219085
PZ7_Adamiak_1.pdb	AU	19.19323786921517
PZ7_Adamiak_1.pdb	AU	18.440255806497035
PZ7_Adamiak_1.pdb	AU	16.47687855210592
PZ7_Adamiak_1.pdb	AG	16.373038251788998
PZ7_Adamiak_1.pdb	AC	15.383964155988778
PZ7_Adamiak_1.pdb	AG	15.790260876500406
PZ7_Adamiak_1.pdb	AA	15.400737006499163
PZ7_Adamiak_1.pdb	AG	13.989460108443625
PZ7_Adamiak_1.pdb	AA	12.711083165837664
PZ7_Adamiak_1.pdb	AU	14.787116164013494
PZ7_Adamiak_1.pdb	AU	19.030914168073508
PZ7_Adamiak_1.pdb	AG	19.424701122655176
PZ7_Adamiak_1.pdb	AG	19.817360781194818
PZ7_Adamiak_1.pdb	AG	19.534202929575255
PZ7_Adamiak_1.pdb	AC	18.831542538170986
PZ7_Adamiak_1.pdb	AC	13.431122822916501
PZ7_Adamiak_1.pdb	AC	9.868177677558247
PZ7_Adamiak_1.pdb	AA	10.745464999511489
PZ7_Adamiak_1.pdb	AA	13.650949376700362
PZ7_Adamiak_1.pdb	AG	16.22117693828172
PZ7_Adamiak_1.pdb	AC	18.380214028395095
PZ7_Adamiak_1.pdb	AG	19.377713222751147
PZ7_Adamiak_1.pdb	AG	18.2764589780704
PZ7_Adamiak_1.pdb	AU	17.263252663586446
PZ7_Adamiak_1.pdb	AA	13.745371574716359
PZ7_Adamiak_1.pdb	AG	14.181717566400025
PZ7_Adamiak_1.pdb	AU	17.635026207972274
PZ7_Adamiak_1.pdb	AG	17.5876681400907
PZ7_Adamiak_1.pdb	AU	18.630646548522616
PZ7_Adamiak_1.pdb	AG	17.022868457942547
PZ7_Adamiak_1.pdb	AC	14.197743082305434
PZ7_Adamiak_1.pdb	AG	12.848689812302478
PZ7_Adamiak_1.pdb	AA	11.009098550392709
PZ7_Adamiak_1.pdb	AG	9.001584568864114
PZ7_Adamiak_1.pdb	AA	8.669579414252956
PZ7_Adamiak_1.pdb	AU	12.442216623680586
PZ7_Adamiak_1.pdb	AU	17.5411183797142
PZ7_Adamiak_1.pdb	CU	18.967048584965987
PZ7_Adamiak_1.pdb	GU	19.468462040317807
PZ7_Adamiak_1.pdb	GU	19.32776782694409
PZ7_Adamiak_1.pdb	GU	17.664920896672665
PZ7_Adamiak_1.pdb	CU	19.873228258504483
PZ7_Adamiak_1.pdb	CU	15.583770444448055
PZ7_Adamiak_1.pdb	CU	10.436174837516889
PZ7_Adamiak_1.pdb	CU	9.216524095384779
PZ7_Adamiak_1.pdb	AU	12.008595330663747
PZ7_Adamiak_1.pdb	AU	15.695777643769649
PZ7_Adamiak_1.pdb	GU	17.368786641944762
PZ7_Adamiak_1.pdb	CU	18.174951975676677
PZ7_Adamiak_1.pdb	GU	17.67010419011535
PZ7_Adamiak_1.pdb	GU	15.284477676420375
PZ7_Adamiak_1.pdb	UU	13.34665613998387
PZ7_Adamiak_1.pdb	AU	10.295750741817939
PZ7_Adamiak_1.pdb	GU	9.676913989957615
PZ7_Adamiak_1.pdb	UU	14.033376136709803
PZ7_Adamiak_1.pdb	AU	19.33323372039694
PZ7_Adamiak_1.pdb	CU	19.243898195300552
PZ7_Adamiak_1.pdb	AU	15.606541120039921
PZ7_Adamiak_1.pdb	GU	12.634737077023576
PZ7_Adamiak_1.pdb	UU	16.727311645602878
PZ7_Adamiak_1.pdb	CU	19.9690746328
PZ7_Adamiak_1.pdb	CU	17.268416318305594
PZ7_Adamiak_1.pdb	CU	18.04500193985618
PZ7_Adamiak_1.pdb	GU	19.444634764780208
PZ7_Adamiak_1.pdb	UU	18.868206394042996
PZ7_Adamiak_1.pdb	GU	17.5718208815693
PZ7_Adamiak_1.pdb	CU	14.121848446025327
PZ7_Adamiak_1.pdb	GU	11.341170953056116
PZ7_Adamiak_1.pdb	AU	9.629605307880633
PZ7_Adamiak_1.pdb	GU	9.756299554738057
PZ7_Adamiak_1.pdb	AU	12.19703219724925
PZ7_Adamiak_1.pdb	UU	16.960802588447716
PZ7_Adamiak_1.pdb	CG	16.48436060714819
PZ7_Adamiak_1.pdb	CG	18.26488434342578
PZ7_Adamiak_1.pdb	CG	15.800202732080281
PZ7_Adamiak_1.pdb	CC	16.85794077954984
PZ7_Adamiak_1.pdb	CG	17.94207382683638
PZ7_Adamiak_1.pdb	CG	16.37143725787158
PZ7_Adamiak_1.pdb	CC	10.944833804199941
PZ7_Adamiak_1.pdb	CC	6.787786140002614
PZ7_Adamiak_1.pdb	CC	8.834490455955736
PZ7_Adamiak_1.pdb	AC	12.510957164620068
PZ7_Adamiak_1.pdb	AC	16.54832474678956
PZ7_Adamiak_1.pdb	CG	17.549683142450572
PZ7_Adamiak_1.pdb	CC	17.440189926455915
PZ7_Adamiak_1.pdb	CG	16.010101248112658
PZ7_Adamiak_1.pdb	CG	13.274627934752978
PZ7_Adamiak_1.pdb	CU	11.86239534591228
PZ7_Adamiak_1.pdb	AC	10.799209731015743
PZ7_Adamiak_1.pdb	CG	9.999135646046776
PZ7_Adamiak_1.pdb	CU	15.256325075099847
PZ7_Adamiak_1.pdb	CG	19.887991124543397
PZ7_Adamiak_1.pdb	CC	14.422351502116047
PZ7_Adamiak_1.pdb	AC	11.084178243070927
PZ7_Adamiak_1.pdb	CG	7.845748659373861
PZ7_Adamiak_1.pdb	CU	12.427913468012715
PZ7_Adamiak_1.pdb	CU	15.699128279145059
PZ7_Adamiak_1.pdb	CG	19.330986981878574
PZ7_Adamiak_1.pdb	CU	18.744766885337995
PZ7_Adamiak_1.pdb	CC	19.220432765686205
PZ7_Adamiak_1.pdb	CC	15.937095607481837
PZ7_Adamiak_1.pdb	CC	17.136618102075584
PZ7_Adamiak_1.pdb	CG	19.454462163024562
PZ7_Adamiak_1.pdb	CC	18.49033144873432
PZ7_Adamiak_1.pdb	CG	14.821103100815838
PZ7_Adamiak_1.pdb	AC	12.697056581570166
PZ7_Adamiak_1.pdb	CG	13.212970462073297
PZ7_Adamiak_1.pdb	AC	16.313017767709095
PZ7_Adamiak_1.pdb	AU	19.153424929816318
PZ7_Adamiak_1.pdb	GU	19.685524248022844
PZ7_Adamiak_1.pdb	GU	17.296817086066465
PZ7_Adamiak_1.pdb	CU	17.485075332123504
PZ7_Adamiak_1.pdb	GU	17.77869450083343
PZ7_Adamiak_1.pdb	GU	17.85517059242285
PZ7_Adamiak_1.pdb	GU	12.521133029360916
PZ7_Adamiak_1.pdb	CU	7.405963506972892
PZ7_Adamiak_1.pdb	CU	6.665972893162075
PZ7_Adamiak_1.pdb	CU	11.199043027980661
PZ7_Adamiak_1.pdb	AU	13.914718695061786
PZ7_Adamiak_1.pdb	AU	17.103829301947723
PZ7_Adamiak_1.pdb	GU	16.9667520049605
PZ7_Adamiak_1.pdb	CU	15.73894138465457
PZ7_Adamiak_1.pdb	GU	13.555511456098552
PZ7_Adamiak_1.pdb	GU	11.342481831862958
PZ7_Adamiak_1.pdb	UU	11.924696315260647
PZ7_Adamiak_1.pdb	AU	13.179833610768933
PZ7_Adamiak_1.pdb	GU	13.821792978124682
PZ7_Adamiak_1.pdb	UU	19.365071971968618
PZ7_Adamiak_1.pdb	GU	16.80645086991964
PZ7_Adamiak_1.pdb	CU	11.975463377966076
PZ7_Adamiak_1.pdb	AU	10.578979225315418
PZ7_Adamiak_1.pdb	GU	7.853806115032773
PZ7_Adamiak_1.pdb	UU	12.142970636836353
PZ7_Adamiak_1.pdb	UU	13.33896513082569
PZ7_Adamiak_1.pdb	GU	15.230558493660864
PZ7_Adamiak_1.pdb	UU	19.5790228119925
PZ7_Adamiak_1.pdb	CU	17.791266705538074
PZ7_Adamiak_1.pdb	CU	18.394167660841674
PZ7_Adamiak_1.pdb	AU	18.415707193495923
PZ7_Adamiak_1.pdb	GU	18.66867694777626
PZ7_Adamiak_1.pdb	GG	19.289165249514408
PZ7_Adamiak_1.pdb	CG	19.676249761957692
PZ7_Adamiak_1.pdb	GG	15.424791462672408
PZ7_Adamiak_1.pdb	GG	9.836444574089827
PZ7_Adamiak_1.pdb	CG	6.139727782679591
PZ7_Adamiak_1.pdb	CG	8.834870229009908
PZ7_Adamiak_1.pdb	CG	13.333899960014643
PZ7_Adamiak_1.pdb	AG	14.522084055201434
PZ7_Adamiak_1.pdb	AG	16.5852652021218
PZ7_Adamiak_1.pdb	GG	15.693392536609489
PZ7_Adamiak_1.pdb	CG	14.147925311291868
PZ7_Adamiak_1.pdb	GG	12.544723979425676
PZ7_Adamiak_1.pdb	GG	12.516494144173693
PZ7_Adamiak_1.pdb	GU	15.515200558938792
PZ7_Adamiak_1.pdb	AG	17.66976851647426
PZ7_Adamiak_1.pdb	GG	19.424425626254873
PZ7_Adamiak_1.pdb	GG	18.577143480631456
PZ7_Adamiak_1.pdb	CG	14.91140721344386
PZ7_Adamiak_1.pdb	AG	14.82792225756512
PZ7_Adamiak_1.pdb	GG	12.19042398866712
PZ7_Adamiak_1.pdb	GU	15.183838380602644
PZ7_Adamiak_1.pdb	GU	14.922642378143356
PZ7_Adamiak_1.pdb	GG	14.591204834674766
PZ7_Adamiak_1.pdb	AG	19.18109032566856
PZ7_Adamiak_1.pdb	CG	19.01837687830599
PZ7_Adamiak_1.pdb	CG	19.617798031670663
PZ7_Adamiak_1.pdb	CG	19.552969951694596
PZ7_Adamiak_1.pdb	CG	13.88245953448489
PZ7_Adamiak_1.pdb	CG	8.824145411461874
PZ7_Adamiak_1.pdb	CC	7.07526821306049
PZ7_Adamiak_1.pdb	CC	10.449564215889128
PZ7_Adamiak_1.pdb	CC	13.687281785835177
PZ7_Adamiak_1.pdb	AC	13.471271754945324
PZ7_Adamiak_1.pdb	AC	14.864244175382245
PZ7_Adamiak_1.pdb	CG	14.342018029389605
PZ7_Adamiak_1.pdb	CC	14.070572645904708
PZ7_Adamiak_1.pdb	CG	14.527777723784137
PZ7_Adamiak_1.pdb	CG	16.479858431650676
PZ7_Adamiak_1.pdb	AC	19.595829055668325
PZ7_Adamiak_1.pdb	CG	16.200846646108406
PZ7_Adamiak_1.pdb	CU	18.2325942788222
PZ7_Adamiak_1.pdb	CU	18.123416720436733
PZ7_Adamiak_1.pdb	CG	17.169321286970888
PZ7_Adamiak_1.pdb	GG	15.994248319379048
PZ7_Adamiak_1.pdb	GG	17.305204279274793
PZ7_Adamiak_1.pdb	CG	19.975371661900414
PZ7_Adamiak_1.pdb	CG	19.60604671287099
PZ7_Adamiak_1.pdb	GG	13.384184646311052
PZ7_Adamiak_1.pdb	GG	9.461504577053587
PZ7_Adamiak_1.pdb	CG	8.407105416688033
PZ7_Adamiak_1.pdb	CG	10.505493396985969
PZ7_Adamiak_1.pdb	CG	11.980264677901411
PZ7_Adamiak_1.pdb	AG	11.145723826599895
PZ7_Adamiak_1.pdb	AG	13.111078606731375
PZ7_Adamiak_1.pdb	GG	14.288257974041969
PZ7_Adamiak_1.pdb	CG	16.068566016894454
PZ7_Adamiak_1.pdb	GG	18.091662422213847
PZ7_Adamiak_1.pdb	GG	17.9082331154029
PZ7_Adamiak_1.pdb	GU	19.217282441811737
PZ7_Adamiak_1.pdb	AG	17.185999303390524
PZ7_Adamiak_1.pdb	AC	19.496549125288368
PZ7_Adamiak_1.pdb	AG	14.17430317369664
PZ7_Adamiak_1.pdb	AG	12.543833223214735
PZ7_Adamiak_1.pdb	AC	13.064517973048
PZ7_Adamiak_1.pdb	AC	14.49046625665323
PZ7_Adamiak_1.pdb	AC	14.41254167095344
PZ7_Adamiak_1.pdb	AA	13.304391688534343
PZ7_Adamiak_1.pdb	AA	15.459559251690651
PZ7_Adamiak_1.pdb	AG	17.95046854178213
PZ7_Adamiak_1.pdb	AC	19.676234057472644
PZ7_Adamiak_1.pdb	AG	15.792858551000686
PZ7_Adamiak_1.pdb	AG	15.455260331072699
PZ7_Adamiak_1.pdb	AC	16.091207582018786
PZ7_Adamiak_1.pdb	AC	16.46417459482112
PZ7_Adamiak_1.pdb	AC	15.291402307370884
PZ7_Adamiak_1.pdb	AA	14.956546070099764
PZ7_Adamiak_1.pdb	AA	18.121275550611355
PZ7_Adamiak_1.pdb	GG	16.526385985904508
PZ7_Adamiak_1.pdb	GG	16.393910793272624
PZ7_Adamiak_1.pdb	CG	16.414122837422795
PZ7_Adamiak_1.pdb	CG	15.617622583554578
PZ7_Adamiak_1.pdb	CG	13.920272364594183
PZ7_Adamiak_1.pdb	AG	15.174013444696264
PZ7_Adamiak_1.pdb	AG	19.716059662486987
PZ7_Adamiak_1.pdb	CG	18.516346245799035
PZ7_Adamiak_1.pdb	AG	19.589234690280907
PZ7_Adamiak_1.pdb	GG	16.52338752994347
PZ7_Adamiak_1.pdb	GG	15.95075254539473
PZ7_Adamiak_1.pdb	CG	15.071112658808797
PZ7_Adamiak_1.pdb	CG	13.250979090209093
PZ7_Adamiak_1.pdb	CG	11.833675062146693
PZ7_Adamiak_1.pdb	AG	15.077568861376399
PZ7_Adamiak_1.pdb	GG	17.53229711864966
PZ7_Adamiak_1.pdb	GU	16.181308803847397
PZ7_Adamiak_1.pdb	AG	16.218980329797745
PZ7_Adamiak_1.pdb	CG	14.258316656756241
PZ7_Adamiak_1.pdb	CG	16.90432070477344
PZ7_Adamiak_1.pdb	AG	19.518396256813038
PZ7_Adamiak_1.pdb	GG	15.833358982667036
PZ7_Adamiak_1.pdb	AG	16.594403611780237
PZ7_Adamiak_1.pdb	CG	18.019819295141406
PZ7_Adamiak_1.pdb	GG	17.920850077882033
PZ7_Adamiak_1.pdb	GU	18.738437253656127
PZ7_Adamiak_1.pdb	CG	18.676819956654107
PZ7_Adamiak_1.pdb	GG	15.348548401834666
PZ7_Adamiak_1.pdb	GG	14.606351745662252
PZ7_Adamiak_1.pdb	CG	13.499147210450925
PZ7_Adamiak_1.pdb	CG	11.771699827027005
PZ7_Adamiak_1.pdb	CG	12.089956573421349
PZ7_Adamiak_1.pdb	AG	16.7833342908302
PZ7_Adamiak_1.pdb	AG	17.675718992697117
PZ7_Adamiak_1.pdb	GG	13.274687442242834
PZ7_Adamiak_1.pdb	GU	11.184571609656748
PZ7_Adamiak_1.pdb	GU	15.622700432266155
PZ7_Adamiak_1.pdb	GG	19.99293400707281
PZ7_Adamiak_1.pdb	AG	16.2397036448046
PZ7_Adamiak_1.pdb	CG	12.999931298447443
PZ7_Adamiak_1.pdb	CG	14.202672759427513
PZ7_Adamiak_1.pdb	GG	18.069162150076036
PZ7_Adamiak_1.pdb	AG	16.98066811987788
PZ7_Adamiak_1.pdb	GG	14.767035689121924
PZ7_Adamiak_1.pdb	AG	17.422362160252028
PZ7_Adamiak_1.pdb	CG	13.28207262981878
PZ7_Adamiak_1.pdb	CU	15.248216152439493
PZ7_Adamiak_1.pdb	CC	16.316537394016294
PZ7_Adamiak_1.pdb	CG	14.277790939618736
PZ7_Adamiak_1.pdb	CG	14.296827392476448
PZ7_Adamiak_1.pdb	CC	14.134936082013526
PZ7_Adamiak_1.pdb	CC	13.810754206527383
PZ7_Adamiak_1.pdb	CC	16.077238899289334
PZ7_Adamiak_1.pdb	CC	19.672457054834286
PZ7_Adamiak_1.pdb	AC	14.676736599072058
PZ7_Adamiak_1.pdb	CG	11.506479030257431
PZ7_Adamiak_1.pdb	CU	7.461767587603495
PZ7_Adamiak_1.pdb	CU	11.273252726346692
PZ7_Adamiak_1.pdb	CG	16.14653095497925
PZ7_Adamiak_1.pdb	AC	18.86925307104009
PZ7_Adamiak_1.pdb	AC	19.772992164461726
PZ7_Adamiak_1.pdb	CC	18.15151040492618
PZ7_Adamiak_1.pdb	CU	19.265528142465385
PZ7_Adamiak_1.pdb	AC	18.50245470718277
PZ7_Adamiak_1.pdb	CC	13.89510245185659
PZ7_Adamiak_1.pdb	CC	12.57315406676342
PZ7_Adamiak_1.pdb	CG	14.777542039282507
PZ7_Adamiak_1.pdb	CC	17.315668798522452
PZ7_Adamiak_1.pdb	AC	18.717978617403453
PZ7_Adamiak_1.pdb	CG	18.2191294203678
PZ7_Adamiak_1.pdb	GU	15.565702745277383
PZ7_Adamiak_1.pdb	CG	17.210879795265953
PZ7_Adamiak_1.pdb	GG	16.174546683697695
PZ7_Adamiak_1.pdb	GG	16.055433427799173
PZ7_Adamiak_1.pdb	CG	16.072947260157648
PZ7_Adamiak_1.pdb	CG	16.632521117402977
PZ7_Adamiak_1.pdb	GG	19.53523082189874
PZ7_Adamiak_1.pdb	CG	15.511735633123036
PZ7_Adamiak_1.pdb	AG	11.216751344164134
PZ7_Adamiak_1.pdb	GG	10.567605696468641
PZ7_Adamiak_1.pdb	GU	5.701610156956986
PZ7_Adamiak_1.pdb	GU	7.270900796917051
PZ7_Adamiak_1.pdb	GG	12.781715644783917
PZ7_Adamiak_1.pdb	AG	15.508486490108167
PZ7_Adamiak_1.pdb	CG	15.62923162927316
PZ7_Adamiak_1.pdb	GU	15.223525521737411
PZ7_Adamiak_1.pdb	AG	13.07839798327026
PZ7_Adamiak_1.pdb	CG	11.805590215882104
PZ7_Adamiak_1.pdb	GU	13.411435781779861
PZ7_Adamiak_1.pdb	GG	16.14534136650747
PZ7_Adamiak_1.pdb	GU	19.194893345506816
PZ7_Adamiak_1.pdb	GU	18.051101741764622
PZ7_Adamiak_1.pdb	AG	17.458058628198557
PZ7_Adamiak_1.pdb	AG	18.48820920511149
PZ7_Adamiak_1.pdb	CG	18.79805462442184
PZ7_Adamiak_1.pdb	CG	15.821681804423422
PZ7_Adamiak_1.pdb	GG	15.520179937252008
PZ7_Adamiak_1.pdb	CG	16.564045325599285
PZ7_Adamiak_1.pdb	CU	17.368140976084966
PZ7_Adamiak_1.pdb	GU	18.112210611605693
PZ7_Adamiak_1.pdb	GU	19.056181392992727
PZ7_Adamiak_1.pdb	GU	19.747592216817694
PZ7_Adamiak_1.pdb	CU	17.14821170501641
PZ7_Adamiak_1.pdb	AU	14.327914158677205
PZ7_Adamiak_1.pdb	GU	15.081457899041899
PZ7_Adamiak_1.pdb	UU	10.552636874602435
PZ7_Adamiak_1.pdb	UU	9.256477059574967
PZ7_Adamiak_1.pdb	GU	12.980536065515842
PZ7_Adamiak_1.pdb	AU	14.01751730121834
PZ7_Adamiak_1.pdb	CU	12.018771863058127
PZ7_Adamiak_1.pdb	UU	10.23980431930654
PZ7_Adamiak_1.pdb	AU	8.475804815461444
PZ7_Adamiak_1.pdb	CU	9.185186984619005
PZ7_Adamiak_1.pdb	UU	12.837593821330042
PZ7_Adamiak_1.pdb	GU	17.066803831565736
PZ7_Adamiak_1.pdb	CU	18.996302810041524
PZ7_Adamiak_1.pdb	UU	17.69866074811987
PZ7_Adamiak_1.pdb	AU	17.64593992460997
PZ7_Adamiak_1.pdb	CU	17.570191828491627
PZ7_Adamiak_1.pdb	GU	15.747016927326069
PZ7_Adamiak_1.pdb	CU	16.47383911192229
PZ7_Adamiak_1.pdb	CG	17.500133996883964
PZ7_Adamiak_1.pdb	AC	19.36463167607121
PZ7_Adamiak_1.pdb	CG	19.1399290048309
PZ7_Adamiak_1.pdb	CU	14.192064655812064
PZ7_Adamiak_1.pdb	CU	13.129398685960707
PZ7_Adamiak_1.pdb	CG	15.639689531529232
PZ7_Adamiak_1.pdb	AC	15.025331591232302
PZ7_Adamiak_1.pdb	CC	12.876153628584403
PZ7_Adamiak_1.pdb	CU	11.805125872133637
PZ7_Adamiak_1.pdb	AC	12.083480314762099
PZ7_Adamiak_1.pdb	CC	13.574549791363872
PZ7_Adamiak_1.pdb	CU	17.93814169731255
PZ7_Adamiak_1.pdb	CC	15.233041753044247
PZ7_Adamiak_1.pdb	CG	13.491945536473157
PZ7_Adamiak_1.pdb	CC	15.740696160009339
PZ7_Adamiak_1.pdb	GG	19.16276690929206
PZ7_Adamiak_1.pdb	GU	16.729983525467407
PZ7_Adamiak_1.pdb	GU	15.716301668321956
PZ7_Adamiak_1.pdb	GG	17.088821877151826
PZ7_Adamiak_1.pdb	AG	15.514661597810075
PZ7_Adamiak_1.pdb	CG	14.581214046010496
PZ7_Adamiak_1.pdb	GU	15.355812060781616
PZ7_Adamiak_1.pdb	AG	17.06079631624473
PZ7_Adamiak_1.pdb	CG	19.042150443704628
PZ7_Adamiak_1.pdb	CG	19.613141183090278
PZ7_Adamiak_1.pdb	CG	15.118633056601412
PZ7_Adamiak_1.pdb	GG	14.766075142700522
PZ7_Adamiak_1.pdb	CG	18.51755836653968
PZ7_Adamiak_1.pdb	UU	18.26538532957138
PZ7_Adamiak_1.pdb	UU	16.56157162191789
PZ7_Adamiak_1.pdb	GU	16.18768382466374
PZ7_Adamiak_1.pdb	AU	13.793925233932914
PZ7_Adamiak_1.pdb	CU	14.761490788853582
PZ7_Adamiak_1.pdb	UU	17.78564917925635
PZ7_Adamiak_1.pdb	CU	19.05269405284888
PZ7_Adamiak_1.pdb	GU	19.91978195968326
PZ7_Adamiak_1.pdb	CU	17.958418194842583
PZ7_Adamiak_1.pdb	CU	15.765146704936665
PZ7_Adamiak_1.pdb	CG	13.875700845243403
PZ7_Adamiak_1.pdb	AC	11.79633054911262
PZ7_Adamiak_1.pdb	CC	15.386076611944514
PZ7_Adamiak_1.pdb	CG	19.310138004569453
PZ7_Adamiak_1.pdb	GG	17.046933922448208
PZ7_Adamiak_1.pdb	GU	14.886047140906072
PZ7_Adamiak_1.pdb	GU	13.520416427259793
PZ7_Adamiak_1.pdb	GG	12.177957000946629
PZ7_Adamiak_1.pdb	AG	12.654953343682212
PZ7_Adamiak_1.pdb	CG	17.699195669990118
PZ7_Adamiak_1.pdb	AG	17.538409086841416
PZ7_Adamiak_1.pdb	CG	18.269376471462046
PZ7_Adamiak_1.pdb	AG	16.73665377455013
PZ7_Adamiak_1.pdb	GG	13.374769729959466
PZ7_Adamiak_1.pdb	GU	12.843880517084008
PZ7_Adamiak_1.pdb	GU	12.027827645586848
PZ7_Adamiak_1.pdb	GG	11.225081097623818
PZ7_Adamiak_1.pdb	AG	13.929378931498869
PZ7_Adamiak_1.pdb	CG	19.44008888038449
PZ7_Adamiak_1.pdb	AC	17.137916291016378
PZ7_Adamiak_1.pdb	CG	18.0784878318488
PZ7_Adamiak_1.pdb	CC	18.30235932701397
PZ7_Adamiak_1.pdb	CG	17.854929865725303
PZ7_Adamiak_1.pdb	CG	17.587950375420796
PZ7_Adamiak_1.pdb	CU	19.27190989146562
PZ7_Adamiak_1.pdb	CC	15.973140915094053
PZ7_Adamiak_1.pdb	AC	13.887056441296451
PZ7_Adamiak_1.pdb	CG	9.860363822170434
PZ7_Adamiak_1.pdb	CU	11.29702945605843
PZ7_Adamiak_1.pdb	CU	12.12412908461449
PZ7_Adamiak_1.pdb	CG	13.134061074417707
PZ7_Adamiak_1.pdb	AC	17.406908243777437
PZ7_Adamiak_1.pdb	CG	16.304184743283873
PZ7_Adamiak_1.pdb	CC	17.344691154951544
PZ7_Adamiak_1.pdb	CG	17.348068970721528
PZ7_Adamiak_1.pdb	CG	16.603082519792654
PZ7_Adamiak_1.pdb	CU	17.329985980894442
PZ7_Adamiak_1.pdb	AC	17.096977901728614
PZ7_Adamiak_1.pdb	CG	16.700633779262983
PZ7_Adamiak_1.pdb	CC	16.92583917939684
PZ7_Adamiak_1.pdb	AC	13.531187640570014
PZ7_Adamiak_1.pdb	CG	8.752906218604382
PZ7_Adamiak_1.pdb	CU	11.36860299201113
PZ7_Adamiak_1.pdb	CU	14.364430533637602
PZ7_Adamiak_1.pdb	CG	17.19848680463325
PZ7_Adamiak_1.pdb	CG	19.982727130735224
PZ7_Adamiak_1.pdb	AC	16.33910803485995
PZ7_Adamiak_1.pdb	CG	14.857769885121836
PZ7_Adamiak_1.pdb	AC	16.894718205644075
PZ7_Adamiak_1.pdb	CC	17.440501275826936
PZ7_Adamiak_1.pdb	CG	18.85602672106045
PZ7_Adamiak_1.pdb	CG	18.81559767586137
PZ7_Adamiak_1.pdb	CU	19.527021586969855
PZ7_Adamiak_1.pdb	AC	18.09972497997332
PZ7_Adamiak_1.pdb	CG	17.93769206750672
PZ7_Adamiak_1.pdb	AC	17.87552490797314
PZ7_Adamiak_1.pdb	CG	13.064277821421257
PZ7_Adamiak_1.pdb	CU	15.439331441654149
PZ7_Adamiak_1.pdb	CU	19.342926715855207
PZ7_Adamiak_1.pdb	CG	18.748537079090312
PZ7_Adamiak_1.pdb	AC	14.675409613798381
PZ7_Adamiak_1.pdb	CG	11.568584488412952
PZ7_Adamiak_1.pdb	AC	12.084795826400697
PZ7_Adamiak_1.pdb	CU	17.500920074260417
PZ7_Adamiak_1.pdb	AG	17.187067020849724
PZ7_Adamiak_1.pdb	AG	18.768055388485983
PZ7_Adamiak_1.pdb	AA	19.635160778698292
PZ7_Adamiak_1.pdb	AG	17.85819130569546
PZ7_Adamiak_1.pdb	AA	18.764077917147254
PZ7_Adamiak_1.pdb	AG	15.124629918387038
PZ7_Adamiak_1.pdb	AA	13.599631152650861
PZ7_Adamiak_1.pdb	AU	17.818857010494007
PZ7_Adamiak_1.pdb	AG	18.466084881638604
PZ7_Adamiak_1.pdb	AA	17.657129785064903
PZ7_Adamiak_1.pdb	AC	17.910658707224794
PZ7_Adamiak_1.pdb	GG	19.986822827955315
PZ7_Adamiak_1.pdb	CG	17.452344698402666
PZ7_Adamiak_1.pdb	AG	18.760308894336546
PZ7_Adamiak_1.pdb	GG	18.11698797698155
PZ7_Adamiak_1.pdb	CG	18.868102083992472
PZ7_Adamiak_1.pdb	CG	15.647916763718156
PZ7_Adamiak_1.pdb	GG	14.545677060728421
PZ7_Adamiak_1.pdb	CG	17.446622195923982
PZ7_Adamiak_1.pdb	AU	19.386065010814306
PZ7_Adamiak_1.pdb	GU	17.911380658975727
PZ7_Adamiak_1.pdb	CU	14.886609927595746
PZ7_Adamiak_1.pdb	AU	15.787063230685957
PZ7_Adamiak_1.pdb	GU	16.248559992742397
PZ7_Adamiak_1.pdb	UU	17.77167846776438
PZ7_Adamiak_1.pdb	UU	15.252084052880665
PZ7_Adamiak_1.pdb	AU	16.97990551512083
PZ7_Adamiak_1.pdb	CU	18.203079489643095
PZ7_Adamiak_1.pdb	CU	12.699657638738751
PZ7_Adamiak_1.pdb	CU	9.356573634397524
PZ7_Adamiak_1.pdb	GU	9.201838497232467
PZ7_Adamiak_1.pdb	CU	12.903654329455575
PZ7_Adamiak_1.pdb	UU	16.37215564082738
PZ7_Adamiak_1.pdb	UU	19.10370982718686
PZ7_Adamiak_1.pdb	GU	19.46558436290956
PZ7_Adamiak_1.pdb	AA	19.29479071767987
PZ7_Adamiak_1.pdb	AC	17.26317941716736
PZ7_Adamiak_1.pdb	AA	16.58662995714035
PZ7_Adamiak_1.pdb	AG	16.4375867153639
PZ7_Adamiak_1.pdb	AU	18.197457409105162
PZ7_Adamiak_1.pdb	AU	16.731660772933935
PZ7_Adamiak_1.pdb	AA	19.5355788974016
PZ7_Adamiak_1.pdb	AC	16.964013964880984
PZ7_Adamiak_1.pdb	AC	12.264282865729466
PZ7_Adamiak_1.pdb	AC	9.689934649560518
PZ7_Adamiak_1.pdb	AG	9.429660369235894
PZ7_Adamiak_1.pdb	AC	11.43514379268627
PZ7_Adamiak_1.pdb	AU	13.326750067249524
PZ7_Adamiak_1.pdb	AU	14.936381641393425
PZ7_Adamiak_1.pdb	AG	16.758711625527486
PZ7_Adamiak_1.pdb	AC	15.904107345373452
PZ7_Adamiak_1.pdb	AG	15.305402478146824
PZ7_Adamiak_1.pdb	AA	16.988494310999755
PZ7_Adamiak_1.pdb	AG	19.290492230680016
PZ7_Adamiak_1.pdb	GG	19.457194014016945
PZ7_Adamiak_1.pdb	GG	19.646678242538933
PZ7_Adamiak_1.pdb	CG	15.151640906975201
PZ7_Adamiak_1.pdb	AG	12.854332252291442
PZ7_Adamiak_1.pdb	GG	13.354417861286628
PZ7_Adamiak_1.pdb	GU	17.67937151295378
PZ7_Adamiak_1.pdb	GG	15.872881367883748
PZ7_Adamiak_1.pdb	GU	13.32555631586068
PZ7_Adamiak_1.pdb	GU	14.049863833183764
PZ7_Adamiak_1.pdb	AG	18.59497487015816
PZ7_Adamiak_1.pdb	AG	18.111617749151236
PZ7_Adamiak_1.pdb	GG	15.410312630300234
PZ7_Adamiak_1.pdb	CG	11.147603087879057
PZ7_Adamiak_1.pdb	CG	7.929766155016067
PZ7_Adamiak_1.pdb	CG	9.274675828646298
PZ7_Adamiak_1.pdb	GG	12.37610514548704
PZ7_Adamiak_1.pdb	CG	14.827818219236807
PZ7_Adamiak_1.pdb	GU	16.083555092043238
PZ7_Adamiak_1.pdb	GU	16.038496417791492
PZ7_Adamiak_1.pdb	GG	15.559265144187393
PZ7_Adamiak_1.pdb	CG	12.765412595209105
PZ7_Adamiak_1.pdb	GG	10.39135899624682
PZ7_Adamiak_1.pdb	AG	12.37768215723923
PZ7_Adamiak_1.pdb	GG	16.21805114063094
PZ7_Adamiak_1.pdb	CU	17.636277572651352
PZ7_Adamiak_1.pdb	GU	19.627020147902897
PZ7_Adamiak_1.pdb	GU	19.89710119290411
PZ7_Adamiak_1.pdb	GU	19.42473312734044
PZ7_Adamiak_1.pdb	AU	19.442859662999705
PZ7_Adamiak_1.pdb	CU	18.619893638938127
PZ7_Adamiak_1.pdb	AU	16.183476216281694
PZ7_Adamiak_1.pdb	GU	17.453182730828015
PZ7_Adamiak_1.pdb	GU	14.949907292526111
PZ7_Adamiak_1.pdb	UU	13.004392658378954
PZ7_Adamiak_1.pdb	UU	14.376695996683086
PZ7_Adamiak_1.pdb	AU	19.325641524857584
PZ7_Adamiak_1.pdb	AU	18.46499142461401
PZ7_Adamiak_1.pdb	AU	12.836486161800213
PZ7_Adamiak_1.pdb	GU	10.888920928153835
PZ7_Adamiak_1.pdb	CU	8.042707523487271
PZ7_Adamiak_1.pdb	CU	7.695097132562509
PZ7_Adamiak_1.pdb	CU	10.275571714437167
PZ7_Adamiak_1.pdb	GU	13.674307990219623
PZ7_Adamiak_1.pdb	CU	15.174753399369942
PZ7_Adamiak_1.pdb	UU	15.647353655017529
PZ7_Adamiak_1.pdb	UU	14.790599417649187
PZ7_Adamiak_1.pdb	GU	13.326821845940241
PZ7_Adamiak_1.pdb	CU	10.596629125216776
PZ7_Adamiak_1.pdb	GU	9.04842717416341
PZ7_Adamiak_1.pdb	AU	12.995742462674722
PZ7_Adamiak_1.pdb	GU	17.98003426083399
PZ7_Adamiak_1.pdb	AG	17.962844861883916
PZ7_Adamiak_1.pdb	AG	19.24053479401703
PZ7_Adamiak_1.pdb	AG	19.782364550764285
PZ7_Adamiak_1.pdb	AA	19.86298250695655
PZ7_Adamiak_1.pdb	AG	17.76634476248479
PZ7_Adamiak_1.pdb	AU	16.105640184578384
PZ7_Adamiak_1.pdb	AU	17.088678263398617
PZ7_Adamiak_1.pdb	AA	15.755230883183142
PZ7_Adamiak_1.pdb	AA	8.854816152773225
PZ7_Adamiak_1.pdb	AG	9.858540065609327
PZ7_Adamiak_1.pdb	AC	9.655118567424859
PZ7_Adamiak_1.pdb	AC	11.381866596576378
PZ7_Adamiak_1.pdb	AC	13.209301388898597
PZ7_Adamiak_1.pdb	AG	15.678073044733074
PZ7_Adamiak_1.pdb	AC	15.78644699461762
PZ7_Adamiak_1.pdb	AU	15.349072127945712
PZ7_Adamiak_1.pdb	AU	14.00387715474077
PZ7_Adamiak_1.pdb	AG	12.249687476161535
PZ7_Adamiak_1.pdb	AC	11.066774384944065
PZ7_Adamiak_1.pdb	AG	11.737790016242668
PZ7_Adamiak_1.pdb	AA	16.784004166000756
PZ7_Adamiak_1.pdb	AG	16.18039293105368
PZ7_Adamiak_1.pdb	AG	18.971607405472522
PZ7_Adamiak_1.pdb	AU	19.916257922370164
PZ7_Adamiak_1.pdb	AC	19.460472950781828
PZ7_Adamiak_1.pdb	AA	16.307251805595943
PZ7_Adamiak_1.pdb	AA	9.509088125538076
PZ7_Adamiak_1.pdb	AG	13.525288534320882
PZ7_Adamiak_1.pdb	AC	13.916727833961936
PZ7_Adamiak_1.pdb	AC	15.289684016154265
PZ7_Adamiak_1.pdb	AC	15.468922994636207
PZ7_Adamiak_1.pdb	AG	16.42338022680257
PZ7_Adamiak_1.pdb	AC	15.162860595489146
PZ7_Adamiak_1.pdb	AU	14.235242235485924
PZ7_Adamiak_1.pdb	AU	13.44687488261964
PZ7_Adamiak_1.pdb	AG	12.99891399718111
PZ7_Adamiak_1.pdb	AC	14.174337261638508
PZ7_Adamiak_1.pdb	AG	16.542868977037518
PZ7_Adamiak_1.pdb	GG	16.88158057651503
PZ7_Adamiak_1.pdb	CG	19.39067381558081
PZ7_Adamiak_1.pdb	AG	17.17659454051941
PZ7_Adamiak_1.pdb	AG	11.902255899918487
PZ7_Adamiak_1.pdb	GG	16.998085939873054
PZ7_Adamiak_1.pdb	CG	16.790743337689754
PZ7_Adamiak_1.pdb	CG	17.308787037021133
PZ7_Adamiak_1.pdb	CG	16.00060774095574
PZ7_Adamiak_1.pdb	GG	15.82152662759312
PZ7_Adamiak_1.pdb	CG	14.179056199840563
PZ7_Adamiak_1.pdb	GU	14.203295282756178
PZ7_Adamiak_1.pdb	GU	15.293869501402499
PZ7_Adamiak_1.pdb	GG	16.737897882602088
PZ7_Adamiak_1.pdb	CG	18.970454527545282
PZ7_Adamiak_1.pdb	CG	18.408196098461037
PZ7_Adamiak_1.pdb	CU	18.915369115896716
PZ7_Adamiak_1.pdb	AC	19.634531741003627
PZ7_Adamiak_1.pdb	CC	19.89149371342787
PZ7_Adamiak_1.pdb	AC	17.904145172752756
PZ7_Adamiak_1.pdb	AC	14.453543004141276
PZ7_Adamiak_1.pdb	CG	19.26561624591083
PZ7_Adamiak_1.pdb	CC	17.98356289326661
PZ7_Adamiak_1.pdb	CC	17.426858900575898
PZ7_Adamiak_1.pdb	CC	14.911602692377443
PZ7_Adamiak_1.pdb	CG	14.1642235296733
PZ7_Adamiak_1.pdb	CC	13.368698791175596
PZ7_Adamiak_1.pdb	CU	15.384822850381958
PZ7_Adamiak_1.pdb	CU	18.33573502749581
PZ7_Adamiak_1.pdb	AA	19.40594519187682
PZ7_Adamiak_1.pdb	AA	19.225237769021135
PZ7_Adamiak_1.pdb	AA	18.181639618890465
PZ7_Adamiak_1.pdb	AC	18.31139525717934
PZ7_Adamiak_1.pdb	AG	17.672936335104612
PZ7_Adamiak_1.pdb	AC	17.868751487190767
PZ7_Adamiak_1.pdb	GU	18.87176917612772
PZ7_Adamiak_1.pdb	GU	14.50443052106565
PZ7_Adamiak_1.pdb	AG	13.493446295363505
PZ7_Adamiak_1.pdb	GU	14.844782906180837
PZ7_Adamiak_1.pdb	GG	17.136109332903604
PZ7_Adamiak_1.pdb	GU	19.9924510601031
PZ7_Adamiak_1.pdb	GU	19.863142709533136
PZ7_Adamiak_1.pdb	GU	18.19069424546559
PZ7_Adamiak_1.pdb	CG	18.513080179321836
PZ7_Adamiak_1.pdb	AG	16.338535083883347
PZ7_Adamiak_1.pdb	AG	15.90044826847962
PZ7_Adamiak_1.pdb	GG	19.402710765370315
PZ7_Adamiak_1.pdb	CG	17.14585244410639
PZ7_Adamiak_1.pdb	CG	16.05187435110859
PZ7_Adamiak_1.pdb	CG	13.795221439198023
PZ7_Adamiak_1.pdb	GG	14.594645851662392
PZ7_Adamiak_1.pdb	CG	16.650228665235097
PZ7_Adamiak_1.pdb	GU	19.88501406708793
PZ7_Adamiak_1.pdb	CG	18.443810875299036
PZ7_Adamiak_1.pdb	GG	19.575948535271433
PZ7_Adamiak_1.pdb	GU	19.945558669960914
PZ7_Adamiak_1.pdb	AG	19.982959874528113
PZ7_Adamiak_1.pdb	GG	19.749690726259445
PZ7_Adamiak_1.pdb	GU	15.230444484095498
PZ7_Adamiak_1.pdb	GU	10.982803177128025
PZ7_Adamiak_1.pdb	AG	9.659564901757447
PZ7_Adamiak_1.pdb	GU	10.63164750583873
PZ7_Adamiak_1.pdb	GG	13.01099370546003
PZ7_Adamiak_1.pdb	GU	15.704285748744052
PZ7_Adamiak_1.pdb	GG	18.137979557406403
PZ7_Adamiak_1.pdb	AG	19.041738115387847
PZ7_Adamiak_1.pdb	GU	16.195063981769863
PZ7_Adamiak_1.pdb	GU	13.741990570209225
PZ7_Adamiak_1.pdb	GG	18.81327151405342
PZ7_Adamiak_1.pdb	AG	17.68684342049112
PZ7_Adamiak_1.pdb	CG	16.950064588748955
PZ7_Adamiak_1.pdb	AG	14.214540412130736
PZ7_Adamiak_1.pdb	AG	15.813234996202915
PZ7_Adamiak_1.pdb	GG	17.783915084676483
PZ7_Adamiak_1.pdb	CG	15.262287460753344
PZ7_Adamiak_1.pdb	CG	14.55615400071592
PZ7_Adamiak_1.pdb	CG	13.934828053583455
PZ7_Adamiak_1.pdb	GG	16.68513024284422
PZ7_Adamiak_1.pdb	GU	15.99582236220478
PZ7_Adamiak_1.pdb	CG	13.819003400481591
PZ7_Adamiak_1.pdb	GG	15.028179737984763
PZ7_Adamiak_1.pdb	GU	15.657030761914898
PZ7_Adamiak_1.pdb	AG	16.036846185843245
PZ7_Adamiak_1.pdb	GG	17.353151292410388
PZ7_Adamiak_1.pdb	CG	18.815462523531753
PZ7_Adamiak_1.pdb	GU	19.0211269652703
PZ7_Adamiak_1.pdb	GG	14.564603999892222
PZ7_Adamiak_1.pdb	GU	10.791528608684073
PZ7_Adamiak_1.pdb	GU	8.395443038964393
PZ7_Adamiak_1.pdb	AG	8.815842474243302
PZ7_Adamiak_1.pdb	GU	10.530697623574698
PZ7_Adamiak_1.pdb	GG	13.428441735129788
PZ7_Adamiak_1.pdb	GU	15.662743058987266
PZ7_Adamiak_1.pdb	GG	17.850014936287792
PZ7_Adamiak_1.pdb	AG	19.28998813846471
PZ7_Adamiak_1.pdb	GU	15.935714008422885
PZ7_Adamiak_1.pdb	GU	11.856813013438321
PZ7_Adamiak_1.pdb	GG	16.722622918720283
PZ7_Adamiak_1.pdb	GG	19.19217049699586
PZ7_Adamiak_1.pdb	CG	19.463288097134456
PZ7_Adamiak_1.pdb	CG	16.919879561880766
PZ7_Adamiak_1.pdb	AG	15.366727809474163
PZ7_Adamiak_1.pdb	CG	16.124262854073443
PZ7_Adamiak_1.pdb	AG	12.394070641947168
PZ7_Adamiak_1.pdb	AG	15.525564276984472
PZ7_Adamiak_1.pdb	GG	15.251070804576461
PZ7_Adamiak_1.pdb	CG	12.78862363422429
PZ7_Adamiak_1.pdb	CG	13.12625723952147
PZ7_Adamiak_1.pdb	CG	15.002805077112237
PZ7_Adamiak_1.pdb	GG	19.52597439008687
PZ7_Adamiak_1.pdb	AU	15.060791122343602
PZ7_Adamiak_1.pdb	AC	13.501071399642367
PZ7_Adamiak_1.pdb	AG	15.524896939694088
PZ7_Adamiak_1.pdb	AU	16.70137711502219
PZ7_Adamiak_1.pdb	AA	17.24206125285515
PZ7_Adamiak_1.pdb	AG	18.016586235412813
PZ7_Adamiak_1.pdb	AC	18.779427607465607
PZ7_Adamiak_1.pdb	AA	19.984420671748925
PZ7_Adamiak_1.pdb	AC	19.067668492048636
PZ7_Adamiak_1.pdb	AU	14.570870458731314
PZ7_Adamiak_1.pdb	AG	10.963341757674842
PZ7_Adamiak_1.pdb	AU	9.421216810737773
PZ7_Adamiak_1.pdb	AU	10.588198225995486
PZ7_Adamiak_1.pdb	AA	13.064704177714606
PZ7_Adamiak_1.pdb	AU	15.273495492848625
PZ7_Adamiak_1.pdb	AG	17.966556106961725
PZ7_Adamiak_1.pdb	AU	19.29607467914568
PZ7_Adamiak_1.pdb	AU	17.444307173101077
PZ7_Adamiak_1.pdb	AU	12.30748398145262
PZ7_Adamiak_1.pdb	AG	15.45077491167457
PZ7_Adamiak_1.pdb	AG	16.86005138624879
PZ7_Adamiak_1.pdb	AU	19.92948282891929
PZ7_Adamiak_1.pdb	AG	17.063230002447977
PZ7_Adamiak_1.pdb	AC	13.92279047428894
PZ7_Adamiak_1.pdb	AU	15.886888841338987
PZ7_Adamiak_1.pdb	AG	15.988016963679243
PZ7_Adamiak_1.pdb	AC	12.526492879162838
PZ7_Adamiak_1.pdb	AA	12.910865959611671
PZ7_Adamiak_1.pdb	AC	14.548493606067442
PZ7_Adamiak_1.pdb	AA	10.358204746051763
PZ7_Adamiak_1.pdb	AA	14.602023471587303
PZ7_Adamiak_1.pdb	AG	12.735364313481616
PZ7_Adamiak_1.pdb	AC	11.61880108605543
PZ7_Adamiak_1.pdb	AC	13.92681297719512
PZ7_Adamiak_1.pdb	AC	17.74458150022779
PZ7_Adamiak_1.pdb	AC	19.82840378311106
PZ7_Adamiak_1.pdb	AG	17.363235744122967
PZ7_Adamiak_1.pdb	AU	12.567238285187273
PZ7_Adamiak_1.pdb	AC	12.864307886742456
PZ7_Adamiak_1.pdb	AG	16.504563314847733
PZ7_Adamiak_1.pdb	AU	19.159421035433446
PZ7_Adamiak_1.pdb	AC	18.119871767816022
PZ7_Adamiak_1.pdb	AU	14.633387346349595
PZ7_Adamiak_1.pdb	AG	13.425299335084134
PZ7_Adamiak_1.pdb	AU	14.358001716465449
PZ7_Adamiak_1.pdb	AU	16.838650345812667
PZ7_Adamiak_1.pdb	AA	19.13753229468953
PZ7_Adamiak_1.pdb	AU	17.34129137174987
PZ7_Adamiak_1.pdb	AU	12.01215126727652
PZ7_Adamiak_1.pdb	AG	12.804898171997369
PZ7_Adamiak_1.pdb	AG	13.602439835973815
PZ7_Adamiak_1.pdb	AU	15.690074382145191
PZ7_Adamiak_1.pdb	AA	18.12948957173315
PZ7_Adamiak_1.pdb	AG	18.713696914171546
PZ7_Adamiak_1.pdb	AA	17.88353313598458
PZ7_Adamiak_1.pdb	AG	15.538090589743755
PZ7_Adamiak_1.pdb	AG	11.789524007263118
PZ7_Adamiak_1.pdb	AC	10.520019530949801
PZ7_Adamiak_1.pdb	AU	14.24177812454624
PZ7_Adamiak_1.pdb	AA	18.468674579741553
PZ7_Adamiak_1.pdb	AG	13.892112264134017
PZ7_Adamiak_1.pdb	AC	8.947624291741185
PZ7_Adamiak_1.pdb	AA	10.778719720780993
PZ7_Adamiak_1.pdb	AC	14.335056644760254
PZ7_Adamiak_1.pdb	AA	11.790887814445325
PZ7_Adamiak_1.pdb	AA	17.714599511832734
PZ7_Adamiak_1.pdb	AG	15.532784182272318
PZ7_Adamiak_1.pdb	AC	16.28823599172868
PZ7_Adamiak_1.pdb	AC	19.686552728436784
PZ7_Adamiak_1.pdb	CC	18.074469074021415
PZ7_Adamiak_1.pdb	CC	18.538676428588555
PZ7_Adamiak_1.pdb	CC	18.23143586668779
PZ7_Adamiak_1.pdb	CU	19.80086408799169
PZ7_Adamiak_1.pdb	CU	16.16149610156044
PZ7_Adamiak_1.pdb	CG	12.591414151255245
PZ7_Adamiak_1.pdb	CU	9.437795112130019
PZ7_Adamiak_1.pdb	CC	11.649728396482057
PZ7_Adamiak_1.pdb	CG	16.490280179719427
PZ7_Adamiak_1.pdb	CU	18.77535054119949
PZ7_Adamiak_1.pdb	CG	19.053059258813075
PZ7_Adamiak_1.pdb	CU	16.84890673016686
PZ7_Adamiak_1.pdb	CU	12.518808147902343
PZ7_Adamiak_1.pdb	CG	11.857002231998923
PZ7_Adamiak_1.pdb	CG	13.500271750469233
PZ7_Adamiak_1.pdb	CU	15.282991918519151
PZ7_Adamiak_1.pdb	AC	17.119198749136153
PZ7_Adamiak_1.pdb	CG	17.330194770464157
PZ7_Adamiak_1.pdb	AC	15.824066298531573
PZ7_Adamiak_1.pdb	CG	13.471117015667389
PZ7_Adamiak_1.pdb	CG	11.208427471097966
PZ7_Adamiak_1.pdb	CC	13.040223435271338
PZ7_Adamiak_1.pdb	CU	18.079848639799263
PZ7_Adamiak_1.pdb	CG	17.631268455246616
PZ7_Adamiak_1.pdb	CC	11.839887519879541
PZ7_Adamiak_1.pdb	AC	12.918359684936277
PZ7_Adamiak_1.pdb	CC	17.787690911741464
PZ7_Adamiak_1.pdb	AC	16.995564560383567
PZ7_Adamiak_1.pdb	CU	18.21521473176135
PZ7_Adamiak_1.pdb	UU	19.049879621465756
PZ7_Adamiak_1.pdb	CU	18.56788813251138
PZ7_Adamiak_1.pdb	CU	19.632539138106047
PZ7_Adamiak_1.pdb	AU	19.28835371109174
PZ7_Adamiak_1.pdb	UU	16.388970749786875
PZ7_Adamiak_1.pdb	UU	13.70705831268591
PZ7_Adamiak_1.pdb	GU	12.226885120497078
PZ7_Adamiak_1.pdb	UU	11.845710035827151
PZ7_Adamiak_1.pdb	CU	15.281558707523638
PZ7_Adamiak_1.pdb	UU	19.747021667497865
PZ7_Adamiak_1.pdb	UU	16.465856219649396
PZ7_Adamiak_1.pdb	GU	14.163675205777764
PZ7_Adamiak_1.pdb	GU	15.279638553427114
PZ7_Adamiak_1.pdb	UU	15.80042401058517
PZ7_Adamiak_1.pdb	AU	16.331865135704664
PZ7_Adamiak_1.pdb	GU	15.837109410914346
PZ7_Adamiak_1.pdb	AU	13.794125331694946
PZ7_Adamiak_1.pdb	GU	12.074953129062102
PZ7_Adamiak_1.pdb	GU	12.100869356916373
PZ7_Adamiak_1.pdb	CU	16.04901756728052
PZ7_Adamiak_1.pdb	CU	15.099614685966218
PZ7_Adamiak_1.pdb	AU	16.324286123115844
PZ7_Adamiak_1.pdb	CU	17.293411867070002
PZ7_Adamiak_1.pdb	CC	18.40818688925016
PZ7_Adamiak_1.pdb	AC	16.46722611950066
PZ7_Adamiak_1.pdb	CU	14.733140191406521
PZ7_Adamiak_1.pdb	CU	14.144581342453138
PZ7_Adamiak_1.pdb	CG	15.023358993223594
PZ7_Adamiak_1.pdb	CU	16.13427003057035
PZ7_Adamiak_1.pdb	CG	16.2388052848077
PZ7_Adamiak_1.pdb	CG	16.20346133522335
PZ7_Adamiak_1.pdb	CU	15.316966287926808
PZ7_Adamiak_1.pdb	AC	14.631727686336111
PZ7_Adamiak_1.pdb	CG	14.022325550799057
PZ7_Adamiak_1.pdb	AC	12.56867393366517
PZ7_Adamiak_1.pdb	CG	12.874119206853097
PZ7_Adamiak_1.pdb	CG	15.06972106401822
PZ7_Adamiak_1.pdb	CC	19.792954305406713
PZ7_Adamiak_1.pdb	CC	17.384380987330783
PZ7_Adamiak_1.pdb	AC	18.514130890622226
PZ7_Adamiak_1.pdb	AC	16.31652109211677
PZ7_Adamiak_1.pdb	AA	18.803389856197903
PZ7_Adamiak_1.pdb	AC	15.721304971599318
PZ7_Adamiak_1.pdb	AA	13.23912583767751
PZ7_Adamiak_1.pdb	AU	13.667897996599608
PZ7_Adamiak_1.pdb	AU	15.186528579684866
PZ7_Adamiak_1.pdb	AG	17.50240564198075
PZ7_Adamiak_1.pdb	AU	19.116156168494047
PZ7_Adamiak_1.pdb	AG	16.478873512406203
PZ7_Adamiak_1.pdb	AG	15.50669538021241
PZ7_Adamiak_1.pdb	AU	13.912775262178297
PZ7_Adamiak_1.pdb	AA	13.13200265584705
PZ7_Adamiak_1.pdb	AG	13.942442238849752
PZ7_Adamiak_1.pdb	AA	14.458655185676882
PZ7_Adamiak_1.pdb	AG	16.72991955527504
PZ7_Adamiak_1.pdb	AG	19.56156237759156
PZ7_Adamiak_1.pdb	AC	18.83926792973216
PZ7_Adamiak_1.pdb	AA	18.980074152376805
PZ7_Adamiak_1.pdb	CC	17.74026297646721
PZ7_Adamiak_1.pdb	CC	16.714244434793454
PZ7_Adamiak_1.pdb	AC	13.628834922085108
PZ7_Adamiak_1.pdb	CC	11.36034601685989
PZ7_Adamiak_1.pdb	AC	10.738657562499125
PZ7_Adamiak_1.pdb	CU	13.394773240550787
PZ7_Adamiak_1.pdb	CU	16.051280373963362
PZ7_Adamiak_1.pdb	CG	18.78627079565888
PZ7_Adamiak_1.pdb	CG	15.17239888802669
PZ7_Adamiak_1.pdb	CG	13.787002551401114
PZ7_Adamiak_1.pdb	CU	12.606275958361795
PZ7_Adamiak_1.pdb	AC	13.20295596389085
PZ7_Adamiak_1.pdb	CG	16.100901230986807
PZ7_Adamiak_1.pdb	AC	18.25968751184225
PZ7_Adamiak_1.pdb	CC	19.583521882892267
PZ7_Adamiak_1.pdb	AC	18.14136932214873
PZ7_Adamiak_1.pdb	AC	17.341774743766763
PZ7_Adamiak_1.pdb	AC	19.316879550513637
PZ7_Adamiak_1.pdb	CU	19.555144783501596
PZ7_Adamiak_1.pdb	CG	19.73989312042136
PZ7_Adamiak_1.pdb	AC	17.446528327559506
PZ7_Adamiak_1.pdb	AC	14.911369497203834
PZ7_Adamiak_1.pdb	CC	10.970486985779294
PZ7_Adamiak_1.pdb	AC	8.272339813733376
PZ7_Adamiak_1.pdb	CC	7.8394372706874735
PZ7_Adamiak_1.pdb	AC	9.396000530560508
PZ7_Adamiak_1.pdb	CU	13.407783308450384
PZ7_Adamiak_1.pdb	CU	16.393907181427792
PZ7_Adamiak_1.pdb	CG	19.1112660393924
PZ7_Adamiak_1.pdb	CU	19.660558895929654
PZ7_Adamiak_1.pdb	CU	19.79635177227108
PZ7_Adamiak_1.pdb	CG	13.852291747898873
PZ7_Adamiak_1.pdb	CG	13.114709598237733
PZ7_Adamiak_1.pdb	CU	13.636690857572631
PZ7_Adamiak_1.pdb	AC	16.165264647048904
PZ7_Adamiak_1.pdb	AC	17.862985939700863
PZ7_Adamiak_1.pdb	AU	19.293173272511833
PZ7_Adamiak_1.pdb	AU	17.81179079828555
PZ7_Adamiak_1.pdb	AU	13.880637008003498
PZ7_Adamiak_1.pdb	CU	9.679706405982484
PZ7_Adamiak_1.pdb	AU	8.998756884380219
PZ7_Adamiak_1.pdb	CU	10.726350857697948
PZ7_Adamiak_1.pdb	AU	12.639344319388217
PZ7_Adamiak_1.pdb	UU	16.03588764139039
PZ7_Adamiak_1.pdb	UU	18.037731326630883
PZ7_Adamiak_1.pdb	GU	19.65710659691949
PZ7_Adamiak_1.pdb	UU	17.568030347258517
PZ7_Adamiak_1.pdb	UU	17.639227471389745
PZ7_Adamiak_1.pdb	GU	11.58516655795472
PZ7_Adamiak_1.pdb	GU	10.399456003877082
PZ7_Adamiak_1.pdb	UU	11.79323550206233
PZ7_Adamiak_1.pdb	AU	15.573934559522083
PZ7_Adamiak_1.pdb	CU	19.241848099791348
PZ7_Adamiak_1.pdb	AU	15.11233403169583
PZ7_Adamiak_1.pdb	CU	18.13303960148769
PZ7_Adamiak_1.pdb	CU	16.31214758070078
PZ7_Adamiak_1.pdb	CG	18.761009799770175
PZ7_Adamiak_1.pdb	AC	19.706084339168715
PZ7_Adamiak_1.pdb	AC	14.691608393205312
PZ7_Adamiak_1.pdb	AC	10.259889905673342
PZ7_Adamiak_1.pdb	CC	8.633444150330083
PZ7_Adamiak_1.pdb	AC	10.63208113853338
PZ7_Adamiak_1.pdb	CC	12.366001802981625
PZ7_Adamiak_1.pdb	AC	12.76493056184536
PZ7_Adamiak_1.pdb	CU	14.38610160067913
PZ7_Adamiak_1.pdb	CU	14.953530749515965
PZ7_Adamiak_1.pdb	CG	15.620504315519574
PZ7_Adamiak_1.pdb	CU	15.832833819084493
PZ7_Adamiak_1.pdb	CG	19.493645772110295
PZ7_Adamiak_1.pdb	AC	14.785785122523011
PZ7_Adamiak_1.pdb	CU	11.72873980293892
PZ7_Adamiak_1.pdb	CU	13.079563591027204
PZ7_Adamiak_1.pdb	CG	8.42661634592719
PZ7_Adamiak_1.pdb	CG	10.673410554284198
PZ7_Adamiak_1.pdb	CU	14.731549143450492
PZ7_Adamiak_1.pdb	AC	19.517711666823132
PZ7_Adamiak_1.pdb	CC	19.817649471674688
PZ7_Adamiak_1.pdb	AC	14.50931893520187
PZ7_Adamiak_1.pdb	CC	17.79232197296969
PZ7_Adamiak_1.pdb	CG	19.689939196634075
PZ7_Adamiak_1.pdb	AC	15.548898602894585
PZ7_Adamiak_1.pdb	AC	11.046088841949436
PZ7_Adamiak_1.pdb	CC	12.060566221154318
PZ7_Adamiak_1.pdb	AC	15.453530905880568
PZ7_Adamiak_1.pdb	CC	17.135158326284955
PZ7_Adamiak_1.pdb	AC	16.551240495586363
PZ7_Adamiak_1.pdb	CU	16.40069483022527
PZ7_Adamiak_1.pdb	CU	15.109430339827082
PZ7_Adamiak_1.pdb	CG	13.978301560796272
PZ7_Adamiak_1.pdb	CU	13.17954182049097
PZ7_Adamiak_1.pdb	CC	18.58134725421801
PZ7_Adamiak_1.pdb	CU	18.710582084045257
PZ7_Adamiak_1.pdb	CG	14.078710325884922
PZ7_Adamiak_1.pdb	AC	9.182591499066357
PZ7_Adamiak_1.pdb	CU	6.270673349342971
PZ7_Adamiak_1.pdb	CU	9.330487427275484
PZ7_Adamiak_1.pdb	CG	7.849007420175857
PZ7_Adamiak_1.pdb	CG	12.501671854621277
PZ7_Adamiak_1.pdb	CU	17.893880230569906
PZ7_Adamiak_1.pdb	AC	14.734205651971932
PZ7_Adamiak_1.pdb	CC	17.712081289406036
PZ7_Adamiak_1.pdb	AA	16.400787222062412
PZ7_Adamiak_1.pdb	AA	12.569173816089531
PZ7_Adamiak_1.pdb	AA	10.027404545316214
PZ7_Adamiak_1.pdb	AC	13.466144919205048
PZ7_Adamiak_1.pdb	AA	16.79495671293153
PZ7_Adamiak_1.pdb	AC	17.75230228886364
PZ7_Adamiak_1.pdb	AA	16.45026013502115
PZ7_Adamiak_1.pdb	AU	15.368438927092763
PZ7_Adamiak_1.pdb	AU	13.86585159792214
PZ7_Adamiak_1.pdb	AG	13.305897806644422
PZ7_Adamiak_1.pdb	AU	14.11358768567635
PZ7_Adamiak_1.pdb	AC	19.0931114680636
PZ7_Adamiak_1.pdb	AU	17.406835848232248
PZ7_Adamiak_1.pdb	AG	11.901846745066644
PZ7_Adamiak_1.pdb	AA	6.865700729497302
PZ7_Adamiak_1.pdb	AU	8.108920051203212
PZ7_Adamiak_1.pdb	AU	12.828085769247767
PZ7_Adamiak_1.pdb	AG	13.047537575813903
PZ7_Adamiak_1.pdb	AG	18.17835822365508
PZ7_Adamiak_1.pdb	AA	10.351160294603737
PZ7_Adamiak_1.pdb	AA	11.123273160450685
PZ7_Adamiak_1.pdb	AC	15.416022911093606
PZ7_Adamiak_1.pdb	AA	17.682077001905153
PZ7_Adamiak_1.pdb	AC	17.443896705308955
PZ7_Adamiak_1.pdb	AA	15.40359580584953
PZ7_Adamiak_1.pdb	AU	13.670003080777077
PZ7_Adamiak_1.pdb	AU	12.785737335243565
PZ7_Adamiak_1.pdb	AG	13.864740939720509
PZ7_Adamiak_1.pdb	AU	16.640290426285784
PZ7_Adamiak_1.pdb	AU	19.87782530189151
PZ7_Adamiak_1.pdb	AG	14.170111712680677
PZ7_Adamiak_1.pdb	AA	10.53056167337646
PZ7_Adamiak_1.pdb	AU	13.332278922720755
PZ7_Adamiak_1.pdb	AU	17.789014828672304
PZ7_Adamiak_1.pdb	AG	17.869896202769205
PZ7_Adamiak_1.pdb	AU	12.317104742102424
PZ7_Adamiak_1.pdb	CU	16.163732685045485
PZ7_Adamiak_1.pdb	AU	16.955076337367473
PZ7_Adamiak_1.pdb	CU	15.55209731805733
PZ7_Adamiak_1.pdb	AU	13.314187375246847
PZ7_Adamiak_1.pdb	UU	12.024543761985946
PZ7_Adamiak_1.pdb	UU	13.060699945063945
PZ7_Adamiak_1.pdb	GU	16.238303824463515
PZ7_Adamiak_1.pdb	GU	19.376463928809894
PZ7_Adamiak_1.pdb	AU	16.13238860988662
PZ7_Adamiak_1.pdb	UU	18.56784189333945
PZ7_Adamiak_1.pdb	CG	16.629885713030216
PZ7_Adamiak_1.pdb	AG	15.912503844911882
PZ7_Adamiak_1.pdb	CG	13.719914438835128
PZ7_Adamiak_1.pdb	AG	12.282004314446715
PZ7_Adamiak_1.pdb	GU	12.726813377203287
PZ7_Adamiak_1.pdb	GU	15.890290896767953
PZ7_Adamiak_1.pdb	AA	15.9245453587429
PZ7_Adamiak_1.pdb	AC	15.448556196717094
PZ7_Adamiak_1.pdb	AA	15.754766846290735
PZ7_Adamiak_1.pdb	AU	17.21538439504004
PZ7_Adamiak_1.pdb	AC	12.671136636609832
PZ7_Adamiak_1.pdb	AA	13.943542009793346
PZ7_Adamiak_1.pdb	AU	16.170696475917055
PZ7_Adamiak_1.pdb	AU	18.79529915635862
PZ7_Adamiak_1.pdb	AA	19.071262003058006
PZ7_Adamiak_1.pdb	AA	15.007702734725495
PZ7_Adamiak_1.pdb	AU	17.501644799506156
PZ7_Adamiak_1.pdb	AU	19.280155191144768
PZ7_Adamiak_1.pdb	AA	16.402239841524157
PZ7_Adamiak_1.pdb	AU	16.434466673506115
PZ7_Adamiak_1.pdb	AG	17.83755785452645
PZ7_Adamiak_1.pdb	CU	17.752351284060556
PZ7_Adamiak_1.pdb	AC	19.697170970429923
PZ7_Adamiak_1.pdb	CU	18.23086696930509
PZ7_Adamiak_1.pdb	CG	16.855102504445018
PZ7_Adamiak_1.pdb	CG	17.990243951836202
PZ7_Adamiak_1.pdb	AU	19.703050682103367
PZ7_Adamiak_1.pdb	AG	18.738829861508634
PZ7_Adamiak_1.pdb	AG	19.1030505245439
PZ7_Adamiak_1.pdb	CG	19.611382535820372
PZ7_Adamiak_1.pdb	AG	18.43658991139809
PZ7_Adamiak_1.pdb	AU	19.984978214778423
PZ7_Adamiak_1.pdb	UU	19.613282135649985
PZ7_Adamiak_1.pdb	GU	17.87668815577963
PZ7_Adamiak_1.pdb	GU	18.112055238150205
PZ7_Adamiak_1.pdb	AU	16.62152490411341
PZ7_Adamiak_1.pdb	UU	16.468125487073937
PZ7_Adamiak_1.pdb	UU	17.28801852802944
PZ7_Adamiak_1.pdb	GU	15.903990558270335
PZ7_Adamiak_1.pdb	GU	17.541076826504142
PZ7_Adamiak_1.pdb	GG	13.743974682276278
PZ7_Adamiak_1.pdb	AG	13.498526539868013
PZ7_Adamiak_1.pdb	GU	13.048600516380038
PZ7_Adamiak_1.pdb	GU	13.071768937251788
PZ7_Adamiak_1.pdb	GG	13.631668247863608
PZ7_Adamiak_1.pdb	GG	18.565065831755927
PZ7_Adamiak_1.pdb	AG	19.982840423753085
PZ7_Adamiak_1.pdb	GU	18.017917465461913
PZ7_Adamiak_1.pdb	UU	14.390802225174864
PZ7_Adamiak_1.pdb	GU	11.813800246604657
PZ7_Adamiak_1.pdb	AU	12.230177931936524
PZ7_Adamiak_1.pdb	UU	10.323214845222564
PZ7_Adamiak_1.pdb	UU	8.554050569308648
PZ7_Adamiak_1.pdb	GU	10.918304190650598
PZ7_Adamiak_1.pdb	GU	16.028378075708662
PZ7_Adamiak_1.pdb	CU	18.602639044990173
PZ7_Adamiak_1.pdb	AU	16.16841999204245
PZ7_Adamiak_1.pdb	CU	19.527825907956185
PZ7_Adamiak_1.pdb	AC	18.022325762338948
PZ7_Adamiak_1.pdb	CU	15.732647596441545
PZ7_Adamiak_1.pdb	CG	14.285282234332106
PZ7_Adamiak_1.pdb	CU	12.24801957105367
PZ7_Adamiak_1.pdb	CG	12.336869780186337
PZ7_Adamiak_1.pdb	AC	15.173701084441554
PZ7_Adamiak_1.pdb	CU	14.087079759915506
PZ7_Adamiak_1.pdb	CU	11.77665100056046
PZ7_Adamiak_1.pdb	CG	16.021377338597766
PZ7_Adamiak_1.pdb	AC	19.551949538675323
PZ7_Adamiak_1.pdb	GU	19.71836713008939
PZ7_Adamiak_1.pdb	GU	18.264557954416986
PZ7_Adamiak_1.pdb	AG	16.04745033590701
PZ7_Adamiak_1.pdb	GU	13.516270884426147
PZ7_Adamiak_1.pdb	GG	12.806602511253596
PZ7_Adamiak_1.pdb	GU	12.793513390075407
PZ7_Adamiak_1.pdb	GG	15.143029707871365
PZ7_Adamiak_1.pdb	AG	19.334475502600338
PZ7_Adamiak_1.pdb	GU	19.034663090071195
PZ7_Adamiak_1.pdb	GU	16.906270618460187
PZ7_Adamiak_1.pdb	UU	17.958293556098873
PZ7_Adamiak_1.pdb	UU	16.052656088617507
PZ7_Adamiak_1.pdb	AU	13.664025635730457
PZ7_Adamiak_1.pdb	UU	11.925573458833059
PZ7_Adamiak_1.pdb	GU	13.12068822281833
PZ7_Adamiak_1.pdb	UU	15.520430269417442
PZ7_Adamiak_1.pdb	GU	19.298964552910476
PZ7_Adamiak_1.pdb	AU	18.75346263413955
PZ7_Adamiak_1.pdb	AG	17.66217607876065
PZ7_Adamiak_1.pdb	AA	19.310454814275776
PZ7_Adamiak_1.pdb	AU	19.970525061705292
PZ7_Adamiak_1.pdb	AG	18.224498096968855
PZ7_Adamiak_1.pdb	AU	15.001111488614635
PZ7_Adamiak_1.pdb	AU	13.008863655992185
PZ7_Adamiak_1.pdb	AA	11.467725577344263
PZ7_Adamiak_1.pdb	AU	12.041073958463706
PZ7_Adamiak_1.pdb	AG	15.661775727568678
PZ7_Adamiak_1.pdb	AU	19.800304189116044
PZ7_Adamiak_1.pdb	AC	18.654733031267387
PZ7_Adamiak_1.pdb	AC	19.849744926924714
PZ7_Adamiak_1.pdb	GU	17.238119610322123
PZ7_Adamiak_1.pdb	GU	13.903790542201486
PZ7_Adamiak_1.pdb	GG	13.492701188535284
PZ7_Adamiak_1.pdb	AG	17.36287475001616
PZ7_Adamiak_1.pdb	CG	18.334069054519027
PZ7_Adamiak_1.pdb	GU	19.169822308223388
PZ7_Adamiak_1.pdb	AG	17.917481634839962
PZ7_Adamiak_1.pdb	CG	19.506311813197957
PZ7_Adamiak_1.pdb	GU	17.741732663899935
PZ7_Adamiak_1.pdb	GG	15.766408262914618
PZ7_Adamiak_1.pdb	GU	12.68654084797968
PZ7_Adamiak_1.pdb	GU	11.723167403169674
PZ7_Adamiak_1.pdb	AG	12.2325569625041
PZ7_Adamiak_1.pdb	GU	15.029142931167645
PZ7_Adamiak_1.pdb	GG	19.837807877414605
PZ7_Adamiak_1.pdb	CG	18.93844513875071
PZ7_Adamiak_1.pdb	CG	15.693077660685452
PZ7_Adamiak_1.pdb	CG	17.287325253237675
PZ7_Adamiak_1.pdb	CU	10.225770951096198
PZ7_Adamiak_1.pdb	CG	11.894863870477591
PZ7_Adamiak_1.pdb	AC	16.950993792295748
PZ7_Adamiak_1.pdb	CC	18.690105745733447
PZ7_Adamiak_1.pdb	CU	19.602463994823083
PZ7_Adamiak_1.pdb	AC	17.650969164960998
PZ7_Adamiak_1.pdb	CC	17.834659249553717
PZ7_Adamiak_1.pdb	CU	15.671343334844213
PZ7_Adamiak_1.pdb	CG	13.370794331468717
PZ7_Adamiak_1.pdb	CU	10.910677470337978
PZ7_Adamiak_1.pdb	CU	11.664575004168151
PZ7_Adamiak_1.pdb	AC	14.380534037221013
PZ7_Adamiak_1.pdb	CU	18.663362804861187
PZ7_Adamiak_1.pdb	CC	16.292681227242586
PZ7_Adamiak_1.pdb	CC	12.968122413357849
PZ7_Adamiak_1.pdb	CC	15.376785254141623
PZ7_Adamiak_1.pdb	AG	12.641010012369016
PZ7_Adamiak_1.pdb	AA	17.88214975712222
PZ7_Adamiak_1.pdb	AC	19.509387923293914
PZ7_Adamiak_1.pdb	AU	19.86449396277889
PZ7_Adamiak_1.pdb	AA	17.084060224089686
PZ7_Adamiak_1.pdb	AC	15.598276115717232
PZ7_Adamiak_1.pdb	AU	13.32993239578597
PZ7_Adamiak_1.pdb	AG	11.47758716901299
PZ7_Adamiak_1.pdb	AU	11.027367457902432
PZ7_Adamiak_1.pdb	AU	14.14002292045469
PZ7_Adamiak_1.pdb	AA	18.422115849326286
PZ7_Adamiak_1.pdb	AU	18.875883770944643
PZ7_Adamiak_1.pdb	AG	19.103919635639453
PZ7_Adamiak_1.pdb	AC	14.849031928005537
PZ7_Adamiak_1.pdb	AC	12.71990335406773
PZ7_Adamiak_1.pdb	AC	16.4899493581157
PZ7_Adamiak_1.pdb	AG	19.089206512374705
PZ7_Adamiak_1.pdb	AA	17.66406665935502
PZ7_Adamiak_1.pdb	AG	18.259702172621314
PZ7_Adamiak_1.pdb	AG	19.984735730603152
PZ7_Adamiak_1.pdb	CG	18.440441605553477
PZ7_Adamiak_1.pdb	GU	16.83672333320131
PZ7_Adamiak_1.pdb	GG	15.538725500591477
PZ7_Adamiak_1.pdb	GU	15.584737488189909
PZ7_Adamiak_1.pdb	GU	18.53631816244641
PZ7_Adamiak_1.pdb	CG	18.129533393970753
PZ7_Adamiak_1.pdb	CG	15.919552020887858
PZ7_Adamiak_1.pdb	CG	19.08409633826767
PZ7_Adamiak_1.pdb	GG	18.076615937139564
PZ7_Adamiak_1.pdb	AG	15.416449152653342
PZ7_Adamiak_1.pdb	GG	16.74469069065063
PZ7_Adamiak_1.pdb	CU	17.815625193278397
PZ7_Adamiak_1.pdb	UU	18.7020651478437
PZ7_Adamiak_1.pdb	AU	16.766093920001428
PZ7_Adamiak_1.pdb	CU	15.497026299074063
PZ7_Adamiak_1.pdb	UU	15.306955599289015
PZ7_Adamiak_1.pdb	GU	15.901090641261217
PZ7_Adamiak_1.pdb	UU	17.456803515654556
PZ7_Adamiak_1.pdb	CU	19.275505501470665
PZ7_Adamiak_1.pdb	CU	19.36788642040143
PZ7_Adamiak_1.pdb	AU	17.54234884094856
PZ7_Adamiak_1.pdb	GU	18.553738981704345
PZ7_Adamiak_1.pdb	UU	14.590120618870444
PZ7_Adamiak_1.pdb	AU	13.933859517602427
PZ7_Adamiak_1.pdb	CU	14.9590081684058
PZ7_Adamiak_1.pdb	UU	15.66567914300592
PZ7_Adamiak_1.pdb	GU	16.780561969113148
PZ7_Adamiak_1.pdb	UU	17.729594723202982
PZ7_Adamiak_1.pdb	AG	15.835314572244766
PZ7_Adamiak_1.pdb	CG	19.043205843347668
PZ7_Adamiak_1.pdb	AU	19.096539534523583
PZ7_Adamiak_1.pdb	AG	17.058799042190543
PZ7_Adamiak_1.pdb	AC	14.83144349424306
PZ7_Adamiak_1.pdb	AU	16.216244281239874
PZ7_Adamiak_1.pdb	AA	18.388910078652113
PZ7_Adamiak_1.pdb	CG	18.11903149408042
PZ7_Adamiak_1.pdb	CG	13.533862418421588
PZ7_Adamiak_1.pdb	CC	9.855420042641478
PZ7_Adamiak_1.pdb	CU	9.69824583437532
PZ7_Adamiak_1.pdb	AC	11.659695381346415
PZ7_Adamiak_1.pdb	AC	15.984557530750257
PZ7_Adamiak_1.pdb	CG	18.860839898197955
PZ7_Adamiak_1.pdb	CC	16.650253608708923
PZ7_Adamiak_1.pdb	AC	19.115841610303917
PZ7_Adamiak_1.pdb	CC	19.962673829244224
PZ7_Adamiak_1.pdb	GU	18.292349685621666
PZ7_Adamiak_1.pdb	GU	13.291727588746522
PZ7_Adamiak_1.pdb	CU	7.966131213366288
PZ7_Adamiak_1.pdb	UU	6.719416401054949
PZ7_Adamiak_1.pdb	AU	10.541809373231862
PZ7_Adamiak_1.pdb	AU	13.665769394816133
PZ7_Adamiak_1.pdb	GU	19.001188129865987
PZ7_Adamiak_1.pdb	CU	19.134652005351704
PZ7_Adamiak_1.pdb	AU	19.98254686209162
PZ7_Adamiak_1.pdb	GU	18.555389832434866
PZ7_Adamiak_1.pdb	CU	18.5041848397231
PZ7_Adamiak_1.pdb	AU	19.92369834919516
PZ7_Adamiak_1.pdb	GU	15.189139302977429
PZ7_Adamiak_1.pdb	CU	14.500926480560416
PZ7_Adamiak_1.pdb	CU	17.0995699070958
PZ7_Adamiak_1.pdb	GG	16.6356253855809
PZ7_Adamiak_1.pdb	CG	11.057727878521657
PZ7_Adamiak_1.pdb	GU	9.420164115226953
PZ7_Adamiak_1.pdb	AG	13.738722517391395
PZ7_Adamiak_1.pdb	AG	14.750954411949651
PZ7_Adamiak_1.pdb	GG	19.968679536111306
PZ7_Adamiak_1.pdb	AG	19.601154131662522
PZ7_Adamiak_1.pdb	GG	17.018637475520144
PZ7_Adamiak_1.pdb	CG	17.079562710090496
PZ7_Adamiak_1.pdb	AG	15.899917499624749
PZ7_Adamiak_1.pdb	AG	16.25623666470063
PZ7_Adamiak_1.pdb	GG	10.490141601029006
PZ7_Adamiak_1.pdb	CG	8.626094583602304
PZ7_Adamiak_1.pdb	CG	11.26035815178551
PZ7_Adamiak_1.pdb	CG	17.192358256735098
PZ7_Adamiak_1.pdb	GG	19.674330585450274
PZ7_Adamiak_1.pdb	CU	15.667943030137277
PZ7_Adamiak_1.pdb	UU	14.906657701596004
PZ7_Adamiak_1.pdb	AU	19.346082999069512
PZ7_Adamiak_1.pdb	AU	19.673768430843207
PZ7_Adamiak_1.pdb	GU	19.680012901765817
PZ7_Adamiak_1.pdb	CU	18.96908010324609
PZ7_Adamiak_1.pdb	AU	15.47610735035279
PZ7_Adamiak_1.pdb	AU	15.36067664205866
PZ7_Adamiak_1.pdb	GU	11.141131303306453
PZ7_Adamiak_1.pdb	CU	6.7567179620453475
PZ7_Adamiak_1.pdb	CU	6.879431289598115
PZ7_Adamiak_1.pdb	CU	12.16019375525272
PZ7_Adamiak_1.pdb	GU	18.094926708929567
PZ7_Adamiak_1.pdb	GU	19.81358409190218
PZ7_Adamiak_1.pdb	AU	16.958451461809393
PZ7_Adamiak_1.pdb	AU	16.798250913953197
PZ7_Adamiak_1.pdb	GU	14.784209925250593
PZ7_Adamiak_1.pdb	CU	9.768921320569204
PZ7_Adamiak_1.pdb	CU	6.744137317975774
PZ7_Adamiak_1.pdb	CU	8.630178645047575
PZ7_Adamiak_1.pdb	GU	14.027006151046532
PZ7_Adamiak_1.pdb	CU	19.185311531615376
PZ7_Adamiak_1.pdb	AU	19.488643238616575
PZ7_Adamiak_1.pdb	AG	19.918951108811335
PZ7_Adamiak_1.pdb	AC	15.25469675197998
PZ7_Adamiak_1.pdb	AC	11.940100714592635
PZ7_Adamiak_1.pdb	AC	11.12690951919735
PZ7_Adamiak_1.pdb	AG	14.803107639263168
PZ7_Adamiak_1.pdb	UU	19.801655358479625
PZ7_Adamiak_1.pdb	UU	18.104677773421827
PZ7_Adamiak_1.pdb	CU	17.54348275267345
PZ7_Adamiak_1.pdb	CU	16.371292138324552
PZ7_Adamiak_1.pdb	GU	19.072194713088756
PZ7_Adamiak_1.pdb	GU	16.878571905477983
PZ7_Adamiak_1.pdb	GU	16.7222443517725
PZ7_Adamiak_1.pdb	UU	14.092970376179728
PZ7_Adamiak_1.pdb	GG	16.97155537069296
PZ7_Adamiak_1.pdb	AG	19.720697020671714
PZ7_Adamiak_1.pdb	AU	14.872702519785024
PZ7_Adamiak_1.pdb	CU	17.642109014894825
PZ7_Adamiak_1.pdb	AU	19.263360736006202
PZ7_Adamiak_1.pdb	CU	15.450284237799726
PZ7_Adamiak_1.pdb	AU	10.705473302616165
PZ7_Adamiak_1.pdb	CU	13.934599218441724
PZ7_Adamiak_1.pdb	AU	14.634746855034498
PZ7_Adamiak_1.pdb	GG	18.722986224089933
PZ7_Adamiak_1.pdb	CG	12.869390101891115
PZ7_Adamiak_1.pdb	AG	7.636863753277925
PZ7_Adamiak_1.pdb	CG	11.946569615949715
PZ7_Adamiak_1.pdb	AG	14.646730022543876
PZ7_Adamiak_1.pdb	AG	19.234470755930857
PZ7_Adamiak_1.pdb	AG	19.16539847065227
PZ7_Adamiak_1.pdb	GG	14.510771713958562
PZ7_Adamiak_1.pdb	CG	9.500736013768401
PZ7_Adamiak_1.pdb	AG	4.781395064636446
PZ7_Adamiak_1.pdb	CG	8.786903818472663
PZ7_Adamiak_1.pdb	AG	12.749380423235953
PZ7_Adamiak_1.pdb	AG	19.629905532329015
PZ7_Adamiak_1.pdb	GU	18.31482075756187
PZ7_Adamiak_1.pdb	GU	19.147348672167706
PZ7_Adamiak_1.pdb	AU	15.638030934042819
PZ7_Adamiak_1.pdb	GU	12.392237998586817
PZ7_Adamiak_1.pdb	CU	8.928268300940411
PZ7_Adamiak_1.pdb	AU	8.357929813109518
PZ7_Adamiak_1.pdb	CU	11.180879464659359
PZ7_Adamiak_1.pdb	AU	14.820234894849039
PZ7_Adamiak_1.pdb	AG	17.677244008502505
PZ7_Adamiak_1.pdb	AC	19.896069074611606
PZ7_Adamiak_1.pdb	AC	17.553341893730735
PZ7_Adamiak_1.pdb	AA	13.989629667375128
PZ7_Adamiak_1.pdb	AG	12.91334405831567
PZ7_Adamiak_1.pdb	AC	11.141890025908376
PZ7_Adamiak_1.pdb	AA	13.48311818248522
PZ7_Adamiak_1.pdb	AC	16.042495089564092
PZ7_Adamiak_1.pdb	AA	18.654049748884262
PZ7_Adamiak_1.pdb	CG	17.43159567816431
PZ7_Adamiak_1.pdb	GU	19.561879852159223
PZ7_Adamiak_1.pdb	CG	19.959534145011183
PZ7_Adamiak_1.pdb	AG	16.610586529744957
PZ7_Adamiak_1.pdb	CG	15.521332603026515
PZ7_Adamiak_1.pdb	AG	13.516729028019697
PZ7_Adamiak_1.pdb	GG	14.052532544708825
PZ7_Adamiak_1.pdb	CG	13.061974722927197
PZ7_Adamiak_1.pdb	AG	17.370141350403305
PZ7_Adamiak_1.pdb	AU	17.545503606490406
PZ7_Adamiak_1.pdb	AA	19.60145475348874
PZ7_Adamiak_1.pdb	AC	18.384798004515396
PZ7_Adamiak_1.pdb	AA	16.21281284812193
PZ7_Adamiak_1.pdb	AC	16.91012364581546
PZ7_Adamiak_1.pdb	AA	15.775118763385969
PZ7_Adamiak_1.pdb	AG	16.32074257236544
PZ7_Adamiak_1.pdb	AC	14.771648695741423
PZ7_Adamiak_1.pdb	AA	19.745127440397667
PZ7_Adamiak_1.pdb	AG	17.263989362036053
PZ7_Adamiak_1.pdb	CG	18.798077346271178
PZ7_Adamiak_1.pdb	AG	17.181152543605297
PZ7_Adamiak_1.pdb	CG	18.711836242006434
PZ7_Adamiak_1.pdb	AG	17.68786588346005
PZ7_Adamiak_1.pdb	GG	17.53711770936601
PZ7_Adamiak_1.pdb	CG	15.381040555187418
PZ7_Adamiak_1.pdb	AG	19.86547524560166
PZ7_Adamiak_1.pdb	CG	19.99218724869296
PZ7_Adamiak_1.pdb	AG	17.799491270256887
PZ7_Adamiak_1.pdb	CG	18.8898133899016
PZ7_Adamiak_1.pdb	AG	17.372805886414856
PZ7_Adamiak_1.pdb	GG	16.243316486708434
PZ7_Adamiak_1.pdb	CG	13.851569390040595
PZ7_Adamiak_1.pdb	AG	19.14217612428365
PZ7_Adamiak_1.pdb	CG	19.89531805443422
PZ7_Adamiak_1.pdb	CC	19.749402262504937
PZ7_Adamiak_1.pdb	AC	16.832318158436486
PZ7_Adamiak_1.pdb	CC	17.316881553752616
PZ7_Adamiak_1.pdb	AC	15.705085046124887
PZ7_Adamiak_1.pdb	CG	14.241053231159365
PZ7_Adamiak_1.pdb	CC	13.04388538352942
PZ7_Adamiak_1.pdb	AC	18.626957879226808
PZ7_Adamiak_1.pdb	AC	17.719361519778392
PZ7_Adamiak_1.pdb	CG	16.30353694091935
PZ7_Adamiak_1.pdb	CC	17.721719775240366
PZ7_Adamiak_1.pdb	UU	19.15519224668704
PZ7_Adamiak_1.pdb	CU	17.90156284439027
PZ7_Adamiak_1.pdb	AU	18.374188070477874
PZ7_Adamiak_1.pdb	GU	19.031678238058557
PZ7_Adamiak_1.pdb	CU	17.223955492946832
PZ7_Adamiak_1.pdb	AU	13.966491107471269
PZ7_Adamiak_1.pdb	CU	14.388102479544118
PZ7_Adamiak_1.pdb	AU	13.74855850787593
PZ7_Adamiak_1.pdb	GU	13.466822309334011
PZ7_Adamiak_1.pdb	CU	14.745664910870406
PZ7_Adamiak_1.pdb	AU	17.8581257179715
PZ7_Adamiak_1.pdb	AU	19.43881951553078
PZ7_Adamiak_1.pdb	GU	13.683556473340927
PZ7_Adamiak_1.pdb	CU	15.558755974379087
PZ7_Adamiak_1.pdb	CU	19.90679041536306
PZ7_Adamiak_1.pdb	AG	17.021865452926818
PZ7_Adamiak_1.pdb	AG	17.5332159903544
PZ7_Adamiak_1.pdb	AC	12.878250932419569
PZ7_Adamiak_1.pdb	AA	13.177698750209501
PZ7_Adamiak_1.pdb	AG	14.10050322648083
PZ7_Adamiak_1.pdb	AC	13.049394411612571
PZ7_Adamiak_1.pdb	AA	10.890291289487223
PZ7_Adamiak_1.pdb	AC	12.997923984362574
PZ7_Adamiak_1.pdb	AA	14.636431288486582
PZ7_Adamiak_1.pdb	AG	16.465313117694187
PZ7_Adamiak_1.pdb	AC	19.272769034859646
PZ7_Adamiak_1.pdb	AG	16.927036142690504
PZ7_Adamiak_1.pdb	AC	19.191609533725348
PZ7_Adamiak_1.pdb	AA	19.2650189287305
PZ7_Adamiak_1.pdb	AG	18.688063870515407
PZ7_Adamiak_1.pdb	AC	14.580865119251278
PZ7_Adamiak_1.pdb	AA	15.692664591771468
PZ7_Adamiak_1.pdb	AG	16.497560139294475
PZ7_Adamiak_1.pdb	AC	15.182296939712185
PZ7_Adamiak_1.pdb	AA	12.241921288739421
PZ7_Adamiak_1.pdb	AC	12.735177336687372
PZ7_Adamiak_1.pdb	AA	14.691421626261162
PZ7_Adamiak_1.pdb	AG	16.911200529710502
PZ7_Adamiak_1.pdb	AG	15.231628798126085
PZ7_Adamiak_1.pdb	AC	17.803345017292383
PZ7_Adamiak_1.pdb	AG	18.40574545752409
PZ7_Adamiak_1.pdb	AA	17.667380925198447
PZ7_Adamiak_1.pdb	GG	19.84373805646936
PZ7_Adamiak_1.pdb	CG	15.57945157304079
PZ7_Adamiak_1.pdb	AG	15.581952304340085
PZ7_Adamiak_1.pdb	GG	15.335277233767409
PZ7_Adamiak_1.pdb	CG	13.738041357054598
PZ7_Adamiak_1.pdb	AG	11.205657238050795
PZ7_Adamiak_1.pdb	CG	11.799246542523516
PZ7_Adamiak_1.pdb	AG	15.257173668677352
PZ7_Adamiak_1.pdb	GG	18.87366776608007
PZ7_Adamiak_1.pdb	GG	18.633227204559848
PZ7_Adamiak_1.pdb	GG	19.893133447668877
PZ7_Adamiak_1.pdb	AG	19.162920188665158
PZ7_Adamiak_1.pdb	GU	19.85871982663496
PZ7_Adamiak_1.pdb	CU	15.655655833308815
PZ7_Adamiak_1.pdb	AU	14.42576215588883
PZ7_Adamiak_1.pdb	GU	13.362516660260336
PZ7_Adamiak_1.pdb	CU	12.419555876653927
PZ7_Adamiak_1.pdb	AU	11.870877492326539
PZ7_Adamiak_1.pdb	CU	13.823409519730205
PZ7_Adamiak_1.pdb	AU	18.49343889757438
PZ7_Adamiak_1.pdb	AG	17.973075746775944
PZ7_Adamiak_1.pdb	AG	16.792100158044114
PZ7_Adamiak_1.pdb	GU	16.70315856158294
PZ7_Adamiak_1.pdb	AG	17.23007586873311
PZ7_Adamiak_1.pdb	CG	17.7147746174019
PZ7_Adamiak_1.pdb	CG	17.829028017195537
PZ7_Adamiak_1.pdb	GG	16.49588684480381
PZ7_Adamiak_1.pdb	CG	13.313858874366536
PZ7_Adamiak_1.pdb	AG	12.489598154690947
PZ7_Adamiak_1.pdb	GG	12.760587926551093
PZ7_Adamiak_1.pdb	CG	14.394770175148123
PZ7_Adamiak_1.pdb	AG	16.22011951818123
PZ7_Adamiak_1.pdb	CG	19.544518107908246
PZ7_Adamiak_1.pdb	AU	19.930546484983697
PZ7_Adamiak_1.pdb	AC	17.835425852083052
PZ7_Adamiak_1.pdb	AC	15.836199754328446
PZ7_Adamiak_1.pdb	AA	14.522286268231154
PZ7_Adamiak_1.pdb	AA	14.94648362178172
PZ7_Adamiak_1.pdb	AU	15.883088775993041
PZ7_Adamiak_1.pdb	AA	16.729882082830972
PZ7_Adamiak_1.pdb	AC	17.002431987253825
PZ7_Adamiak_1.pdb	AC	16.595368531643718
PZ7_Adamiak_1.pdb	AG	15.049312486455339
PZ7_Adamiak_1.pdb	AC	12.861605403828394
PZ7_Adamiak_1.pdb	AA	11.572590710802608
PZ7_Adamiak_1.pdb	AG	12.581599406161077
PZ7_Adamiak_1.pdb	AC	16.079341650450267
PZ7_Adamiak_1.pdb	AA	19.6081392640668
PZ7_Adamiak_1.pdb	AC	19.908303624581738
PZ7_Adamiak_1.pdb	CG	15.986498456312349
PZ7_Adamiak_1.pdb	CC	13.481664174284811
PZ7_Adamiak_1.pdb	CC	13.166061969905622
PZ7_Adamiak_1.pdb	AC	13.736265891873101
PZ7_Adamiak_1.pdb	AC	15.679872999199208
PZ7_Adamiak_1.pdb	CU	17.058534153406363
PZ7_Adamiak_1.pdb	AC	17.63372851747252
PZ7_Adamiak_1.pdb	CC	17.248013161536907
PZ7_Adamiak_1.pdb	CC	16.035108834843495
PZ7_Adamiak_1.pdb	CG	14.27534439057583
PZ7_Adamiak_1.pdb	CC	13.466084709849815
PZ7_Adamiak_1.pdb	AC	12.260534495901199
PZ7_Adamiak_1.pdb	CG	14.231136037467882
PZ7_Adamiak_1.pdb	CC	18.981458309591368
PZ7_Adamiak_1.pdb	GU	18.849134682552315
PZ7_Adamiak_1.pdb	AG	15.30878823975141
PZ7_Adamiak_1.pdb	GG	11.750754508738712
PZ7_Adamiak_1.pdb	CG	11.34279401962848
PZ7_Adamiak_1.pdb	CG	12.968858248464535
PZ7_Adamiak_1.pdb	AG	14.30955840316964
PZ7_Adamiak_1.pdb	AG	16.193339060286515
PZ7_Adamiak_1.pdb	GU	16.803999329029107
PZ7_Adamiak_1.pdb	AG	16.39514200894726
PZ7_Adamiak_1.pdb	CG	15.155494459134127
PZ7_Adamiak_1.pdb	CG	13.51844241426289
PZ7_Adamiak_1.pdb	GG	12.680499864743043
PZ7_Adamiak_1.pdb	CG	14.292659168272971
PZ7_Adamiak_1.pdb	AG	15.062805132169927
PZ7_Adamiak_1.pdb	GG	18.57936074858507
PZ7_Adamiak_1.pdb	GU	19.199620047822897
PZ7_Adamiak_1.pdb	AG	17.096165324876928
PZ7_Adamiak_1.pdb	AG	12.690355293068734
PZ7_Adamiak_1.pdb	GG	11.071278855217004
PZ7_Adamiak_1.pdb	CG	12.906049972098156
PZ7_Adamiak_1.pdb	CG	15.354115137129648
PZ7_Adamiak_1.pdb	AG	16.498184633198246
PZ7_Adamiak_1.pdb	AG	17.596478584614825
PZ7_Adamiak_1.pdb	GU	17.120903881056957
PZ7_Adamiak_1.pdb	AG	15.619952879566764
PZ7_Adamiak_1.pdb	CG	13.62734354738771
PZ7_Adamiak_1.pdb	CG	12.005547337441639
PZ7_Adamiak_1.pdb	GG	12.742465407918889
PZ7_Adamiak_1.pdb	CG	16.342586934348457
PZ7_Adamiak_1.pdb	AG	18.802171204386724
PZ7_Adamiak_1.pdb	GU	19.04641033559861
PZ7_Adamiak_1.pdb	AU	15.806382482545148
PZ7_Adamiak_1.pdb	AU	12.764731997771062
PZ7_Adamiak_1.pdb	GU	12.718327123757458
PZ7_Adamiak_1.pdb	CU	15.049783081751603
PZ7_Adamiak_1.pdb	CU	16.92076053408549
PZ7_Adamiak_1.pdb	AU	17.17860917263177
PZ7_Adamiak_1.pdb	AU	17.209546808703504
PZ7_Adamiak_1.pdb	UU	15.846354164792684
PZ7_Adamiak_1.pdb	AU	13.897181811294567
PZ7_Adamiak_1.pdb	CU	12.361887085244676
PZ7_Adamiak_1.pdb	CU	12.39280663009513
PZ7_Adamiak_1.pdb	GU	15.277575608012999
PZ7_Adamiak_1.pdb	CU	19.76247203680407
PZ7_Adamiak_1.pdb	AG	19.210829819244452
PZ7_Adamiak_1.pdb	AA	16.13118997505058
PZ7_Adamiak_1.pdb	AA	14.747155175706508
PZ7_Adamiak_1.pdb	AG	15.069302548368185
PZ7_Adamiak_1.pdb	AC	16.71522102532327
PZ7_Adamiak_1.pdb	AC	17.390695603615747
PZ7_Adamiak_1.pdb	AA	16.57435117443474
PZ7_Adamiak_1.pdb	AA	15.613828084309544
PZ7_Adamiak_1.pdb	AU	13.88638982558284
PZ7_Adamiak_1.pdb	AA	12.533827509445528
PZ7_Adamiak_1.pdb	AC	12.823712983696653
PZ7_Adamiak_1.pdb	AC	15.079581488289485
PZ7_Adamiak_1.pdb	AG	19.212211387914035
PZ7_Adamiak_1.pdb	CU	19.31201321304636
PZ7_Adamiak_1.pdb	AU	16.98401873829028
PZ7_Adamiak_1.pdb	AU	16.985241013378754
PZ7_Adamiak_1.pdb	GU	17.066451417444927
PZ7_Adamiak_1.pdb	CU	17.656130541802575
PZ7_Adamiak_1.pdb	CU	17.069231264308904
PZ7_Adamiak_1.pdb	AU	15.4533199924937
PZ7_Adamiak_1.pdb	AU	14.067045104523233
PZ7_Adamiak_1.pdb	UU	13.034759403430623
PZ7_Adamiak_1.pdb	AU	13.517570586000565
PZ7_Adamiak_1.pdb	CU	15.939953070107611
PZ7_Adamiak_1.pdb	CU	19.533402020881017
PZ7_Adamiak_1.pdb	GU	18.849222683243752
PZ7_Adamiak_1.pdb	UU	19.51017091137731
PZ7_Adamiak_1.pdb	AU	17.42034105168848
PZ7_Adamiak_1.pdb	AU	18.275116336328097
PZ7_Adamiak_1.pdb	GU	17.771570862134983
PZ7_Adamiak_1.pdb	CU	17.21395285312731
PZ7_Adamiak_1.pdb	CU	15.606210055574579
PZ7_Adamiak_1.pdb	AU	13.870884871729972
PZ7_Adamiak_1.pdb	AU	13.194575279965258
PZ7_Adamiak_1.pdb	UU	14.035435908810825
PZ7_Adamiak_1.pdb	AU	16.529838938720115
PZ7_Adamiak_1.pdb	GU	16.426627074561797
PZ7_Adamiak_1.pdb	AG	16.510402637659404
PZ7_Adamiak_1.pdb	AG	17.91210359089201
PZ7_Adamiak_1.pdb	GG	16.846093459847314
PZ7_Adamiak_1.pdb	CG	15.397915671300987
PZ7_Adamiak_1.pdb	CG	13.52148128742953
PZ7_Adamiak_1.pdb	AG	13.016302539015385
PZ7_Adamiak_1.pdb	AG	14.44835889946582
PZ7_Adamiak_1.pdb	GU	17.326978017033884
PZ7_Adamiak_1.pdb	AG	15.973562285360842
PZ7_Adamiak_1.pdb	AG	17.273778953420706
PZ7_Adamiak_1.pdb	GG	15.49351316648769
PZ7_Adamiak_1.pdb	CG	13.241045088846969
PZ7_Adamiak_1.pdb	CG	11.626838130034871
PZ7_Adamiak_1.pdb	AG	12.989727497169936
PZ7_Adamiak_1.pdb	AG	16.426819930980887
PZ7_Adamiak_1.pdb	AC	15.071271063364621
PZ7_Adamiak_1.pdb	CG	13.29540406500088
PZ7_Adamiak_1.pdb	CC	11.49938286519877
PZ7_Adamiak_1.pdb	CC	11.848619000761756
PZ7_Adamiak_1.pdb	AC	15.33205443005354
PZ7_Adamiak_1.pdb	AC	19.930205914109838
PZ7_Adamiak_1.pdb	GG	12.12097702379154
PZ7_Adamiak_1.pdb	CG	12.445746752251521
PZ7_Adamiak_1.pdb	CG	15.043435358288457
PZ7_Adamiak_1.pdb	AG	19.355402788561737
PZ7_Adamiak_1.pdb	CU	13.94554552579564
PZ7_Adamiak_1.pdb	CU	17.64772612252032
PZ7_Adamiak_1.pdb	AC	17.907981473685066
PZ7_Adamiak_1.pdb	AA	19.362571642684067
PZ7_Adamiak_1.pdb	AG	19.230311432699224
PZ7_Adamiak_1.pdb	CU	19.236136904262978
PZ7_Adamiak_1.pdb	AC	19.305096356121474
PZ7_Adamiak_1.pdb	AC	19.01353221463236
PZ7_Adamiak_1.pdb	AC	19.487398109803866
PZ7_Adamiak_1.pdb	GU	19.539835365073248
PZ7_Adamiak_1.pdb	AC	18.316648292758448
PZ7_Adamiak_1.pdb	AC	19.85771912650422
PZ7_Adamiak_1.pdb	AC	18.383464361085355
PZ7_Adamiak_1.pdb	AC	19.739854277457304
PZ7_Adamiak_1.pdb	CG	18.108026625217065
PZ7_Adamiak_1.pdb	AC	16.45024789512416
PZ7_Adamiak_1.pdb	AA	15.31235860968684
PZ7_Adamiak_1.pdb	AA	16.8006944025044
PZ7_Adamiak_1.pdb	AG	14.790003076860746
PZ7_Adamiak_1.pdb	AG	9.796525849200407
PZ7_Adamiak_1.pdb	AG	12.80272346335953
PZ7_Adamiak_1.pdb	GG	11.608180771826703
PZ7_Adamiak_1.pdb	CG	16.636629386904865
PZ7_Adamiak_1.pdb	AC	14.73575290830533
PZ7_Adamiak_1.pdb	CG	13.99397981598446
PZ7_Adamiak_1.pdb	CC	17.61316952799611
PZ7_Adamiak_1.pdb	AG	16.75618366834798
PZ7_Adamiak_1.pdb	AC	19.538136530755025
PZ7_Adamiak_1.pdb	CC	18.027350221686888
PZ7_Adamiak_1.pdb	AC	16.731237304416858
PZ7_Adamiak_1.pdb	AC	16.90396048739003
PZ7_Adamiak_1.pdb	AC	19.32815652878888
PZ7_Adamiak_1.pdb	AG	18.95941514027031
PZ7_Adamiak_1.pdb	CG	18.46682570581029
PZ7_Adamiak_1.pdb	GG	16.178702208339267
PZ7_Adamiak_1.pdb	AG	19.33760069562648
PZ7_Adamiak_1.pdb	CC	19.76782260035631
PZ7_Adamiak_1.pdb	CC	17.93930361666146
PZ7_Adamiak_1.pdb	CG	15.365315992405739
PZ7_Adamiak_1.pdb	AC	18.186350636532747
PZ7_Adamiak_1.pdb	CU	19.022147836445075
PZ7_Adamiak_1.pdb	CC	18.195154817989238
PZ7_Adamiak_1.pdb	CG	15.939469856367207
PZ7_Adamiak_1.pdb	AC	18.42402725254818
PZ7_Adamiak_1.pdb	CU	18.04453253390088
PZ7_Adamiak_1.pdb	CG	19.95833371385825
PZ7_Adamiak_1.pdb	CC	19.331832862095215
PZ7_Adamiak_1.pdb	CG	18.55648583137835
PZ7_Adamiak_1.pdb	GG	19.292543082523764
PZ7_Adamiak_1.pdb	CC	18.848149710865666
PZ7_Adamiak_1.pdb	GU	19.356799691897074
PZ7_Adamiak_1.pdb	GG	19.126938829705637
PZ7_Adamiak_1.pdb	AC	16.734693806099816
PZ7_Adamiak_1.pdb	CU	18.01628663161558
PZ7_Adamiak_1.pdb	GU	17.604208883334334
PZ7_Adamiak_1.pdb	AU	19.47291489119741
PZ7_Adamiak_1.pdb	CG	19.530810380718084
PZ7_Adamiak_1.pdb	AC	19.7939241258151
PZ7_Bujnicki_1.pdb	CG	19.891686360690276
PZ7_Bujnicki_1.pdb	UU	18.57211381636354
PZ7_Bujnicki_1.pdb	CG	18.20906544151515
PZ7_Bujnicki_1.pdb	GU	18.515777452693094
PZ7_Bujnicki_1.pdb	CG	19.831996790908413
PZ7_Bujnicki_1.pdb	CG	19.577137923692387
PZ7_Bujnicki_1.pdb	GU	16.336896195034207
PZ7_Bujnicki_1.pdb	GG	17.194713771353538
PZ7_Bujnicki_1.pdb	CU	15.520605330364194
PZ7_Bujnicki_1.pdb	UU	11.620126286828963
PZ7_Bujnicki_1.pdb	GU	12.278303251269683
PZ7_Bujnicki_1.pdb	CU	17.44914796913145
PZ7_Bujnicki_1.pdb	GU	19.987804528298792
PZ7_Bujnicki_1.pdb	GU	17.45509506561011
PZ7_Bujnicki_1.pdb	UU	17.631209837146223
PZ7_Bujnicki_1.pdb	AU	18.26045994729249
PZ7_Bujnicki_1.pdb	AC	19.685299630065327
PZ7_Bujnicki_1.pdb	CU	17.399106573291256
PZ7_Bujnicki_1.pdb	CC	11.484359694680899
PZ7_Bujnicki_1.pdb	CU	7.953294946380076
PZ7_Bujnicki_1.pdb	CG	9.88045363193424
PZ7_Bujnicki_1.pdb	CC	15.26481207264117
PZ7_Bujnicki_1.pdb	CC	19.857485907178223
PZ7_Bujnicki_1.pdb	CC	19.009991171085435
PZ7_Bujnicki_1.pdb	CG	15.02935127529656
PZ7_Bujnicki_1.pdb	CG	11.978408982030594
PZ7_Bujnicki_1.pdb	CU	12.085393732373234
PZ7_Bujnicki_1.pdb	AC	13.291180553443589
PZ7_Bujnicki_1.pdb	CG	17.547692180148978
PZ7_Bujnicki_1.pdb	GU	13.415441090599716
PZ7_Bujnicki_1.pdb	CG	8.259068478052061
PZ7_Bujnicki_1.pdb	GU	7.386188109411149
PZ7_Bujnicki_1.pdb	GG	11.508879173552758
PZ7_Bujnicki_1.pdb	CG	16.52991197301828
PZ7_Bujnicki_1.pdb	CG	19.162055198829307
PZ7_Bujnicki_1.pdb	CG	17.570313828256797
PZ7_Bujnicki_1.pdb	CG	19.210156842488278
PZ7_Bujnicki_1.pdb	GG	18.59076026394444
PZ7_Bujnicki_1.pdb	CG	17.235031310518135
PZ7_Bujnicki_1.pdb	GG	13.433209106673951
PZ7_Bujnicki_1.pdb	GG	9.196848177990113
PZ7_Bujnicki_1.pdb	GU	7.448220758036935
PZ7_Bujnicki_1.pdb	AG	8.364579186940658
PZ7_Bujnicki_1.pdb	GG	12.765882258599193
PZ7_Bujnicki_1.pdb	GU	17.577678769953366
PZ7_Bujnicki_1.pdb	CC	7.445420344341635
PZ7_Bujnicki_1.pdb	CU	10.43594949137068
PZ7_Bujnicki_1.pdb	CG	15.74245911162496
PZ7_Bujnicki_1.pdb	CC	19.201462479361137
PZ7_Bujnicki_1.pdb	CC	16.500252388744755
PZ7_Bujnicki_1.pdb	CC	17.3051723879191
PZ7_Bujnicki_1.pdb	AC	19.931421283316293
PZ7_Bujnicki_1.pdb	CG	19.004084998128008
PZ7_Bujnicki_1.pdb	CC	19.01740339076926
PZ7_Bujnicki_1.pdb	CG	16.010145817931473
PZ7_Bujnicki_1.pdb	CG	11.325885389424442
PZ7_Bujnicki_1.pdb	CU	6.833895063372822
PZ7_Bujnicki_1.pdb	AC	5.180987987745004
PZ7_Bujnicki_1.pdb	CG	7.425063174702801
PZ7_Bujnicki_1.pdb	CU	12.156040073155214
PZ7_Bujnicki_1.pdb	AC	16.441431104631906
PZ7_Bujnicki_1.pdb	AC	19.71583541234072
PZ7_Bujnicki_1.pdb	AU	14.341509835789324
PZ7_Bujnicki_1.pdb	AG	19.98420046807485
PZ7_Bujnicki_1.pdb	AC	19.236341111086812
PZ7_Bujnicki_1.pdb	AC	15.753545170384392
PZ7_Bujnicki_1.pdb	AC	15.793611838922148
PZ7_Bujnicki_1.pdb	AA	18.73502210158653
PZ7_Bujnicki_1.pdb	AG	15.936173074431462
PZ7_Bujnicki_1.pdb	AU	11.136282291558913
PZ7_Bujnicki_1.pdb	AA	8.560455821663465
PZ7_Bujnicki_1.pdb	AG	5.6577034072708585
PZ7_Bujnicki_1.pdb	AU	8.02821587309991
PZ7_Bujnicki_1.pdb	AA	11.565583957768037
PZ7_Bujnicki_1.pdb	AA	14.7273931435014
PZ7_Bujnicki_1.pdb	AG	18.032944694346575
PZ7_Bujnicki_1.pdb	AC	19.822737069563825
PZ7_Bujnicki_1.pdb	AC	17.964916211372355
PZ7_Bujnicki_1.pdb	AC	13.464059738425673
PZ7_Bujnicki_1.pdb	AC	12.17016899639652
PZ7_Bujnicki_1.pdb	AA	14.814979109863668
PZ7_Bujnicki_1.pdb	AA	18.295967359097386
PZ7_Bujnicki_1.pdb	AG	18.42123491907193
PZ7_Bujnicki_1.pdb	AG	17.25180084198716
PZ7_Bujnicki_1.pdb	AU	13.399351255357365
PZ7_Bujnicki_1.pdb	AA	12.10798243715915
PZ7_Bujnicki_1.pdb	AG	9.977986306775994
PZ7_Bujnicki_1.pdb	AU	11.102446024623747
PZ7_Bujnicki_1.pdb	AA	13.126015400449905
PZ7_Bujnicki_1.pdb	AA	14.994686219615623
PZ7_Bujnicki_1.pdb	AG	17.08978478902493
PZ7_Bujnicki_1.pdb	AC	17.937211045891694
PZ7_Bujnicki_1.pdb	AA	18.800893791209848
PZ7_Bujnicki_1.pdb	AG	19.00303597159247
PZ7_Bujnicki_1.pdb	AG	18.60874494621953
PZ7_Bujnicki_1.pdb	AG	19.034252250175545
PZ7_Bujnicki_1.pdb	GU	18.125956010664968
PZ7_Bujnicki_1.pdb	CU	17.118048037964247
PZ7_Bujnicki_1.pdb	GU	18.2132264552432
PZ7_Bujnicki_1.pdb	CU	12.520443691284447
PZ7_Bujnicki_1.pdb	CU	8.855575051243735
PZ7_Bujnicki_1.pdb	CU	9.967879619055834
PZ7_Bujnicki_1.pdb	AU	14.38196226007552
PZ7_Bujnicki_1.pdb	AU	18.317021983000743
PZ7_Bujnicki_1.pdb	GU	18.411102571374425
PZ7_Bujnicki_1.pdb	GU	17.93995293605592
PZ7_Bujnicki_1.pdb	UU	14.974771132922665
PZ7_Bujnicki_1.pdb	AU	14.171632175532864
PZ7_Bujnicki_1.pdb	GU	12.676504476427743
PZ7_Bujnicki_1.pdb	UU	13.552423542744291
PZ7_Bujnicki_1.pdb	AU	14.5485018468973
PZ7_Bujnicki_1.pdb	AU	14.971169246653908
PZ7_Bujnicki_1.pdb	GU	16.04111345517497
PZ7_Bujnicki_1.pdb	CU	15.70389327471392
PZ7_Bujnicki_1.pdb	AU	16.046551339716355
PZ7_Bujnicki_1.pdb	GU	16.80851359089987
PZ7_Bujnicki_1.pdb	GU	17.79117984076962
PZ7_Bujnicki_1.pdb	GU	19.857834629494857
PZ7_Bujnicki_1.pdb	UU	18.783070019096638
PZ7_Bujnicki_1.pdb	CG	18.87253315305352
PZ7_Bujnicki_1.pdb	CG	16.91082123290873
PZ7_Bujnicki_1.pdb	CC	11.85817872864675
PZ7_Bujnicki_1.pdb	CC	9.623411475642689
PZ7_Bujnicki_1.pdb	CC	11.993834288186788
PZ7_Bujnicki_1.pdb	AC	15.815694467557748
PZ7_Bujnicki_1.pdb	AC	18.190805774990036
PZ7_Bujnicki_1.pdb	CG	16.526069355437496
PZ7_Bujnicki_1.pdb	CC	17.562566213817153
PZ7_Bujnicki_1.pdb	CG	16.2862439450688
PZ7_Bujnicki_1.pdb	CG	13.8557134650549
PZ7_Bujnicki_1.pdb	CU	12.04024036356127
PZ7_Bujnicki_1.pdb	AC	12.391804738384709
PZ7_Bujnicki_1.pdb	CG	13.590222241165026
PZ7_Bujnicki_1.pdb	CU	16.398222091393603
PZ7_Bujnicki_1.pdb	AC	18.700036965038894
PZ7_Bujnicki_1.pdb	AC	19.884597852904413
PZ7_Bujnicki_1.pdb	AU	19.83231533644455
PZ7_Bujnicki_1.pdb	GU	16.38340884849653
PZ7_Bujnicki_1.pdb	CU	12.730201826134037
PZ7_Bujnicki_1.pdb	CU	12.109511124393686
PZ7_Bujnicki_1.pdb	CU	14.996107713137533
PZ7_Bujnicki_1.pdb	AU	18.08154368646538
PZ7_Bujnicki_1.pdb	AU	19.092657129138612
PZ7_Bujnicki_1.pdb	GU	16.199641179400466
PZ7_Bujnicki_1.pdb	CU	15.814264752592713
PZ7_Bujnicki_1.pdb	GU	14.103067533462958
PZ7_Bujnicki_1.pdb	GU	12.674057652540034
PZ7_Bujnicki_1.pdb	UU	12.952776267170353
PZ7_Bujnicki_1.pdb	AU	14.595100587730425
PZ7_Bujnicki_1.pdb	GU	17.629106341266265
PZ7_Bujnicki_1.pdb	GG	16.737997292816466
PZ7_Bujnicki_1.pdb	CG	14.729213566164256
PZ7_Bujnicki_1.pdb	CG	14.958494257976449
PZ7_Bujnicki_1.pdb	CG	17.61067517525212
PZ7_Bujnicki_1.pdb	AG	19.708962186710252
PZ7_Bujnicki_1.pdb	AG	19.400387692884372
PZ7_Bujnicki_1.pdb	GG	15.848338342526096
PZ7_Bujnicki_1.pdb	CG	14.396781369655882
PZ7_Bujnicki_1.pdb	GG	13.275490470133258
PZ7_Bujnicki_1.pdb	GG	13.987433232300356
PZ7_Bujnicki_1.pdb	GU	16.415223676733206
PZ7_Bujnicki_1.pdb	AG	19.11898137973124
PZ7_Bujnicki_1.pdb	CG	19.786878745296836
PZ7_Bujnicki_1.pdb	CG	19.339586022523076
PZ7_Bujnicki_1.pdb	CG	17.02319066945308
PZ7_Bujnicki_1.pdb	CC	15.993024851751912
PZ7_Bujnicki_1.pdb	CC	16.08672757037607
PZ7_Bujnicki_1.pdb	CC	17.916627619750987
PZ7_Bujnicki_1.pdb	AC	18.908326389644447
PZ7_Bujnicki_1.pdb	AC	17.608532342894417
PZ7_Bujnicki_1.pdb	CG	14.330341133935224
PZ7_Bujnicki_1.pdb	CC	13.02982438088598
PZ7_Bujnicki_1.pdb	CG	13.867565702438572
PZ7_Bujnicki_1.pdb	CG	16.623511014683217
PZ7_Bujnicki_1.pdb	GG	19.456305408530863
PZ7_Bujnicki_1.pdb	GG	18.90076987749099
PZ7_Bujnicki_1.pdb	GG	17.73515191143287
PZ7_Bujnicki_1.pdb	CG	17.275283850092723
PZ7_Bujnicki_1.pdb	CG	16.913880231350028
PZ7_Bujnicki_1.pdb	CG	17.681651362815515
PZ7_Bujnicki_1.pdb	AG	17.538404020989063
PZ7_Bujnicki_1.pdb	AG	15.56706054302182
PZ7_Bujnicki_1.pdb	GG	13.444718646996325
PZ7_Bujnicki_1.pdb	CG	13.280536454575344
PZ7_Bujnicki_1.pdb	GG	16.18594769706849
PZ7_Bujnicki_1.pdb	AC	19.4631506717685
PZ7_Bujnicki_1.pdb	AG	18.92815255149904
PZ7_Bujnicki_1.pdb	AG	18.76643381779322
PZ7_Bujnicki_1.pdb	AC	18.707855230652406
PZ7_Bujnicki_1.pdb	AC	17.938989319622873
PZ7_Bujnicki_1.pdb	AC	17.708459497068308
PZ7_Bujnicki_1.pdb	AA	16.625897027758626
PZ7_Bujnicki_1.pdb	AA	14.565120708194096
PZ7_Bujnicki_1.pdb	AG	14.417784209987285
PZ7_Bujnicki_1.pdb	AC	15.817858521258463
PZ7_Bujnicki_1.pdb	AC	19.273400844410293
PZ7_Bujnicki_1.pdb	AG	18.356167369585982
PZ7_Bujnicki_1.pdb	AU	18.34939739672417
PZ7_Bujnicki_1.pdb	AC	18.01446778081877
PZ7_Bujnicki_1.pdb	AG	18.566257293555182
PZ7_Bujnicki_1.pdb	AG	18.783703568248722
PZ7_Bujnicki_1.pdb	AC	18.702340789523234
PZ7_Bujnicki_1.pdb	AC	17.492616068140258
PZ7_Bujnicki_1.pdb	AC	16.47993174941968
PZ7_Bujnicki_1.pdb	AA	15.044060479920237
PZ7_Bujnicki_1.pdb	AA	13.9758027314172
PZ7_Bujnicki_1.pdb	AG	16.030171926084655
PZ7_Bujnicki_1.pdb	AC	18.979408102687227
PZ7_Bujnicki_1.pdb	GG	17.817448340304967
PZ7_Bujnicki_1.pdb	GU	16.185588465059322
PZ7_Bujnicki_1.pdb	CG	14.792957645608217
PZ7_Bujnicki_1.pdb	GG	15.431686413399621
PZ7_Bujnicki_1.pdb	GU	17.097760624452135
PZ7_Bujnicki_1.pdb	CG	17.796518571001386
PZ7_Bujnicki_1.pdb	GG	18.606218087267003
PZ7_Bujnicki_1.pdb	GG	18.414164419248088
PZ7_Bujnicki_1.pdb	CG	17.749859365836507
PZ7_Bujnicki_1.pdb	CG	15.891991446667301
PZ7_Bujnicki_1.pdb	CG	14.138939384684647
PZ7_Bujnicki_1.pdb	AG	12.874641122857755
PZ7_Bujnicki_1.pdb	AG	13.672976962984619
PZ7_Bujnicki_1.pdb	GG	17.494338276525973
PZ7_Bujnicki_1.pdb	GG	18.54191149082
PZ7_Bujnicki_1.pdb	AG	19.58603417936998
PZ7_Bujnicki_1.pdb	GU	11.638491585521734
PZ7_Bujnicki_1.pdb	CG	12.211304916086858
PZ7_Bujnicki_1.pdb	GG	14.714138081288603
PZ7_Bujnicki_1.pdb	GU	17.502247899863573
PZ7_Bujnicki_1.pdb	CG	18.41870905422873
PZ7_Bujnicki_1.pdb	GG	18.726108858763226
PZ7_Bujnicki_1.pdb	GG	17.664240892556744
PZ7_Bujnicki_1.pdb	CG	16.183928087830434
PZ7_Bujnicki_1.pdb	CG	13.801793342491255
PZ7_Bujnicki_1.pdb	CG	11.755993203217367
PZ7_Bujnicki_1.pdb	AG	11.612650635167695
PZ7_Bujnicki_1.pdb	AG	14.666563752042956
PZ7_Bujnicki_1.pdb	GG	19.245044279032246
PZ7_Bujnicki_1.pdb	AG	19.350459110118955
PZ7_Bujnicki_1.pdb	GG	14.692521714590944
PZ7_Bujnicki_1.pdb	GG	12.99276396221569
PZ7_Bujnicki_1.pdb	GG	15.635381618501388
PZ7_Bujnicki_1.pdb	AG	14.539768383595046
PZ7_Bujnicki_1.pdb	AG	17.952005932624626
PZ7_Bujnicki_1.pdb	GU	17.88078737977222
PZ7_Bujnicki_1.pdb	GU	17.319097629912267
PZ7_Bujnicki_1.pdb	CG	19.749140963048152
PZ7_Bujnicki_1.pdb	AG	18.65212555825691
PZ7_Bujnicki_1.pdb	CG	12.398371302053768
PZ7_Bujnicki_1.pdb	GG	15.779534369701892
PZ7_Bujnicki_1.pdb	GU	18.59815645198992
PZ7_Bujnicki_1.pdb	CG	18.98672704341589
PZ7_Bujnicki_1.pdb	GG	18.317457964387103
PZ7_Bujnicki_1.pdb	GG	16.222965034039735
PZ7_Bujnicki_1.pdb	CG	13.99691233277548
PZ7_Bujnicki_1.pdb	CG	11.645433091484703
PZ7_Bujnicki_1.pdb	CG	10.447270636286284
PZ7_Bujnicki_1.pdb	AG	12.492973403311511
PZ7_Bujnicki_1.pdb	AG	17.195822183530478
PZ7_Bujnicki_1.pdb	CG	18.708063490821363
PZ7_Bujnicki_1.pdb	AG	13.573761565060693
PZ7_Bujnicki_1.pdb	GG	8.965200795775276
PZ7_Bujnicki_1.pdb	GG	8.570145646924123
PZ7_Bujnicki_1.pdb	GG	12.877003754194604
PZ7_Bujnicki_1.pdb	AG	12.604993761132857
PZ7_Bujnicki_1.pdb	AG	15.900681495273288
PZ7_Bujnicki_1.pdb	GG	18.744386723096145
PZ7_Bujnicki_1.pdb	GU	12.903129338499902
PZ7_Bujnicki_1.pdb	GU	12.972688262094008
PZ7_Bujnicki_1.pdb	GG	17.873433853447615
PZ7_Bujnicki_1.pdb	AG	18.670762054769774
PZ7_Bujnicki_1.pdb	CG	16.809571689385248
PZ7_Bujnicki_1.pdb	GU	17.68283594987519
PZ7_Bujnicki_1.pdb	AG	19.167214013355338
PZ7_Bujnicki_1.pdb	CG	16.660461332366232
PZ7_Bujnicki_1.pdb	CU	18.853930998350783
PZ7_Bujnicki_1.pdb	CC	18.56507681867116
PZ7_Bujnicki_1.pdb	CG	17.078639248078026
PZ7_Bujnicki_1.pdb	CG	14.457744281051836
PZ7_Bujnicki_1.pdb	CC	12.376701232972545
PZ7_Bujnicki_1.pdb	CC	11.49564113429285
PZ7_Bujnicki_1.pdb	CC	12.498986952540639
PZ7_Bujnicki_1.pdb	AC	16.30913693952053
PZ7_Bujnicki_1.pdb	CG	19.479890836842074
PZ7_Bujnicki_1.pdb	CC	14.169693101603325
PZ7_Bujnicki_1.pdb	AC	8.837321923783591
PZ7_Bujnicki_1.pdb	CG	5.93073874496543
PZ7_Bujnicki_1.pdb	CG	9.370774385745323
PZ7_Bujnicki_1.pdb	CG	14.954541359749955
PZ7_Bujnicki_1.pdb	AC	15.310239236698171
PZ7_Bujnicki_1.pdb	AC	17.698837508725465
PZ7_Bujnicki_1.pdb	AC	19.1379826079702
PZ7_Bujnicki_1.pdb	CG	13.317525746367998
PZ7_Bujnicki_1.pdb	CU	7.525655269930361
PZ7_Bujnicki_1.pdb	CU	8.020840775524434
PZ7_Bujnicki_1.pdb	CG	13.427799774173153
PZ7_Bujnicki_1.pdb	AC	17.806798622630254
PZ7_Bujnicki_1.pdb	CC	19.728843861943567
PZ7_Bujnicki_1.pdb	CU	19.346079375908406
PZ7_Bujnicki_1.pdb	AC	17.03976006275283
PZ7_Bujnicki_1.pdb	CC	14.926950399104435
PZ7_Bujnicki_1.pdb	CU	14.667736725109604
PZ7_Bujnicki_1.pdb	CG	17.345594439447684
PZ7_Bujnicki_1.pdb	GU	19.901445674899854
PZ7_Bujnicki_1.pdb	GG	19.540604254673447
PZ7_Bujnicki_1.pdb	CG	18.108578357395874
PZ7_Bujnicki_1.pdb	CG	16.99417622996586
PZ7_Bujnicki_1.pdb	CG	16.77360510780491
PZ7_Bujnicki_1.pdb	AG	19.351719979485484
PZ7_Bujnicki_1.pdb	CG	16.580743567829398
PZ7_Bujnicki_1.pdb	AG	10.970856549539564
PZ7_Bujnicki_1.pdb	GG	6.794410984964114
PZ7_Bujnicki_1.pdb	GG	8.877029741126977
PZ7_Bujnicki_1.pdb	GG	14.08699714380082
PZ7_Bujnicki_1.pdb	AG	12.218962821415365
PZ7_Bujnicki_1.pdb	AG	12.998893546329946
PZ7_Bujnicki_1.pdb	CG	16.601644205468567
PZ7_Bujnicki_1.pdb	AG	18.794734957736885
PZ7_Bujnicki_1.pdb	GG	13.765332775417752
PZ7_Bujnicki_1.pdb	GU	9.014870692281601
PZ7_Bujnicki_1.pdb	GU	11.950597722048647
PZ7_Bujnicki_1.pdb	GG	16.371724333876298
PZ7_Bujnicki_1.pdb	AG	19.576043509091395
PZ7_Bujnicki_1.pdb	CG	19.9491822792588
PZ7_Bujnicki_1.pdb	GU	17.978559212031566
PZ7_Bujnicki_1.pdb	AG	14.127995167955953
PZ7_Bujnicki_1.pdb	CG	10.578287666324634
PZ7_Bujnicki_1.pdb	GU	10.250029784552142
PZ7_Bujnicki_1.pdb	GG	14.042406913816908
PZ7_Bujnicki_1.pdb	GU	19.668336882349973
PZ7_Bujnicki_1.pdb	CU	18.6916388550837
PZ7_Bujnicki_1.pdb	CU	19.952943326580215
PZ7_Bujnicki_1.pdb	CU	19.827497143877977
PZ7_Bujnicki_1.pdb	AU	16.588437971014063
PZ7_Bujnicki_1.pdb	GU	12.664684916794288
PZ7_Bujnicki_1.pdb	GU	13.693902971335167
PZ7_Bujnicki_1.pdb	GU	18.101979786197802
PZ7_Bujnicki_1.pdb	AU	14.565883619637427
PZ7_Bujnicki_1.pdb	AU	14.295627133608257
PZ7_Bujnicki_1.pdb	CU	18.046155722392058
PZ7_Bujnicki_1.pdb	GU	16.438994567286958
PZ7_Bujnicki_1.pdb	UU	11.979794794073301
PZ7_Bujnicki_1.pdb	UU	14.342284456113775
PZ7_Bujnicki_1.pdb	GU	17.238040109799034
PZ7_Bujnicki_1.pdb	AU	18.76440827628292
PZ7_Bujnicki_1.pdb	CU	17.646526547269612
PZ7_Bujnicki_1.pdb	UU	14.398948202943087
PZ7_Bujnicki_1.pdb	AU	10.135824332916917
PZ7_Bujnicki_1.pdb	CU	8.14250453506844
PZ7_Bujnicki_1.pdb	UU	11.282595016365184
PZ7_Bujnicki_1.pdb	GU	16.723984623595317
PZ7_Bujnicki_1.pdb	CG	18.238580963291426
PZ7_Bujnicki_1.pdb	CG	19.93536047307147
PZ7_Bujnicki_1.pdb	CG	17.82271019575444
PZ7_Bujnicki_1.pdb	CG	18.7259478236855
PZ7_Bujnicki_1.pdb	AC	19.168609382907267
PZ7_Bujnicki_1.pdb	AC	18.997468777856437
PZ7_Bujnicki_1.pdb	CG	19.705072121069243
PZ7_Bujnicki_1.pdb	CU	15.38330011285179
PZ7_Bujnicki_1.pdb	CU	16.47624651495659
PZ7_Bujnicki_1.pdb	CG	17.92232697765266
PZ7_Bujnicki_1.pdb	AC	17.96921719789116
PZ7_Bujnicki_1.pdb	CC	15.91759152961515
PZ7_Bujnicki_1.pdb	CU	12.252859949326794
PZ7_Bujnicki_1.pdb	AC	9.342647461945425
PZ7_Bujnicki_1.pdb	CC	10.77803747794084
PZ7_Bujnicki_1.pdb	CU	15.760942786690515
PZ7_Bujnicki_1.pdb	GG	18.35807613133934
PZ7_Bujnicki_1.pdb	GU	17.65176183512975
PZ7_Bujnicki_1.pdb	GU	17.42621819151049
PZ7_Bujnicki_1.pdb	GG	17.358576088994305
PZ7_Bujnicki_1.pdb	AG	16.14535915133951
PZ7_Bujnicki_1.pdb	CG	13.886328542203632
PZ7_Bujnicki_1.pdb	GU	11.21346261873334
PZ7_Bujnicki_1.pdb	AG	11.145137800151797
PZ7_Bujnicki_1.pdb	CG	14.789856371238875
PZ7_Bujnicki_1.pdb	CU	19.83359386490585
PZ7_Bujnicki_1.pdb	UU	19.175966435937887
PZ7_Bujnicki_1.pdb	UU	17.569881802361206
PZ7_Bujnicki_1.pdb	GU	16.1970541268656
PZ7_Bujnicki_1.pdb	AU	14.268898902446226
PZ7_Bujnicki_1.pdb	CU	12.943780946712295
PZ7_Bujnicki_1.pdb	UU	12.622121556861348
PZ7_Bujnicki_1.pdb	AU	14.853135067625919
PZ7_Bujnicki_1.pdb	CU	19.123466581080855
PZ7_Bujnicki_1.pdb	CC	19.953422546603502
PZ7_Bujnicki_1.pdb	CU	18.747614177256935
PZ7_Bujnicki_1.pdb	CU	15.769953664289975
PZ7_Bujnicki_1.pdb	CG	13.990254296313475
PZ7_Bujnicki_1.pdb	AC	12.883955562644957
PZ7_Bujnicki_1.pdb	CC	13.86565874708119
PZ7_Bujnicki_1.pdb	CU	15.703781708955963
PZ7_Bujnicki_1.pdb	AC	18.484383085992835
PZ7_Bujnicki_1.pdb	GU	17.29430976050472
PZ7_Bujnicki_1.pdb	GU	13.148123382501607
PZ7_Bujnicki_1.pdb	GG	11.792874576969554
PZ7_Bujnicki_1.pdb	AG	12.729597606134323
PZ7_Bujnicki_1.pdb	CG	15.937963535830095
PZ7_Bujnicki_1.pdb	GU	18.89450312477661
PZ7_Bujnicki_1.pdb	AG	19.182044112557232
PZ7_Bujnicki_1.pdb	GG	19.48334700001362
PZ7_Bujnicki_1.pdb	GG	19.497554818499832
PZ7_Bujnicki_1.pdb	GU	15.483033521154383
PZ7_Bujnicki_1.pdb	GU	10.701478000017133
PZ7_Bujnicki_1.pdb	GG	11.365794853447667
PZ7_Bujnicki_1.pdb	AG	14.787635641051907
PZ7_Bujnicki_1.pdb	CG	18.99731459303689
PZ7_Bujnicki_1.pdb	CC	18.403498306587124
PZ7_Bujnicki_1.pdb	AC	16.037598974558566
PZ7_Bujnicki_1.pdb	CG	16.31975207996628
PZ7_Bujnicki_1.pdb	CG	19.057207674753723
PZ7_Bujnicki_1.pdb	CG	19.626034992181122
PZ7_Bujnicki_1.pdb	CU	15.128713800535364
PZ7_Bujnicki_1.pdb	CU	10.74673286099739
PZ7_Bujnicki_1.pdb	CG	13.875682638196619
PZ7_Bujnicki_1.pdb	AC	18.641742399523455
PZ7_Bujnicki_1.pdb	CG	16.477369028756033
PZ7_Bujnicki_1.pdb	CC	19.690928279247224
PZ7_Bujnicki_1.pdb	CC	17.478529768211367
PZ7_Bujnicki_1.pdb	AC	15.026225306497249
PZ7_Bujnicki_1.pdb	CG	14.13328158783742
PZ7_Bujnicki_1.pdb	CG	15.389545339189514
PZ7_Bujnicki_1.pdb	CG	18.83487967185769
PZ7_Bujnicki_1.pdb	CU	16.577508775299258
PZ7_Bujnicki_1.pdb	CU	13.432610467254587
PZ7_Bujnicki_1.pdb	CG	18.011916272707946
PZ7_Bujnicki_1.pdb	CC	17.58539634372529
PZ7_Bujnicki_1.pdb	CG	19.931082274983872
PZ7_Bujnicki_1.pdb	CU	19.720014811261272
PZ7_Bujnicki_1.pdb	CC	19.1377994550168
PZ7_Bujnicki_1.pdb	AC	16.346009068892045
PZ7_Bujnicki_1.pdb	CG	13.783743595345495
PZ7_Bujnicki_1.pdb	CG	12.701977775130961
PZ7_Bujnicki_1.pdb	CG	14.657741933206122
PZ7_Bujnicki_1.pdb	AC	18.272785605439143
PZ7_Bujnicki_1.pdb	CU	19.199858208115355
PZ7_Bujnicki_1.pdb	CU	17.269850319132406
PZ7_Bujnicki_1.pdb	AC	19.5307906494589
PZ7_Bujnicki_1.pdb	AG	18.77789143293841
PZ7_Bujnicki_1.pdb	AG	17.245669217969102
PZ7_Bujnicki_1.pdb	AG	14.306633484549868
PZ7_Bujnicki_1.pdb	AG	14.344955010362394
PZ7_Bujnicki_1.pdb	AA	17.62481723763178
PZ7_Bujnicki_1.pdb	AA	17.61100784229758
PZ7_Bujnicki_1.pdb	AA	15.99426327515531
PZ7_Bujnicki_1.pdb	AG	18.9944389434594
PZ7_Bujnicki_1.pdb	AG	18.536735958858994
PZ7_Bujnicki_1.pdb	AG	19.708704264193624
PZ7_Bujnicki_1.pdb	AG	19.048922734935093
PZ7_Bujnicki_1.pdb	AA	19.621722612537468
PZ7_Bujnicki_1.pdb	AA	17.79059550947342
PZ7_Bujnicki_1.pdb	GU	16.59637915841929
PZ7_Bujnicki_1.pdb	AC	19.735925968543988
PZ7_Bujnicki_1.pdb	AG	19.91130998086092
PZ7_Bujnicki_1.pdb	GG	19.283733661493603
PZ7_Bujnicki_1.pdb	GG	19.23970078182363
PZ7_Bujnicki_1.pdb	GU	19.031762458946943
PZ7_Bujnicki_1.pdb	GU	19.496574289929953
PZ7_Bujnicki_1.pdb	CG	19.22419437024623
PZ7_Bujnicki_1.pdb	AC	18.26413839120314
PZ7_Bujnicki_1.pdb	CG	13.989676451692599
PZ7_Bujnicki_1.pdb	CU	13.305091765342656
PZ7_Bujnicki_1.pdb	CU	14.293387617429495
PZ7_Bujnicki_1.pdb	CG	18.757955201512154
PZ7_Bujnicki_1.pdb	CU	19.648845539589832
PZ7_Bujnicki_1.pdb	CG	17.426201737383547
PZ7_Bujnicki_1.pdb	CU	19.752356651268652
PZ7_Bujnicki_1.pdb	AA	18.223513517315375
PZ7_Bujnicki_1.pdb	AA	16.633899289348225
PZ7_Bujnicki_1.pdb	AG	11.34944883137651
PZ7_Bujnicki_1.pdb	AU	8.847919753320577
PZ7_Bujnicki_1.pdb	AU	10.597267601782173
PZ7_Bujnicki_1.pdb	AG	15.772486914538696
PZ7_Bujnicki_1.pdb	AC	18.645509676618847
PZ7_Bujnicki_1.pdb	AU	15.317380804781568
PZ7_Bujnicki_1.pdb	AG	14.625974754112503
PZ7_Bujnicki_1.pdb	AU	18.370958173923846
PZ7_Bujnicki_1.pdb	AG	15.24968202593239
PZ7_Bujnicki_1.pdb	CG	18.546812831850595
PZ7_Bujnicki_1.pdb	AG	19.660616605730798
PZ7_Bujnicki_1.pdb	GG	14.159118056320317
PZ7_Bujnicki_1.pdb	GU	9.877359904419265
PZ7_Bujnicki_1.pdb	GU	11.927336953450414
PZ7_Bujnicki_1.pdb	GG	17.515389145593847
PZ7_Bujnicki_1.pdb	CG	16.5130812992287
PZ7_Bujnicki_1.pdb	GU	14.135562830333486
PZ7_Bujnicki_1.pdb	GG	15.347627620494448
PZ7_Bujnicki_1.pdb	CG	16.22717861109331
PZ7_Bujnicki_1.pdb	GG	19.750766515254057
PZ7_Bujnicki_1.pdb	GU	15.185410830977538
PZ7_Bujnicki_1.pdb	GU	16.898503312811126
PZ7_Bujnicki_1.pdb	CG	18.983199839935697
PZ7_Bujnicki_1.pdb	GU	17.21168774473883
PZ7_Bujnicki_1.pdb	GG	19.136240625143834
PZ7_Bujnicki_1.pdb	GU	18.21383171922205
PZ7_Bujnicki_1.pdb	AG	15.464460958931666
PZ7_Bujnicki_1.pdb	AG	16.14106005347471
PZ7_Bujnicki_1.pdb	GG	19.187111243592327
PZ7_Bujnicki_1.pdb	CG	17.260877914519224
PZ7_Bujnicki_1.pdb	GU	13.737839429286003
PZ7_Bujnicki_1.pdb	AG	10.812544957009772
PZ7_Bujnicki_1.pdb	AG	10.820735633648976
PZ7_Bujnicki_1.pdb	GG	13.655871385074306
PZ7_Bujnicki_1.pdb	GU	18.14512616061408
PZ7_Bujnicki_1.pdb	AC	19.675741995263515
PZ7_Bujnicki_1.pdb	AU	18.72190103797747
PZ7_Bujnicki_1.pdb	AG	17.537787148212715
PZ7_Bujnicki_1.pdb	AC	13.435663350550925
PZ7_Bujnicki_1.pdb	AU	11.267822034817447
PZ7_Bujnicki_1.pdb	AA	10.097715381113236
PZ7_Bujnicki_1.pdb	AA	13.253738113158093
PZ7_Bujnicki_1.pdb	AG	17.464950179112254
PZ7_Bujnicki_1.pdb	AC	17.359771509026658
PZ7_Bujnicki_1.pdb	AU	16.309073599975665
PZ7_Bujnicki_1.pdb	AG	19.4744732647478
PZ7_Bujnicki_1.pdb	AG	18.424149777134332
PZ7_Bujnicki_1.pdb	AG	14.73423352986872
PZ7_Bujnicki_1.pdb	AC	11.977107009985279
PZ7_Bujnicki_1.pdb	AU	12.491212328069055
PZ7_Bujnicki_1.pdb	AA	13.820099092123034
PZ7_Bujnicki_1.pdb	AA	17.861468994900942
PZ7_Bujnicki_1.pdb	CU	18.07882878896535
PZ7_Bujnicki_1.pdb	CC	18.53630512302328
PZ7_Bujnicki_1.pdb	CU	16.305150895161646
PZ7_Bujnicki_1.pdb	CG	18.334926621300284
PZ7_Bujnicki_1.pdb	CG	19.522781010134278
PZ7_Bujnicki_1.pdb	CG	19.03889212861084
PZ7_Bujnicki_1.pdb	CU	18.101503937970904
PZ7_Bujnicki_1.pdb	CG	18.12313056533067
PZ7_Bujnicki_1.pdb	AC	16.955865188663626
PZ7_Bujnicki_1.pdb	CG	14.780933132309757
PZ7_Bujnicki_1.pdb	CG	12.70205388710444
PZ7_Bujnicki_1.pdb	CC	12.505983317183562
PZ7_Bujnicki_1.pdb	CU	15.276907757857858
PZ7_Bujnicki_1.pdb	AC	18.307721948099097
PZ7_Bujnicki_1.pdb	UU	19.63727753180531
PZ7_Bujnicki_1.pdb	UU	18.339219722100058
PZ7_Bujnicki_1.pdb	GU	16.926415341712552
PZ7_Bujnicki_1.pdb	UU	14.635300063848364
PZ7_Bujnicki_1.pdb	CU	19.130155218818036
PZ7_Bujnicki_1.pdb	UU	18.670791161247376
PZ7_Bujnicki_1.pdb	UU	19.759269312041884
PZ7_Bujnicki_1.pdb	GU	19.162215452803917
PZ7_Bujnicki_1.pdb	GU	18.621741088303263
PZ7_Bujnicki_1.pdb	UU	17.563360490990483
PZ7_Bujnicki_1.pdb	AU	19.50533149050435
PZ7_Bujnicki_1.pdb	GU	15.86116462351823
PZ7_Bujnicki_1.pdb	AU	13.820166842076048
PZ7_Bujnicki_1.pdb	GU	11.884483698394842
PZ7_Bujnicki_1.pdb	GU	11.474207500784825
PZ7_Bujnicki_1.pdb	CU	13.968004874599837
PZ7_Bujnicki_1.pdb	UU	18.642377838867265
PZ7_Bujnicki_1.pdb	CU	19.522281418553217
PZ7_Bujnicki_1.pdb	AC	16.97818730379448
PZ7_Bujnicki_1.pdb	CU	14.907902098825305
PZ7_Bujnicki_1.pdb	CU	14.825164383006175
PZ7_Bujnicki_1.pdb	CG	15.024892609009818
PZ7_Bujnicki_1.pdb	CU	14.382203506322208
PZ7_Bujnicki_1.pdb	CU	18.407163479459626
PZ7_Bujnicki_1.pdb	CU	19.662320233608735
PZ7_Bujnicki_1.pdb	CG	18.94554559216831
PZ7_Bujnicki_1.pdb	CG	17.86631158481875
PZ7_Bujnicki_1.pdb	CU	16.479911772489086
PZ7_Bujnicki_1.pdb	AC	17.620287331388408
PZ7_Bujnicki_1.pdb	CG	13.418935051274534
PZ7_Bujnicki_1.pdb	AC	11.245886800920855
PZ7_Bujnicki_1.pdb	CG	10.794937995297705
PZ7_Bujnicki_1.pdb	CG	12.838120573524165
PZ7_Bujnicki_1.pdb	CC	17.05147203493535
PZ7_Bujnicki_1.pdb	AC	18.931996094969264
PZ7_Bujnicki_1.pdb	AC	15.854155116567002
PZ7_Bujnicki_1.pdb	AA	12.233107949977766
PZ7_Bujnicki_1.pdb	AU	11.91225751321993
PZ7_Bujnicki_1.pdb	AU	13.963678767088084
PZ7_Bujnicki_1.pdb	AG	15.6519696700129
PZ7_Bujnicki_1.pdb	AU	16.028616598704403
PZ7_Bujnicki_1.pdb	AU	18.66080661133076
PZ7_Bujnicki_1.pdb	AU	19.30842915237123
PZ7_Bujnicki_1.pdb	AG	18.02784048409247
PZ7_Bujnicki_1.pdb	AG	16.180760104140987
PZ7_Bujnicki_1.pdb	AU	14.55016880411772
PZ7_Bujnicki_1.pdb	AA	14.873111365592694
PZ7_Bujnicki_1.pdb	AG	10.990082192776416
PZ7_Bujnicki_1.pdb	AA	10.180909305504528
PZ7_Bujnicki_1.pdb	AG	12.44731682332767
PZ7_Bujnicki_1.pdb	AG	16.471595909942305
PZ7_Bujnicki_1.pdb	CC	19.352682275907526
PZ7_Bujnicki_1.pdb	AC	15.90509077297791
PZ7_Bujnicki_1.pdb	CC	11.2133595544504
PZ7_Bujnicki_1.pdb	AC	9.504763927543806
PZ7_Bujnicki_1.pdb	CU	11.845995950726206
PZ7_Bujnicki_1.pdb	CU	15.24030798534139
PZ7_Bujnicki_1.pdb	CG	17.219690820027527
PZ7_Bujnicki_1.pdb	CU	17.663002996468343
PZ7_Bujnicki_1.pdb	CU	18.23686793685368
PZ7_Bujnicki_1.pdb	CU	17.91154068529117
PZ7_Bujnicki_1.pdb	CG	16.0919288341244
PZ7_Bujnicki_1.pdb	CG	13.836078346416626
PZ7_Bujnicki_1.pdb	CU	12.736372081575688
PZ7_Bujnicki_1.pdb	AC	12.90694654701565
PZ7_Bujnicki_1.pdb	CG	11.00263115559464
PZ7_Bujnicki_1.pdb	AC	12.768808140177686
PZ7_Bujnicki_1.pdb	CG	16.78019148210543
PZ7_Bujnicki_1.pdb	AC	19.08665623853833
PZ7_Bujnicki_1.pdb	CC	16.37027653364751
PZ7_Bujnicki_1.pdb	AC	11.944351395451962
PZ7_Bujnicki_1.pdb	CC	9.006418764371807
PZ7_Bujnicki_1.pdb	AC	10.084798940839564
PZ7_Bujnicki_1.pdb	CU	13.737333772575397
PZ7_Bujnicki_1.pdb	CU	16.980260311214384
PZ7_Bujnicki_1.pdb	CG	18.31591613066088
PZ7_Bujnicki_1.pdb	CU	18.338433592134656
PZ7_Bujnicki_1.pdb	AC	18.291818395921354
PZ7_Bujnicki_1.pdb	CU	16.672179473053856
PZ7_Bujnicki_1.pdb	CU	15.406462231956198
PZ7_Bujnicki_1.pdb	CG	13.565898383863841
PZ7_Bujnicki_1.pdb	CG	11.951822668721432
PZ7_Bujnicki_1.pdb	CU	12.70361598970506
PZ7_Bujnicki_1.pdb	AC	13.836164910253332
PZ7_Bujnicki_1.pdb	CG	14.415511470165942
PZ7_Bujnicki_1.pdb	AC	17.735335973952104
PZ7_Bujnicki_1.pdb	AU	19.07509534455562
PZ7_Bujnicki_1.pdb	AU	17.719877167933237
PZ7_Bujnicki_1.pdb	CU	14.502096233352855
PZ7_Bujnicki_1.pdb	AU	11.966286437935072
PZ7_Bujnicki_1.pdb	CU	11.296783052489873
PZ7_Bujnicki_1.pdb	AU	13.08563386783898
PZ7_Bujnicki_1.pdb	UU	15.99598635796054
PZ7_Bujnicki_1.pdb	UU	17.967588629144082
PZ7_Bujnicki_1.pdb	GU	18.005845273548648
PZ7_Bujnicki_1.pdb	UU	17.30158016606495
PZ7_Bujnicki_1.pdb	GU	18.63861086841648
PZ7_Bujnicki_1.pdb	AU	14.366362967600253
PZ7_Bujnicki_1.pdb	UU	13.524929565909812
PZ7_Bujnicki_1.pdb	UU	11.723544928765616
PZ7_Bujnicki_1.pdb	GU	10.998811722819285
PZ7_Bujnicki_1.pdb	GU	11.664302611589223
PZ7_Bujnicki_1.pdb	UU	14.816212753355707
PZ7_Bujnicki_1.pdb	AU	17.417515690163672
PZ7_Bujnicki_1.pdb	GU	19.117933260734386
PZ7_Bujnicki_1.pdb	CU	18.938479033863345
PZ7_Bujnicki_1.pdb	AC	18.855639925258874
PZ7_Bujnicki_1.pdb	AC	16.480452812769677
PZ7_Bujnicki_1.pdb	CC	15.037347982677021
PZ7_Bujnicki_1.pdb	AC	14.434988880050513
PZ7_Bujnicki_1.pdb	CC	14.451079159227458
PZ7_Bujnicki_1.pdb	AC	15.419076967302548
PZ7_Bujnicki_1.pdb	CU	16.8709989744207
PZ7_Bujnicki_1.pdb	CU	17.2861973179686
PZ7_Bujnicki_1.pdb	CG	16.103615971776385
PZ7_Bujnicki_1.pdb	CU	15.134273083068068
PZ7_Bujnicki_1.pdb	CC	19.08159096330658
PZ7_Bujnicki_1.pdb	CU	19.5687375740286
PZ7_Bujnicki_1.pdb	AC	18.4467209069104
PZ7_Bujnicki_1.pdb	CU	18.120262759914596
PZ7_Bujnicki_1.pdb	CG	18.22089935562909
PZ7_Bujnicki_1.pdb	CU	17.419473535139602
PZ7_Bujnicki_1.pdb	CG	13.475959696968298
PZ7_Bujnicki_1.pdb	AC	9.428897099631328
PZ7_Bujnicki_1.pdb	CU	10.15784156213931
PZ7_Bujnicki_1.pdb	CU	9.490889145978553
PZ7_Bujnicki_1.pdb	CG	11.540873520295314
PZ7_Bujnicki_1.pdb	CG	14.667293606072555
PZ7_Bujnicki_1.pdb	CU	18.930634384191773
PZ7_Bujnicki_1.pdb	CG	19.00661926022912
PZ7_Bujnicki_1.pdb	AC	18.89833516678984
PZ7_Bujnicki_1.pdb	AC	15.943393001098245
PZ7_Bujnicki_1.pdb	AC	14.979081746192303
PZ7_Bujnicki_1.pdb	CC	15.635231905142616
PZ7_Bujnicki_1.pdb	AC	16.498140540953
PZ7_Bujnicki_1.pdb	CC	16.735064548579714
PZ7_Bujnicki_1.pdb	AC	16.893925216751416
PZ7_Bujnicki_1.pdb	CU	17.056591293873865
PZ7_Bujnicki_1.pdb	CU	16.255414090009257
PZ7_Bujnicki_1.pdb	CG	14.621982689053263
PZ7_Bujnicki_1.pdb	CU	14.594492643833716
PZ7_Bujnicki_1.pdb	CC	17.19699910406953
PZ7_Bujnicki_1.pdb	AC	17.52596867811315
PZ7_Bujnicki_1.pdb	CU	15.42515569437011
PZ7_Bujnicki_1.pdb	CG	14.037089237964095
PZ7_Bujnicki_1.pdb	CU	12.419216210197735
PZ7_Bujnicki_1.pdb	CG	8.239408431165696
PZ7_Bujnicki_1.pdb	AC	6.37864283774468
PZ7_Bujnicki_1.pdb	CU	10.38970223017511
PZ7_Bujnicki_1.pdb	CU	12.227831076165911
PZ7_Bujnicki_1.pdb	CG	16.076915129107114
PZ7_Bujnicki_1.pdb	CG	19.979097320416656
PZ7_Bujnicki_1.pdb	AA	14.998349876979447
PZ7_Bujnicki_1.pdb	AA	13.08325217350836
PZ7_Bujnicki_1.pdb	AA	14.31671102911607
PZ7_Bujnicki_1.pdb	AC	16.644882023139434
PZ7_Bujnicki_1.pdb	AA	18.029157173041245
PZ7_Bujnicki_1.pdb	AC	17.857104397443113
PZ7_Bujnicki_1.pdb	AA	16.994679071407806
PZ7_Bujnicki_1.pdb	AU	15.93365284368975
PZ7_Bujnicki_1.pdb	AU	14.356645577611447
PZ7_Bujnicki_1.pdb	AG	13.307917513990517
PZ7_Bujnicki_1.pdb	AU	15.216727697095699
PZ7_Bujnicki_1.pdb	AC	17.13154684575099
PZ7_Bujnicki_1.pdb	AU	17.409571297614622
PZ7_Bujnicki_1.pdb	AG	14.027989526245523
PZ7_Bujnicki_1.pdb	AU	10.25147587511189
PZ7_Bujnicki_1.pdb	AG	6.00990024406443
PZ7_Bujnicki_1.pdb	AA	8.328665105718423
PZ7_Bujnicki_1.pdb	AU	13.52401912681331
PZ7_Bujnicki_1.pdb	AU	17.023664278752435
PZ7_Bujnicki_1.pdb	AA	11.590423775891415
PZ7_Bujnicki_1.pdb	AA	14.858919371141553
PZ7_Bujnicki_1.pdb	AC	17.811157363204202
PZ7_Bujnicki_1.pdb	AA	18.912455555362126
PZ7_Bujnicki_1.pdb	AC	17.992852531851568
PZ7_Bujnicki_1.pdb	AA	16.113198398404432
PZ7_Bujnicki_1.pdb	AU	14.08579306201081
PZ7_Bujnicki_1.pdb	AU	12.440005077928422
PZ7_Bujnicki_1.pdb	AG	13.066442939317547
PZ7_Bujnicki_1.pdb	AU	16.965663021186177
PZ7_Bujnicki_1.pdb	AC	19.08905725267773
PZ7_Bujnicki_1.pdb	AG	18.11123866281878
PZ7_Bujnicki_1.pdb	AU	13.066435615780064
PZ7_Bujnicki_1.pdb	AG	9.84646395818153
PZ7_Bujnicki_1.pdb	AA	12.98410126911619
PZ7_Bujnicki_1.pdb	AU	17.595501391081378
PZ7_Bujnicki_1.pdb	AU	15.1998934603191
PZ7_Bujnicki_1.pdb	CU	17.73616968202156
PZ7_Bujnicki_1.pdb	AU	18.07564480713939
PZ7_Bujnicki_1.pdb	CU	16.43477270492463
PZ7_Bujnicki_1.pdb	AU	13.989314152052362
PZ7_Bujnicki_1.pdb	UU	11.928202348408295
PZ7_Bujnicki_1.pdb	UU	11.718818488241933
PZ7_Bujnicki_1.pdb	GU	14.686189257677094
PZ7_Bujnicki_1.pdb	UU	19.70801578234866
PZ7_Bujnicki_1.pdb	UU	18.586426453209686
PZ7_Bujnicki_1.pdb	GU	15.455124965618424
PZ7_Bujnicki_1.pdb	AU	17.785523668236905
PZ7_Bujnicki_1.pdb	CG	15.974097567236816
PZ7_Bujnicki_1.pdb	AG	16.054730443323496
PZ7_Bujnicki_1.pdb	CG	14.715281728203417
PZ7_Bujnicki_1.pdb	AG	13.207900506456449
PZ7_Bujnicki_1.pdb	GU	12.905402462626055
PZ7_Bujnicki_1.pdb	GU	14.909800559584383
PZ7_Bujnicki_1.pdb	GG	19.04040497981945
PZ7_Bujnicki_1.pdb	AA	16.622308111272588
PZ7_Bujnicki_1.pdb	AC	17.327852792234385
PZ7_Bujnicki_1.pdb	AA	17.48001141202239
PZ7_Bujnicki_1.pdb	AU	17.977142942260198
PZ7_Bujnicki_1.pdb	AU	19.50184429662069
PZ7_Bujnicki_1.pdb	AC	16.565933624809357
PZ7_Bujnicki_1.pdb	AA	18.075340104980206
PZ7_Bujnicki_1.pdb	AU	19.5032023374394
PZ7_Bujnicki_1.pdb	AG	18.655438882696053
PZ7_Bujnicki_1.pdb	AA	17.71357970138268
PZ7_Bujnicki_1.pdb	AG	19.954507718029706
PZ7_Bujnicki_1.pdb	CU	19.60152155437082
PZ7_Bujnicki_1.pdb	CG	19.756908624259268
PZ7_Bujnicki_1.pdb	AU	18.58457144517248
PZ7_Bujnicki_1.pdb	AA	19.535937130585168
PZ7_Bujnicki_1.pdb	AU	19.871007038269386
PZ7_Bujnicki_1.pdb	GU	19.463977197415044
PZ7_Bujnicki_1.pdb	AU	17.987525718556785
PZ7_Bujnicki_1.pdb	UU	18.357382764143985
PZ7_Bujnicki_1.pdb	UU	19.13277022759898
PZ7_Bujnicki_1.pdb	GU	16.33296796478607
PZ7_Bujnicki_1.pdb	AU	15.313741813156266
PZ7_Bujnicki_1.pdb	UU	15.834621680161753
PZ7_Bujnicki_1.pdb	GG	19.26099469957006
PZ7_Bujnicki_1.pdb	GU	15.23946698829136
PZ7_Bujnicki_1.pdb	GG	13.1610259009661
PZ7_Bujnicki_1.pdb	AG	11.560265706978528
PZ7_Bujnicki_1.pdb	GU	11.579220492322653
PZ7_Bujnicki_1.pdb	GU	16.592915922187213
PZ7_Bujnicki_1.pdb	UU	19.161502097230954
PZ7_Bujnicki_1.pdb	GU	19.45598837697906
PZ7_Bujnicki_1.pdb	UU	19.990106918327275
PZ7_Bujnicki_1.pdb	AU	19.979743201495104
PZ7_Bujnicki_1.pdb	UU	18.909927298875264
PZ7_Bujnicki_1.pdb	GU	17.38670105271667
PZ7_Bujnicki_1.pdb	UU	15.027514623090887
PZ7_Bujnicki_1.pdb	GU	13.51328057850757
PZ7_Bujnicki_1.pdb	AU	9.903043879118554
PZ7_Bujnicki_1.pdb	UU	7.388008933870025
PZ7_Bujnicki_1.pdb	UU	12.342114811096693
PZ7_Bujnicki_1.pdb	GU	16.095318397474653
PZ7_Bujnicki_1.pdb	GU	19.506044924818198
PZ7_Bujnicki_1.pdb	CC	18.261217898512616
PZ7_Bujnicki_1.pdb	CU	17.382157589608337
PZ7_Bujnicki_1.pdb	CG	18.466489761460032
PZ7_Bujnicki_1.pdb	CU	18.953737985582986
PZ7_Bujnicki_1.pdb	CU	18.86825361955041
PZ7_Bujnicki_1.pdb	AC	17.760092863220578
PZ7_Bujnicki_1.pdb	CU	16.009929103600182
PZ7_Bujnicki_1.pdb	CG	14.15479830852438
PZ7_Bujnicki_1.pdb	CU	12.552495099509574
PZ7_Bujnicki_1.pdb	CG	13.136776222113577
PZ7_Bujnicki_1.pdb	AC	11.07851154105558
PZ7_Bujnicki_1.pdb	CU	9.811802129748681
PZ7_Bujnicki_1.pdb	CU	15.013734276658434
PZ7_Bujnicki_1.pdb	CG	19.78897843218073
PZ7_Bujnicki_1.pdb	AG	18.98953130221219
PZ7_Bujnicki_1.pdb	CG	17.341032166140586
PZ7_Bujnicki_1.pdb	GU	17.401269081609943
PZ7_Bujnicki_1.pdb	GG	18.604970185340665
PZ7_Bujnicki_1.pdb	GU	18.562241194081295
PZ7_Bujnicki_1.pdb	GU	17.71545908180059
PZ7_Bujnicki_1.pdb	AG	15.858116096893577
PZ7_Bujnicki_1.pdb	GU	13.657596068562679
PZ7_Bujnicki_1.pdb	GG	12.103961048184688
PZ7_Bujnicki_1.pdb	GU	12.395760124285998
PZ7_Bujnicki_1.pdb	GG	14.876104192087897
PZ7_Bujnicki_1.pdb	AG	14.11978209906163
PZ7_Bujnicki_1.pdb	GU	13.816519767031552
PZ7_Bujnicki_1.pdb	GU	18.22491441610794
PZ7_Bujnicki_1.pdb	AU	18.76429906243673
PZ7_Bujnicki_1.pdb	CU	18.202433308300055
PZ7_Bujnicki_1.pdb	UU	18.350963875350104
PZ7_Bujnicki_1.pdb	GU	18.964242914087148
PZ7_Bujnicki_1.pdb	UU	18.09560893467461
PZ7_Bujnicki_1.pdb	UU	16.44183479378547
PZ7_Bujnicki_1.pdb	AU	14.08680060073638
PZ7_Bujnicki_1.pdb	UU	12.044199161177474
PZ7_Bujnicki_1.pdb	GU	11.730654202240602
PZ7_Bujnicki_1.pdb	UU	14.192251380894017
PZ7_Bujnicki_1.pdb	GU	17.39221526555617
PZ7_Bujnicki_1.pdb	AU	17.044482977184575
PZ7_Bujnicki_1.pdb	UU	17.106916200048946
PZ7_Bujnicki_1.pdb	AU	19.089183935674136
PZ7_Bujnicki_1.pdb	AA	18.705591625373334
PZ7_Bujnicki_1.pdb	AC	18.645907129889924
PZ7_Bujnicki_1.pdb	AU	18.312098554966404
PZ7_Bujnicki_1.pdb	AG	18.022633330802538
PZ7_Bujnicki_1.pdb	AU	16.405978248169696
PZ7_Bujnicki_1.pdb	AU	14.386726267723313
PZ7_Bujnicki_1.pdb	AA	12.501175636387151
PZ7_Bujnicki_1.pdb	AU	12.084631557722789
PZ7_Bujnicki_1.pdb	AG	14.045389517010227
PZ7_Bujnicki_1.pdb	AU	18.142554693611846
PZ7_Bujnicki_1.pdb	AU	19.878753841792737
PZ7_Bujnicki_1.pdb	AG	19.427168781962607
PZ7_Bujnicki_1.pdb	CG	17.524529949883927
PZ7_Bujnicki_1.pdb	GU	17.456769987869105
PZ7_Bujnicki_1.pdb	AG	17.83489338959129
PZ7_Bujnicki_1.pdb	CG	17.763007358812708
PZ7_Bujnicki_1.pdb	GU	16.713381236889738
PZ7_Bujnicki_1.pdb	GG	15.603017824899988
PZ7_Bujnicki_1.pdb	GU	13.853555319044924
PZ7_Bujnicki_1.pdb	GU	12.699927778523822
PZ7_Bujnicki_1.pdb	AG	12.94653912057822
PZ7_Bujnicki_1.pdb	GU	15.071468256440028
PZ7_Bujnicki_1.pdb	GG	18.725856804176004
PZ7_Bujnicki_1.pdb	CU	19.807816446049014
PZ7_Bujnicki_1.pdb	CG	17.60975425838617
PZ7_Bujnicki_1.pdb	AC	16.895195178662807
PZ7_Bujnicki_1.pdb	CC	16.65404552722707
PZ7_Bujnicki_1.pdb	CU	17.8323356489591
PZ7_Bujnicki_1.pdb	AC	18.37115797779073
PZ7_Bujnicki_1.pdb	CC	17.84121467003384
PZ7_Bujnicki_1.pdb	CU	15.888872877720072
PZ7_Bujnicki_1.pdb	CG	13.880024295446487
PZ7_Bujnicki_1.pdb	CU	12.214536994175123
PZ7_Bujnicki_1.pdb	CU	12.360079460358548
PZ7_Bujnicki_1.pdb	AC	14.646452454020462
PZ7_Bujnicki_1.pdb	CU	18.35642199314498
PZ7_Bujnicki_1.pdb	AG	13.379479185937218
PZ7_Bujnicki_1.pdb	AA	14.5096382295648
PZ7_Bujnicki_1.pdb	AC	15.792427696028048
PZ7_Bujnicki_1.pdb	AU	17.394419066799983
PZ7_Bujnicki_1.pdb	AA	17.455275876262952
PZ7_Bujnicki_1.pdb	AC	16.235264962035497
PZ7_Bujnicki_1.pdb	AU	13.643328069400134
PZ7_Bujnicki_1.pdb	AG	11.528191109009732
PZ7_Bujnicki_1.pdb	AU	11.432430066985537
PZ7_Bujnicki_1.pdb	AU	13.976574857043603
PZ7_Bujnicki_1.pdb	AA	17.997221897006163
PZ7_Bujnicki_1.pdb	AG	12.932018081267744
PZ7_Bujnicki_1.pdb	CG	15.111483269845364
PZ7_Bujnicki_1.pdb	GU	16.474691325758872
PZ7_Bujnicki_1.pdb	AG	15.850430891731925
PZ7_Bujnicki_1.pdb	CG	14.154300074347818
PZ7_Bujnicki_1.pdb	GU	11.737680388960225
PZ7_Bujnicki_1.pdb	GG	10.958035096056937
PZ7_Bujnicki_1.pdb	GU	13.358167643105544
PZ7_Bujnicki_1.pdb	GU	17.647863522946285
PZ7_Bujnicki_1.pdb	CU	15.023053890355992
PZ7_Bujnicki_1.pdb	UU	15.679225273654337
PZ7_Bujnicki_1.pdb	AU	14.389720564419493
PZ7_Bujnicki_1.pdb	CU	12.698244660427285
PZ7_Bujnicki_1.pdb	UU	11.602772139950885
PZ7_Bujnicki_1.pdb	GU	13.088330242710084
PZ7_Bujnicki_1.pdb	UU	17.241484261818297
PZ7_Bujnicki_1.pdb	UU	16.96777074389728
PZ7_Bujnicki_1.pdb	AU	16.95934748674958
PZ7_Bujnicki_1.pdb	CU	16.57173147261198
PZ7_Bujnicki_1.pdb	UU	16.43720728870657
PZ7_Bujnicki_1.pdb	GU	17.99674832813824
PZ7_Bujnicki_1.pdb	AG	16.44384438371239
PZ7_Bujnicki_1.pdb	CG	17.71838524419516
PZ7_Bujnicki_1.pdb	GU	18.46554795286785
PZ7_Bujnicki_1.pdb	GG	19.986317968250464
PZ7_Bujnicki_1.pdb	AC	17.824794623957448
PZ7_Bujnicki_1.pdb	AU	19.895919968867553
PZ7_Bujnicki_1.pdb	CU	18.714560832744045
PZ7_Bujnicki_1.pdb	AU	19.883129722107107
PZ7_Bujnicki_1.pdb	UU	18.512318574855446
PZ7_Bujnicki_1.pdb	UU	18.399378037234715
PZ7_Bujnicki_1.pdb	GU	19.900471008942173
PZ7_Bujnicki_1.pdb	GU	16.529376076154325
PZ7_Bujnicki_1.pdb	GU	14.800852006819653
PZ7_Bujnicki_1.pdb	GG	15.850604996201435
PZ7_Bujnicki_1.pdb	GG	19.58621104959084
PZ7_Bujnicki_1.pdb	AU	19.132281722072452
PZ7_Bujnicki_1.pdb	UU	15.119591860601021
PZ7_Bujnicki_1.pdb	UU	12.546181684611518
PZ7_Bujnicki_1.pdb	GU	14.225499658932739
PZ7_Bujnicki_1.pdb	GU	18.90561558174344
PZ7_Bujnicki_1.pdb	AU	16.730725098688016
PZ7_Bujnicki_1.pdb	UU	14.348854977880388
PZ7_Bujnicki_1.pdb	UU	12.154884151391
PZ7_Bujnicki_1.pdb	GU	15.190822028668215
PZ7_Bujnicki_1.pdb	AG	16.844725271530177
PZ7_Bujnicki_1.pdb	AA	14.165871079207585
PZ7_Bujnicki_1.pdb	AU	13.887187076267146
PZ7_Bujnicki_1.pdb	AU	13.309521212885226
PZ7_Bujnicki_1.pdb	AG	17.70039336841459
PZ7_Bujnicki_1.pdb	AU	11.867003886700006
PZ7_Bujnicki_1.pdb	UU	13.758898696043127
PZ7_Bujnicki_1.pdb	UU	15.21264297772995
PZ7_Bujnicki_1.pdb	GU	13.954748545075848
PZ7_Bujnicki_1.pdb	GU	17.224735847622966
PZ7_Bujnicki_1.pdb	UU	18.189705669733076
PZ7_Bujnicki_1.pdb	GG	18.821507653528652
PZ7_Bujnicki_1.pdb	AG	18.66995671577537
PZ7_Bujnicki_1.pdb	GU	18.3169225336475
PZ7_Bujnicki_1.pdb	CG	19.186649565685922
PZ7_Bujnicki_1.pdb	UU	17.42811300636457
PZ7_Bujnicki_1.pdb	CG	18.38966452557016
PZ7_Bujnicki_1.pdb	GU	17.249205108364375
PZ7_Bujnicki_1.pdb	GU	19.120109825729635
PZ7_Bujnicki_1.pdb	GG	17.08963390661786
PZ7_Bujnicki_1.pdb	GU	19.960567066964636
PZ7_Bujnicki_1.pdb	AU	18.795383106062733
PZ7_Bujnicki_1.pdb	AC	19.990202124653603
PZ7_Bujnicki_1.pdb	GG	19.294716456282483
PZ7_Bujnicki_1.pdb	CU	18.86299489830397
PZ7_Bujnicki_1.pdb	AC	19.649854630398412
PZ7_Bujnicki_1.pdb	AC	19.94663433305859
PZ7_Bujnicki_1.pdb	CG	19.885958566079957
PZ7_Bujnicki_1.pdb	CG	17.141312484473676
PZ7_Bujnicki_1.pdb	AG	19.80073076740873
PZ7_Bujnicki_1.pdb	AC	15.38763954149232
PZ7_Bujnicki_1.pdb	CC	17.575910741514935
PZ7_Bujnicki_1.pdb	AC	18.401158745544716
PZ7_Bujnicki_1.pdb	CG	18.95156468634247
PZ7_Bujnicki_1.pdb	AC	19.250906514823203
PZ7_Bujnicki_1.pdb	AG	18.70815498810399
PZ7_Bujnicki_1.pdb	GG	19.896598136802446
PZ7_Bujnicki_1.pdb	CG	17.135397102839576
PZ7_Bujnicki_1.pdb	CC	19.938636720245306
PZ7_Bujnicki_1.pdb	AC	18.21437533933405
PZ7_Bujnicki_1.pdb	AA	18.934463723436405
PZ7_Bujnicki_1.pdb	AA	19.136486253859854
PZ7_Bujnicki_1.pdb	AG	18.327989406420457
PZ7_Bujnicki_1.pdb	AC	15.854432158668194
PZ7_Bujnicki_1.pdb	CC	16.787405596977013
PZ7_Bujnicki_1.pdb	AC	15.983082731165435
PZ7_Bujnicki_1.pdb	AC	13.84838655559379
PZ7_Bujnicki_1.pdb	CG	12.732248611692947
PZ7_Bujnicki_1.pdb	CC	14.802476325913
PZ7_Bujnicki_1.pdb	CC	18.909652951307464
PZ7_Bujnicki_1.pdb	AC	12.722504500268006
PZ7_Bujnicki_1.pdb	AA	12.74458394321848
PZ7_Bujnicki_1.pdb	AA	11.605641968870327
PZ7_Bujnicki_1.pdb	AG	10.718046527853234
PZ7_Bujnicki_1.pdb	AC	12.105480603106258
PZ7_Bujnicki_1.pdb	AC	15.269321856007993
PZ7_Bujnicki_1.pdb	AC	19.573145798844717
PZ7_Bujnicki_1.pdb	AG	13.004238067167933
PZ7_Bujnicki_1.pdb	AG	14.093633070179015
PZ7_Bujnicki_1.pdb	GG	14.282807114546182
PZ7_Bujnicki_1.pdb	CG	14.939402947654767
PZ7_Bujnicki_1.pdb	CG	16.338984008056062
PZ7_Bujnicki_1.pdb	CG	18.7599679771835
PZ7_Bujnicki_1.pdb	AC	17.92248242510872
PZ7_Bujnicki_1.pdb	CG	19.30646739772926
PZ7_Bujnicki_1.pdb	AG	17.5966745166114
PZ7_Bujnicki_1.pdb	AC	19.89763675605981
PZ7_Bujnicki_1.pdb	CC	17.922290600915343
PZ7_Bujnicki_1.pdb	AC	18.48831229836711
PZ7_Bujnicki_1.pdb	CU	19.705160984964365
PZ7_Bujnicki_1.pdb	GG	19.71694620952248
PZ7_Bujnicki_1.pdb	CC	19.992259178647416
PZ7_Bujnicki_1.pdb	AC	19.408379374755295
PZ7_Bujnicki_1.pdb	AU	19.337699852348518
PZ7_Bujnicki_1.pdb	GU	19.797554737079892
PZ7_Bujnicki_1.pdb	AC	19.94760689847097
PZ7_Bujnicki_1.pdb	CG	19.89156716637279
PZ7_Bujnicki_1.pdb	UU	18.571818863379896
PZ7_Bujnicki_1.pdb	CG	18.20822064810431
PZ7_Bujnicki_1.pdb	GU	18.517398939645513
PZ7_Bujnicki_1.pdb	CG	19.831943020581996
PZ7_Bujnicki_1.pdb	CG	19.57743409082873
PZ7_Bujnicki_1.pdb	GU	16.33743373300957
PZ7_Bujnicki_1.pdb	GG	17.19559949205046
PZ7_Bujnicki_1.pdb	CU	15.520688441291744
PZ7_Bujnicki_1.pdb	UU	11.62032551082649
PZ7_Bujnicki_1.pdb	GU	12.278930871453209
PZ7_Bujnicki_1.pdb	CU	17.448834975170442
PZ7_Bujnicki_1.pdb	GU	19.989498331254467
PZ7_Bujnicki_1.pdb	GU	17.454096500089356
PZ7_Bujnicki_1.pdb	UU	17.630785866620187
PZ7_Bujnicki_1.pdb	AU	18.260295433163513
PZ7_Bujnicki_1.pdb	AC	19.68508165361719
PZ7_Bujnicki_1.pdb	CU	17.39886646705769
PZ7_Bujnicki_1.pdb	CC	11.484196073178195
PZ7_Bujnicki_1.pdb	CU	7.953317560762514
PZ7_Bujnicki_1.pdb	CG	9.88101585630127
PZ7_Bujnicki_1.pdb	CC	15.264393356700309
PZ7_Bujnicki_1.pdb	CC	19.85802083299694
PZ7_Bujnicki_1.pdb	CC	19.00960182258345
PZ7_Bujnicki_1.pdb	CG	15.031364407424926
PZ7_Bujnicki_1.pdb	CG	11.977692531222905
PZ7_Bujnicki_1.pdb	CU	12.085060299311625
PZ7_Bujnicki_1.pdb	AC	13.2909015317696
PZ7_Bujnicki_1.pdb	CG	17.54728368793843
PZ7_Bujnicki_1.pdb	GU	13.414887481713581
PZ7_Bujnicki_1.pdb	CG	8.258542982307615
PZ7_Bujnicki_1.pdb	GU	7.385563923957541
PZ7_Bujnicki_1.pdb	GG	11.508072629863333
PZ7_Bujnicki_1.pdb	CG	16.528316172845336
PZ7_Bujnicki_1.pdb	CG	19.16049949394618
PZ7_Bujnicki_1.pdb	CG	17.570071068354448
PZ7_Bujnicki_1.pdb	CG	19.20935106244725
PZ7_Bujnicki_1.pdb	GG	18.590525994624414
PZ7_Bujnicki_1.pdb	CG	17.233737596363966
PZ7_Bujnicki_1.pdb	GG	13.434020465381087
PZ7_Bujnicki_1.pdb	GG	9.195568211012782
PZ7_Bujnicki_1.pdb	GU	7.4477075034345415
PZ7_Bujnicki_1.pdb	AG	8.36457837076458
PZ7_Bujnicki_1.pdb	GG	12.766113999717918
PZ7_Bujnicki_1.pdb	GU	17.578069847390587
PZ7_Bujnicki_1.pdb	CC	7.446254013948408
PZ7_Bujnicki_1.pdb	CU	10.436462215277187
PZ7_Bujnicki_1.pdb	CG	15.742191548931334
PZ7_Bujnicki_1.pdb	CC	19.20123409548636
PZ7_Bujnicki_1.pdb	CC	16.501223663232558
PZ7_Bujnicki_1.pdb	CC	17.305830321579364
PZ7_Bujnicki_1.pdb	AC	19.93175754845513
PZ7_Bujnicki_1.pdb	CG	19.005272365464222
PZ7_Bujnicki_1.pdb	CC	19.017322303722988
PZ7_Bujnicki_1.pdb	CG	16.011143476708245
PZ7_Bujnicki_1.pdb	CG	11.325166414796591
PZ7_Bujnicki_1.pdb	CU	6.833225398824294
PZ7_Bujnicki_1.pdb	AC	5.179966088229926
PZ7_Bujnicki_1.pdb	CG	7.425068218728465
PZ7_Bujnicki_1.pdb	CU	12.156392276606942
PZ7_Bujnicki_1.pdb	AC	16.441236497655453
PZ7_Bujnicki_1.pdb	AC	19.715279222559445
PZ7_Bujnicki_1.pdb	AU	14.343297235919344
PZ7_Bujnicki_1.pdb	AG	19.98491432600303
PZ7_Bujnicki_1.pdb	AC	19.237344042209756
PZ7_Bujnicki_1.pdb	AC	15.755144905620591
PZ7_Bujnicki_1.pdb	AC	15.79479648541267
PZ7_Bujnicki_1.pdb	AA	18.735791718928915
PZ7_Bujnicki_1.pdb	AG	15.936284791857187
PZ7_Bujnicki_1.pdb	AU	11.136175246636281
PZ7_Bujnicki_1.pdb	AA	8.559673182535446
PZ7_Bujnicki_1.pdb	AG	5.657401576211365
PZ7_Bujnicki_1.pdb	AU	8.02796352823099
PZ7_Bujnicki_1.pdb	AA	11.564388406119726
PZ7_Bujnicki_1.pdb	AA	14.726368328170475
PZ7_Bujnicki_1.pdb	AG	18.03269225710631
PZ7_Bujnicki_1.pdb	AC	19.821608388128244
PZ7_Bujnicki_1.pdb	AC	17.96513433441814
PZ7_Bujnicki_1.pdb	AC	13.46495326193697
PZ7_Bujnicki_1.pdb	AC	12.171471357137978
PZ7_Bujnicki_1.pdb	AA	14.816316983301345
PZ7_Bujnicki_1.pdb	AA	18.29708406172993
PZ7_Bujnicki_1.pdb	AG	18.423127388432302
PZ7_Bujnicki_1.pdb	AG	17.25179698263317
PZ7_Bujnicki_1.pdb	AU	13.398981009611026
PZ7_Bujnicki_1.pdb	AA	12.106819740231234
PZ7_Bujnicki_1.pdb	AG	9.977726754179798
PZ7_Bujnicki_1.pdb	AU	11.102372797655923
PZ7_Bujnicki_1.pdb	AA	13.124307228768735
PZ7_Bujnicki_1.pdb	AA	14.993290081212315
PZ7_Bujnicki_1.pdb	AG	17.08896172032894
PZ7_Bujnicki_1.pdb	AC	17.935665757365577
PZ7_Bujnicki_1.pdb	AA	18.801216764658577
PZ7_Bujnicki_1.pdb	AG	19.004423444229772
PZ7_Bujnicki_1.pdb	AG	18.60902923856983
PZ7_Bujnicki_1.pdb	AG	19.034696488092067
PZ7_Bujnicki_1.pdb	GU	18.124735674796366
PZ7_Bujnicki_1.pdb	CU	17.118079176768827
PZ7_Bujnicki_1.pdb	GU	18.21488712575763
PZ7_Bujnicki_1.pdb	CU	12.519919545175993
PZ7_Bujnicki_1.pdb	CU	8.855438703416821
PZ7_Bujnicki_1.pdb	CU	9.967616239431774
PZ7_Bujnicki_1.pdb	AU	14.38151535448003
PZ7_Bujnicki_1.pdb	AU	18.3162581946914
PZ7_Bujnicki_1.pdb	GU	18.411063487160234
PZ7_Bujnicki_1.pdb	GU	17.939117818158813
PZ7_Bujnicki_1.pdb	UU	14.974151486638629
PZ7_Bujnicki_1.pdb	AU	14.170922228237405
PZ7_Bujnicki_1.pdb	GU	12.677467824836468
PZ7_Bujnicki_1.pdb	UU	13.553738180572681
PZ7_Bujnicki_1.pdb	AU	14.548637280999179
PZ7_Bujnicki_1.pdb	AU	14.971144366165488
PZ7_Bujnicki_1.pdb	GU	16.041382453847536
PZ7_Bujnicki_1.pdb	CU	15.70292253814349
PZ7_Bujnicki_1.pdb	AU	16.046543264520736
PZ7_Bujnicki_1.pdb	GU	16.80876517741679
PZ7_Bujnicki_1.pdb	GU	17.790567902082078
PZ7_Bujnicki_1.pdb	GU	19.856816673203475
PZ7_Bujnicki_1.pdb	UU	18.782621162549184
PZ7_Bujnicki_1.pdb	CG	18.872338277432657
PZ7_Bujnicki_1.pdb	CG	16.911920348248742
PZ7_Bujnicki_1.pdb	CC	11.857104965443108
PZ7_Bujnicki_1.pdb	CC	9.623671721068213
PZ7_Bujnicki_1.pdb	CC	11.993774915350228
PZ7_Bujnicki_1.pdb	AC	15.815385397934131
PZ7_Bujnicki_1.pdb	AC	18.190434369066786
PZ7_Bujnicki_1.pdb	CG	16.526302285959144
PZ7_Bujnicki_1.pdb	CC	17.56195482955657
PZ7_Bujnicki_1.pdb	CG	16.28700530779061
PZ7_Bujnicki_1.pdb	CG	13.855010667281867
PZ7_Bujnicki_1.pdb	CU	12.039928406752912
PZ7_Bujnicki_1.pdb	AC	12.391472258508655
PZ7_Bujnicki_1.pdb	CG	13.591080400203335
PZ7_Bujnicki_1.pdb	CU	16.39921119809985
PZ7_Bujnicki_1.pdb	AC	18.7001349490403
PZ7_Bujnicki_1.pdb	AC	19.884237908511672
PZ7_Bujnicki_1.pdb	AU	19.832514272734276
PZ7_Bujnicki_1.pdb	GU	16.384362005804505
PZ7_Bujnicki_1.pdb	CU	12.729358493297473
PZ7_Bujnicki_1.pdb	CU	12.110218445927352
PZ7_Bujnicki_1.pdb	CU	14.996159306347437
PZ7_Bujnicki_1.pdb	AU	18.081166403575697
PZ7_Bujnicki_1.pdb	AU	19.092283556282887
PZ7_Bujnicki_1.pdb	GU	16.19954789255644
PZ7_Bujnicki_1.pdb	CU	15.813257500478345
PZ7_Bujnicki_1.pdb	GU	14.103958699122161
PZ7_Bujnicki_1.pdb	GU	12.673029698748907
PZ7_Bujnicki_1.pdb	UU	12.952337003448127
PZ7_Bujnicki_1.pdb	AU	14.594771365509379
PZ7_Bujnicki_1.pdb	GU	17.629665128592617
PZ7_Bujnicki_1.pdb	GG	16.737189274786385
PZ7_Bujnicki_1.pdb	CG	14.726987043532375
PZ7_Bujnicki_1.pdb	CG	14.957789267689009
PZ7_Bujnicki_1.pdb	CG	17.609481624473606
PZ7_Bujnicki_1.pdb	AG	19.707616088020096
PZ7_Bujnicki_1.pdb	AG	19.399558152590465
PZ7_Bujnicki_1.pdb	GG	15.847777771931423
PZ7_Bujnicki_1.pdb	CG	14.396003717306513
PZ7_Bujnicki_1.pdb	GG	13.277030578204274
PZ7_Bujnicki_1.pdb	GG	13.9869010289356
PZ7_Bujnicki_1.pdb	GU	16.414773627134686
PZ7_Bujnicki_1.pdb	AG	19.11835152640071
PZ7_Bujnicki_1.pdb	CG	19.787234584584557
PZ7_Bujnicki_1.pdb	CG	19.339995740099198
PZ7_Bujnicki_1.pdb	CG	17.02344600132586
PZ7_Bujnicki_1.pdb	CC	15.99222039544252
PZ7_Bujnicki_1.pdb	CC	16.08699942308119
PZ7_Bujnicki_1.pdb	CC	17.916227125602045
PZ7_Bujnicki_1.pdb	AC	18.907560378030468
PZ7_Bujnicki_1.pdb	AC	17.608003784457907
PZ7_Bujnicki_1.pdb	CG	14.329159304716638
PZ7_Bujnicki_1.pdb	CC	13.028270429181065
PZ7_Bujnicki_1.pdb	CG	13.867338296866196
PZ7_Bujnicki_1.pdb	CG	16.622023608765165
PZ7_Bujnicki_1.pdb	GG	19.455769993424827
PZ7_Bujnicki_1.pdb	GG	18.89933491337328
PZ7_Bujnicki_1.pdb	GG	17.733923781883853
PZ7_Bujnicki_1.pdb	CG	17.274078824546148
PZ7_Bujnicki_1.pdb	CG	16.91414430174364
PZ7_Bujnicki_1.pdb	CG	17.68196233981359
PZ7_Bujnicki_1.pdb	AG	17.53884193886689
PZ7_Bujnicki_1.pdb	AG	15.568108165330509
PZ7_Bujnicki_1.pdb	GG	13.445055258104725
PZ7_Bujnicki_1.pdb	CG	13.28121490472961
PZ7_Bujnicki_1.pdb	GG	16.18704093156275
PZ7_Bujnicki_1.pdb	AC	19.46282651428092
PZ7_Bujnicki_1.pdb	AG	18.927819761440393
PZ7_Bujnicki_1.pdb	AG	18.766374420406237
PZ7_Bujnicki_1.pdb	AC	18.708097673563692
PZ7_Bujnicki_1.pdb	AC	17.940153725644876
PZ7_Bujnicki_1.pdb	AC	17.709684687520202
PZ7_Bujnicki_1.pdb	AA	16.62712027886275
PZ7_Bujnicki_1.pdb	AA	14.566417816660051
PZ7_Bujnicki_1.pdb	AG	14.417683514312605
PZ7_Bujnicki_1.pdb	AC	15.81814964841985
PZ7_Bujnicki_1.pdb	AC	19.272589623183297
PZ7_Bujnicki_1.pdb	AG	18.355615069885854
PZ7_Bujnicki_1.pdb	AU	18.349572986042094
PZ7_Bujnicki_1.pdb	AC	18.014387633159668
PZ7_Bujnicki_1.pdb	AG	18.56563358263979
PZ7_Bujnicki_1.pdb	AG	18.7829579573895
PZ7_Bujnicki_1.pdb	AC	18.701550168305495
PZ7_Bujnicki_1.pdb	AC	17.491896373570526
PZ7_Bujnicki_1.pdb	AC	16.47920435135019
PZ7_Bujnicki_1.pdb	AA	15.043444454655505
PZ7_Bujnicki_1.pdb	AA	13.97525452493835
PZ7_Bujnicki_1.pdb	AG	16.028674173723772
PZ7_Bujnicki_1.pdb	AC	18.978979832835208
PZ7_Bujnicki_1.pdb	GG	17.816180834512526
PZ7_Bujnicki_1.pdb	GU	16.184775793868642
PZ7_Bujnicki_1.pdb	CG	14.791929715999533
PZ7_Bujnicki_1.pdb	GG	15.430398771137735
PZ7_Bujnicki_1.pdb	GU	17.097206677844028
PZ7_Bujnicki_1.pdb	CG	17.796107019899868
PZ7_Bujnicki_1.pdb	GG	18.60541534981587
PZ7_Bujnicki_1.pdb	GG	18.413770269619114
PZ7_Bujnicki_1.pdb	CG	17.74966619661917
PZ7_Bujnicki_1.pdb	CG	15.891790982052562
PZ7_Bujnicki_1.pdb	CG	14.139295079169914
PZ7_Bujnicki_1.pdb	AG	12.875535079360521
PZ7_Bujnicki_1.pdb	AG	13.673595651540673
PZ7_Bujnicki_1.pdb	GG	17.494092306209236
PZ7_Bujnicki_1.pdb	GG	18.54240004308776
PZ7_Bujnicki_1.pdb	AG	19.5862003154715
PZ7_Bujnicki_1.pdb	GU	11.639062222838012
PZ7_Bujnicki_1.pdb	CG	12.211704229454911
PZ7_Bujnicki_1.pdb	GG	14.713932481101077
PZ7_Bujnicki_1.pdb	GU	17.502588358454535
PZ7_Bujnicki_1.pdb	CG	18.419103346257433
PZ7_Bujnicki_1.pdb	GG	18.725929267694344
PZ7_Bujnicki_1.pdb	GG	17.664449715180645
PZ7_Bujnicki_1.pdb	CG	16.18384499427183
PZ7_Bujnicki_1.pdb	CG	13.801028311723737
PZ7_Bujnicki_1.pdb	CG	11.755760077051319
PZ7_Bujnicki_1.pdb	AG	11.612760515888578
PZ7_Bujnicki_1.pdb	AG	14.665800290187121
PZ7_Bujnicki_1.pdb	GG	19.24379167562435
PZ7_Bujnicki_1.pdb	AG	19.349704996864297
PZ7_Bujnicki_1.pdb	GG	14.692151634721831
PZ7_Bujnicki_1.pdb	GG	12.993562685794993
PZ7_Bujnicki_1.pdb	GG	15.634231569272082
PZ7_Bujnicki_1.pdb	AG	14.540063230230787
PZ7_Bujnicki_1.pdb	AG	17.952271327934923
PZ7_Bujnicki_1.pdb	GU	17.88155129752573
PZ7_Bujnicki_1.pdb	GU	17.31870136491853
PZ7_Bujnicki_1.pdb	CG	19.749831081005823
PZ7_Bujnicki_1.pdb	AG	18.651811949680866
PZ7_Bujnicki_1.pdb	CG	12.399375846334491
PZ7_Bujnicki_1.pdb	GG	15.77969352307381
PZ7_Bujnicki_1.pdb	GU	18.59855599120496
PZ7_Bujnicki_1.pdb	CG	18.98699717990126
PZ7_Bujnicki_1.pdb	GG	18.31713658240634
PZ7_Bujnicki_1.pdb	GG	16.223008241333574
PZ7_Bujnicki_1.pdb	CG	13.996225336212222
PZ7_Bujnicki_1.pdb	CG	11.64364281484294
PZ7_Bujnicki_1.pdb	CG	10.44635428324992
PZ7_Bujnicki_1.pdb	AG	12.492735860425096
PZ7_Bujnicki_1.pdb	AG	17.194749184588236
PZ7_Bujnicki_1.pdb	CG	18.708220969470833
PZ7_Bujnicki_1.pdb	AG	13.572537825466439
PZ7_Bujnicki_1.pdb	GG	8.96441938561528
PZ7_Bujnicki_1.pdb	GG	8.570859784662131
PZ7_Bujnicki_1.pdb	GG	12.87579911429837
PZ7_Bujnicki_1.pdb	AG	12.60522674665398
PZ7_Bujnicki_1.pdb	AG	15.90155571433737
PZ7_Bujnicki_1.pdb	GG	18.74429637012167
PZ7_Bujnicki_1.pdb	GU	12.90349585254389
PZ7_Bujnicki_1.pdb	GU	12.971714283275421
PZ7_Bujnicki_1.pdb	GG	17.873161153825524
PZ7_Bujnicki_1.pdb	AG	18.671848420171383
PZ7_Bujnicki_1.pdb	CG	16.8105847228791
PZ7_Bujnicki_1.pdb	GU	17.683297237963174
PZ7_Bujnicki_1.pdb	AG	19.16711511451822
PZ7_Bujnicki_1.pdb	CG	16.660439845374444
PZ7_Bujnicki_1.pdb	CU	18.85419559410898
PZ7_Bujnicki_1.pdb	CC	18.565493704486276
PZ7_Bujnicki_1.pdb	CG	17.07894475010397
PZ7_Bujnicki_1.pdb	CG	14.45870510931749
PZ7_Bujnicki_1.pdb	CC	12.3772573493678
PZ7_Bujnicki_1.pdb	CC	11.495251468200538
PZ7_Bujnicki_1.pdb	CC	12.499623523183434
PZ7_Bujnicki_1.pdb	AC	16.310155183188805
PZ7_Bujnicki_1.pdb	CG	19.48001395441517
PZ7_Bujnicki_1.pdb	CC	14.170111907079894
PZ7_Bujnicki_1.pdb	AC	8.835893509505016
PZ7_Bujnicki_1.pdb	CG	5.929315155462763
PZ7_Bujnicki_1.pdb	CG	9.371575324780885
PZ7_Bujnicki_1.pdb	CG	14.953782213760125
PZ7_Bujnicki_1.pdb	AC	15.309912079735975
PZ7_Bujnicki_1.pdb	AC	17.69915241142554
PZ7_Bujnicki_1.pdb	AC	19.136718433644795
PZ7_Bujnicki_1.pdb	CG	13.316608481424296
PZ7_Bujnicki_1.pdb	CU	7.525195643038613
PZ7_Bujnicki_1.pdb	CU	8.019642786578858
PZ7_Bujnicki_1.pdb	CG	13.427531040633058
PZ7_Bujnicki_1.pdb	AC	17.80657960711248
PZ7_Bujnicki_1.pdb	CC	19.72897212391794
PZ7_Bujnicki_1.pdb	CU	19.344879787147914
PZ7_Bujnicki_1.pdb	AC	17.040375989750302
PZ7_Bujnicki_1.pdb	CC	14.926824068552492
PZ7_Bujnicki_1.pdb	CU	14.666959009457628
PZ7_Bujnicki_1.pdb	CG	17.343765522000744
PZ7_Bujnicki_1.pdb	GU	19.90111288939082
PZ7_Bujnicki_1.pdb	GG	19.540939716485973
PZ7_Bujnicki_1.pdb	CG	18.108696529472113
PZ7_Bujnicki_1.pdb	CG	16.992987010299508
PZ7_Bujnicki_1.pdb	CG	16.773128671692756
PZ7_Bujnicki_1.pdb	AG	19.35154335234144
PZ7_Bujnicki_1.pdb	CG	16.582291031612854
PZ7_Bujnicki_1.pdb	AG	10.970342199318548
PZ7_Bujnicki_1.pdb	GG	6.793513282303142
PZ7_Bujnicki_1.pdb	GG	8.877608848492406
PZ7_Bujnicki_1.pdb	GG	14.085897189881521
PZ7_Bujnicki_1.pdb	AG	12.217871159487498
PZ7_Bujnicki_1.pdb	AG	12.998819529634671
PZ7_Bujnicki_1.pdb	CG	16.600865966212
PZ7_Bujnicki_1.pdb	AG	18.794579082646358
PZ7_Bujnicki_1.pdb	GG	13.766285398702216
PZ7_Bujnicki_1.pdb	GU	9.015596957693557
PZ7_Bujnicki_1.pdb	GU	11.950053005234883
PZ7_Bujnicki_1.pdb	GG	16.371870642062376
PZ7_Bujnicki_1.pdb	AG	19.576683990545217
PZ7_Bujnicki_1.pdb	CG	19.95006252705873
PZ7_Bujnicki_1.pdb	GU	17.977953227434174
PZ7_Bujnicki_1.pdb	AG	14.128774735755352
PZ7_Bujnicki_1.pdb	CG	10.578826775330711
PZ7_Bujnicki_1.pdb	GU	10.250526447194876
PZ7_Bujnicki_1.pdb	GG	14.042077233764678
PZ7_Bujnicki_1.pdb	GU	19.669547347989866
PZ7_Bujnicki_1.pdb	CU	18.69105936839716
PZ7_Bujnicki_1.pdb	CU	19.952215475057635
PZ7_Bujnicki_1.pdb	CU	19.8278448851046
PZ7_Bujnicki_1.pdb	AU	16.58790736918853
PZ7_Bujnicki_1.pdb	GU	12.664274572803198
PZ7_Bujnicki_1.pdb	GU	13.69579680662602
PZ7_Bujnicki_1.pdb	GU	18.102233207154573
PZ7_Bujnicki_1.pdb	AU	14.566584675305641
PZ7_Bujnicki_1.pdb	AU	14.296569111860173
PZ7_Bujnicki_1.pdb	CU	18.046579450575564
PZ7_Bujnicki_1.pdb	GU	16.43906910197783
PZ7_Bujnicki_1.pdb	UU	11.980210922761918
PZ7_Bujnicki_1.pdb	UU	14.341316558308733
PZ7_Bujnicki_1.pdb	GU	17.236765625271453
PZ7_Bujnicki_1.pdb	AU	18.763909050596048
PZ7_Bujnicki_1.pdb	CU	17.646015148122242
PZ7_Bujnicki_1.pdb	UU	14.396984627227457
PZ7_Bujnicki_1.pdb	AU	10.1349447828681
PZ7_Bujnicki_1.pdb	CU	8.142544614277423
PZ7_Bujnicki_1.pdb	UU	11.283007466433556
PZ7_Bujnicki_1.pdb	GU	16.72340317098946
PZ7_Bujnicki_1.pdb	CG	18.23795737431979
PZ7_Bujnicki_1.pdb	CG	19.934793413225513
PZ7_Bujnicki_1.pdb	CG	17.821963651359045
PZ7_Bujnicki_1.pdb	CG	18.72726634938996
PZ7_Bujnicki_1.pdb	AC	19.168691174440642
PZ7_Bujnicki_1.pdb	AC	18.997471952427443
PZ7_Bujnicki_1.pdb	CG	19.70555635107223
PZ7_Bujnicki_1.pdb	CU	15.384484446671383
PZ7_Bujnicki_1.pdb	CU	16.47613126978976
PZ7_Bujnicki_1.pdb	CG	17.921583275396053
PZ7_Bujnicki_1.pdb	AC	17.9696615707016
PZ7_Bujnicki_1.pdb	CC	15.917917041723033
PZ7_Bujnicki_1.pdb	CU	12.251842611463813
PZ7_Bujnicki_1.pdb	AC	9.342313369644506
PZ7_Bujnicki_1.pdb	CC	10.778789128043577
PZ7_Bujnicki_1.pdb	CU	15.761692098282277
PZ7_Bujnicki_1.pdb	GG	18.357480257009286
PZ7_Bujnicki_1.pdb	GU	17.65276123139054
PZ7_Bujnicki_1.pdb	GU	17.42635115155305
PZ7_Bujnicki_1.pdb	GG	17.357947364203074
PZ7_Bujnicki_1.pdb	AG	16.146222278809834
PZ7_Bujnicki_1.pdb	CG	13.886882971515721
PZ7_Bujnicki_1.pdb	GU	11.212675512543726
PZ7_Bujnicki_1.pdb	AG	11.144638852871193
PZ7_Bujnicki_1.pdb	CG	14.789885575211565
PZ7_Bujnicki_1.pdb	CU	19.83439363026902
PZ7_Bujnicki_1.pdb	UU	19.176913253158038
PZ7_Bujnicki_1.pdb	UU	17.570201528050035
PZ7_Bujnicki_1.pdb	GU	16.196023743312836
PZ7_Bujnicki_1.pdb	AU	14.268832100878837
PZ7_Bujnicki_1.pdb	CU	12.94308026999538
PZ7_Bujnicki_1.pdb	UU	12.620628362170207
PZ7_Bujnicki_1.pdb	AU	14.852741206040687
PZ7_Bujnicki_1.pdb	CU	19.123459447834815
PZ7_Bujnicki_1.pdb	CC	19.95340474190756
PZ7_Bujnicki_1.pdb	CU	18.748692208808563
PZ7_Bujnicki_1.pdb	CU	15.770418757617206
PZ7_Bujnicki_1.pdb	CG	13.989343154210774
PZ7_Bujnicki_1.pdb	AC	12.883620772853149
PZ7_Bujnicki_1.pdb	CC	13.86530803343816
PZ7_Bujnicki_1.pdb	CU	15.703190872108303
PZ7_Bujnicki_1.pdb	AC	18.485368635811948
PZ7_Bujnicki_1.pdb	GU	17.295198476318102
PZ7_Bujnicki_1.pdb	GU	13.14894849135499
PZ7_Bujnicki_1.pdb	GG	11.792657409782032
PZ7_Bujnicki_1.pdb	AG	12.728946284848282
PZ7_Bujnicki_1.pdb	CG	15.93720148962366
PZ7_Bujnicki_1.pdb	GU	18.893136666078544
PZ7_Bujnicki_1.pdb	AG	19.1828096263529
PZ7_Bujnicki_1.pdb	GG	19.483502695477856
PZ7_Bujnicki_1.pdb	GG	19.49699553196223
PZ7_Bujnicki_1.pdb	GU	15.483981273298026
PZ7_Bujnicki_1.pdb	GU	10.702448657816385
PZ7_Bujnicki_1.pdb	GG	11.365689452857755
PZ7_Bujnicki_1.pdb	AG	14.786173796646008
PZ7_Bujnicki_1.pdb	CG	18.99605578817399
PZ7_Bujnicki_1.pdb	CC	18.403787162317983
PZ7_Bujnicki_1.pdb	AC	16.03746644077898
PZ7_Bujnicki_1.pdb	CG	16.31934526781506
PZ7_Bujnicki_1.pdb	CG	19.05751305721759
PZ7_Bujnicki_1.pdb	CG	19.62564945966092
PZ7_Bujnicki_1.pdb	CU	15.129410626885345
PZ7_Bujnicki_1.pdb	CU	10.74733041451497
PZ7_Bujnicki_1.pdb	CG	13.876702913264946
PZ7_Bujnicki_1.pdb	AC	18.641843920154738
PZ7_Bujnicki_1.pdb	CG	16.477238151261375
PZ7_Bujnicki_1.pdb	CC	19.69075571776735
PZ7_Bujnicki_1.pdb	CC	17.47777970220236
PZ7_Bujnicki_1.pdb	AC	15.025063232735805
PZ7_Bujnicki_1.pdb	CG	14.132160790073156
PZ7_Bujnicki_1.pdb	CG	15.388705558914507
PZ7_Bujnicki_1.pdb	CG	18.832887792534216
PZ7_Bujnicki_1.pdb	CU	16.57694459229667
PZ7_Bujnicki_1.pdb	CU	13.431854389127778
PZ7_Bujnicki_1.pdb	CG	18.01207879327064
PZ7_Bujnicki_1.pdb	CC	17.585044119607133
PZ7_Bujnicki_1.pdb	CG	19.930674043112614
PZ7_Bujnicki_1.pdb	CU	19.71959192979455
PZ7_Bujnicki_1.pdb	CC	19.13751942496158
PZ7_Bujnicki_1.pdb	AC	16.345528753305903
PZ7_Bujnicki_1.pdb	CG	13.78386544238759
PZ7_Bujnicki_1.pdb	CG	12.701801405950125
PZ7_Bujnicki_1.pdb	CG	14.656402931073858
PZ7_Bujnicki_1.pdb	AC	18.272646147987526
PZ7_Bujnicki_1.pdb	CU	19.20000056281889
PZ7_Bujnicki_1.pdb	CU	17.269468381420513
PZ7_Bujnicki_1.pdb	AC	19.529434259782484
PZ7_Bujnicki_1.pdb	AG	18.77659062537238
PZ7_Bujnicki_1.pdb	AG	17.24629173551397
PZ7_Bujnicki_1.pdb	AG	14.306938582883115
PZ7_Bujnicki_1.pdb	AG	14.344210732389119
PZ7_Bujnicki_1.pdb	AA	17.6255502557014
PZ7_Bujnicki_1.pdb	AA	17.61059163118537
PZ7_Bujnicki_1.pdb	AA	15.993137881490068
PZ7_Bujnicki_1.pdb	AG	18.994747106951827
PZ7_Bujnicki_1.pdb	AG	18.536921278593493
PZ7_Bujnicki_1.pdb	AG	19.70813352335658
PZ7_Bujnicki_1.pdb	AG	19.047503536336414
PZ7_Bujnicki_1.pdb	AA	19.620833144944296
PZ7_Bujnicki_1.pdb	AA	17.78903585666104
PZ7_Bujnicki_1.pdb	GU	16.59728570306004
PZ7_Bujnicki_1.pdb	AC	19.735385725633932
PZ7_Bujnicki_1.pdb	AG	19.912642512896305
PZ7_Bujnicki_1.pdb	GG	19.28346896644815
PZ7_Bujnicki_1.pdb	GG	19.240002617217463
PZ7_Bujnicki_1.pdb	GU	19.031472611540178
PZ7_Bujnicki_1.pdb	GU	19.49680021163696
PZ7_Bujnicki_1.pdb	CG	19.223877020937486
PZ7_Bujnicki_1.pdb	AC	18.266072881469317
PZ7_Bujnicki_1.pdb	CG	13.99101332512985
PZ7_Bujnicki_1.pdb	CU	13.305620260101067
PZ7_Bujnicki_1.pdb	CU	14.293969892503801
PZ7_Bujnicki_1.pdb	CG	18.760051552762075
PZ7_Bujnicki_1.pdb	CU	19.649860431874018
PZ7_Bujnicki_1.pdb	CG	17.426865650515857
PZ7_Bujnicki_1.pdb	CU	19.753628418390555
PZ7_Bujnicki_1.pdb	AA	18.22208483519812
PZ7_Bujnicki_1.pdb	AA	16.63381992290268
PZ7_Bujnicki_1.pdb	AG	11.349137180825686
PZ7_Bujnicki_1.pdb	AU	8.846547188345317
PZ7_Bujnicki_1.pdb	AU	10.596072042971377
PZ7_Bujnicki_1.pdb	AG	15.772797520353935
PZ7_Bujnicki_1.pdb	AC	18.644872241439504
PZ7_Bujnicki_1.pdb	AU	15.316341149397894
PZ7_Bujnicki_1.pdb	AG	14.624690706885145
PZ7_Bujnicki_1.pdb	AU	18.37101008920588
PZ7_Bujnicki_1.pdb	AG	15.250396863008602
PZ7_Bujnicki_1.pdb	CG	18.54617680754275
PZ7_Bujnicki_1.pdb	AG	19.659277692223696
PZ7_Bujnicki_1.pdb	GG	14.15819494122014
PZ7_Bujnicki_1.pdb	GU	9.875784980466543
PZ7_Bujnicki_1.pdb	GU	11.925346425555578
PZ7_Bujnicki_1.pdb	GG	17.514536852215063
PZ7_Bujnicki_1.pdb	CG	16.51213575352964
PZ7_Bujnicki_1.pdb	GU	14.134351296733232
PZ7_Bujnicki_1.pdb	GG	15.34595776150113
PZ7_Bujnicki_1.pdb	CG	16.22654456453365
PZ7_Bujnicki_1.pdb	GG	19.75134906709892
PZ7_Bujnicki_1.pdb	GU	15.18579209776948
PZ7_Bujnicki_1.pdb	GU	16.898148973730503
PZ7_Bujnicki_1.pdb	CG	18.9841581503864
PZ7_Bujnicki_1.pdb	GU	17.21201265206455
PZ7_Bujnicki_1.pdb	GG	19.135555266816812
PZ7_Bujnicki_1.pdb	GU	18.213273505113712
PZ7_Bujnicki_1.pdb	AG	15.46398459488051
PZ7_Bujnicki_1.pdb	AG	16.140263417958565
PZ7_Bujnicki_1.pdb	GG	19.186212698853094
PZ7_Bujnicki_1.pdb	CG	17.262882216897886
PZ7_Bujnicki_1.pdb	GU	13.738122939108287
PZ7_Bujnicki_1.pdb	AG	10.812385822972564
PZ7_Bujnicki_1.pdb	AG	10.820873125568607
PZ7_Bujnicki_1.pdb	GG	13.65619413047538
PZ7_Bujnicki_1.pdb	GU	18.146144382406842
PZ7_Bujnicki_1.pdb	AC	19.6751396728911
PZ7_Bujnicki_1.pdb	AU	18.720910651547232
PZ7_Bujnicki_1.pdb	AG	17.5378785704671
PZ7_Bujnicki_1.pdb	AC	13.43686482546384
PZ7_Bujnicki_1.pdb	AU	11.267998573336373
PZ7_Bujnicki_1.pdb	AA	10.098648993387483
PZ7_Bujnicki_1.pdb	AA	13.254521102635353
PZ7_Bujnicki_1.pdb	AG	17.465513726259157
PZ7_Bujnicki_1.pdb	AC	17.359439133662317
PZ7_Bujnicki_1.pdb	AU	16.308966627851465
PZ7_Bujnicki_1.pdb	AG	19.473995771959867
PZ7_Bujnicki_1.pdb	AG	18.425281036952104
PZ7_Bujnicki_1.pdb	AG	14.734217772269647
PZ7_Bujnicki_1.pdb	AC	11.977647699315925
PZ7_Bujnicki_1.pdb	AU	12.490944240856221
PZ7_Bujnicki_1.pdb	AA	13.82074795094489
PZ7_Bujnicki_1.pdb	AA	17.862316249482472
PZ7_Bujnicki_1.pdb	CU	18.07861949526386
PZ7_Bujnicki_1.pdb	CC	18.535673718120144
PZ7_Bujnicki_1.pdb	CU	16.304571821051837
PZ7_Bujnicki_1.pdb	CG	18.334137812146697
PZ7_Bujnicki_1.pdb	CG	19.52255805039962
PZ7_Bujnicki_1.pdb	CG	19.039131003476527
PZ7_Bujnicki_1.pdb	CU	18.100401322279087
PZ7_Bujnicki_1.pdb	CG	18.12349484905697
PZ7_Bujnicki_1.pdb	AC	16.95672801072116
PZ7_Bujnicki_1.pdb	CG	14.782790454231687
PZ7_Bujnicki_1.pdb	CG	12.702865834710126
PZ7_Bujnicki_1.pdb	CC	12.506945973238311
PZ7_Bujnicki_1.pdb	CU	15.276507440839795
PZ7_Bujnicki_1.pdb	AC	18.30774293845012
PZ7_Bujnicki_1.pdb	UU	19.637096313267374
PZ7_Bujnicki_1.pdb	UU	18.338960239001068
PZ7_Bujnicki_1.pdb	GU	16.926671479089848
PZ7_Bujnicki_1.pdb	UU	14.63591111656665
PZ7_Bujnicki_1.pdb	CU	19.130419303584667
PZ7_Bujnicki_1.pdb	UU	18.67225766424434
PZ7_Bujnicki_1.pdb	UU	19.761605512829746
PZ7_Bujnicki_1.pdb	GU	19.163303933084624
PZ7_Bujnicki_1.pdb	GU	18.622910388919685
PZ7_Bujnicki_1.pdb	UU	17.562596139899043
PZ7_Bujnicki_1.pdb	AU	19.50577885937461
PZ7_Bujnicki_1.pdb	GU	15.861037684582593
PZ7_Bujnicki_1.pdb	AU	13.819868117902105
PZ7_Bujnicki_1.pdb	GU	11.884232280678185
PZ7_Bujnicki_1.pdb	GU	11.47308658647379
PZ7_Bujnicki_1.pdb	CU	13.967134839396632
PZ7_Bujnicki_1.pdb	UU	18.6413649834592
PZ7_Bujnicki_1.pdb	CU	19.52222986242532
PZ7_Bujnicki_1.pdb	AC	16.978441160199736
PZ7_Bujnicki_1.pdb	CU	14.908245800667512
PZ7_Bujnicki_1.pdb	CU	14.824675590733417
PZ7_Bujnicki_1.pdb	CG	15.024006197429516
PZ7_Bujnicki_1.pdb	CU	14.38146656557452
PZ7_Bujnicki_1.pdb	CU	18.40760159368058
PZ7_Bujnicki_1.pdb	CU	19.663603561922802
PZ7_Bujnicki_1.pdb	CG	18.94578271236084
PZ7_Bujnicki_1.pdb	CG	17.867188333592427
PZ7_Bujnicki_1.pdb	CU	16.479502468595566
PZ7_Bujnicki_1.pdb	AC	17.621347890502776
PZ7_Bujnicki_1.pdb	CG	13.420373828294272
PZ7_Bujnicki_1.pdb	AC	11.247627950934978
PZ7_Bujnicki_1.pdb	CG	10.79595543559605
PZ7_Bujnicki_1.pdb	CG	12.838194322265425
PZ7_Bujnicki_1.pdb	CC	17.051167053212993
PZ7_Bujnicki_1.pdb	AC	18.93137378785776
PZ7_Bujnicki_1.pdb	AC	15.852755516570292
PZ7_Bujnicki_1.pdb	AA	12.232258641807858
PZ7_Bujnicki_1.pdb	AU	11.912136449687234
PZ7_Bujnicki_1.pdb	AU	13.963174192379599
PZ7_Bujnicki_1.pdb	AG	15.651342303060757
PZ7_Bujnicki_1.pdb	AU	16.02891204077112
PZ7_Bujnicki_1.pdb	AU	18.662053500017898
PZ7_Bujnicki_1.pdb	AU	19.310065539353445
PZ7_Bujnicki_1.pdb	AG	18.028136305886843
PZ7_Bujnicki_1.pdb	AG	16.181350779813116
PZ7_Bujnicki_1.pdb	AU	14.54956885595514
PZ7_Bujnicki_1.pdb	AA	14.873052356879484
PZ7_Bujnicki_1.pdb	AG	10.990922279258777
PZ7_Bujnicki_1.pdb	AA	10.182224238285194
PZ7_Bujnicki_1.pdb	AG	12.447891388083857
PZ7_Bujnicki_1.pdb	AG	16.472409192865168
PZ7_Bujnicki_1.pdb	CC	19.352081558641075
PZ7_Bujnicki_1.pdb	AC	15.906183641016309
PZ7_Bujnicki_1.pdb	CC	11.2132106322255
PZ7_Bujnicki_1.pdb	AC	9.504966427638228
PZ7_Bujnicki_1.pdb	CU	11.845985238850325
PZ7_Bujnicki_1.pdb	CU	15.2392001266013
PZ7_Bujnicki_1.pdb	CG	17.217953753951136
PZ7_Bujnicki_1.pdb	CU	17.662273014559936
PZ7_Bujnicki_1.pdb	CU	18.23750661054932
PZ7_Bujnicki_1.pdb	CU	17.912551120348976
PZ7_Bujnicki_1.pdb	CG	16.09188649443229
PZ7_Bujnicki_1.pdb	CG	13.836570902341473
PZ7_Bujnicki_1.pdb	CU	12.736392680664618
PZ7_Bujnicki_1.pdb	AC	12.906922849679296
PZ7_Bujnicki_1.pdb	CG	11.003686827568552
PZ7_Bujnicki_1.pdb	AC	12.769834150733312
PZ7_Bujnicki_1.pdb	CG	16.77991522728988
PZ7_Bujnicki_1.pdb	AC	19.08590661435492
PZ7_Bujnicki_1.pdb	CC	16.37023880534799
PZ7_Bujnicki_1.pdb	AC	11.944512632077513
PZ7_Bujnicki_1.pdb	CC	9.005986997072792
PZ7_Bujnicki_1.pdb	AC	10.084822683723083
PZ7_Bujnicki_1.pdb	CU	13.737002068297418
PZ7_Bujnicki_1.pdb	CU	16.97905352260999
PZ7_Bujnicki_1.pdb	CG	18.3141415197899
PZ7_Bujnicki_1.pdb	CU	18.337967838960232
PZ7_Bujnicki_1.pdb	AC	18.292107285983068
PZ7_Bujnicki_1.pdb	CU	16.67303713327154
PZ7_Bujnicki_1.pdb	CU	15.407543071971029
PZ7_Bujnicki_1.pdb	CG	13.566269152133852
PZ7_Bujnicki_1.pdb	CG	11.952687804441073
PZ7_Bujnicki_1.pdb	CU	12.704651144898198
PZ7_Bujnicki_1.pdb	AC	13.835959283218209
PZ7_Bujnicki_1.pdb	CG	14.416442667035172
PZ7_Bujnicki_1.pdb	AC	17.736343513977303
PZ7_Bujnicki_1.pdb	AU	19.07521414615372
PZ7_Bujnicki_1.pdb	AU	17.72001159335146
PZ7_Bujnicki_1.pdb	CU	14.50225964504648
PZ7_Bujnicki_1.pdb	AU	11.96571704959846
PZ7_Bujnicki_1.pdb	CU	11.296381467536582
PZ7_Bujnicki_1.pdb	AU	13.08580295555851
PZ7_Bujnicki_1.pdb	UU	15.995913422285716
PZ7_Bujnicki_1.pdb	UU	17.96707497296407
PZ7_Bujnicki_1.pdb	GU	18.004928662876253
PZ7_Bujnicki_1.pdb	UU	17.30193537548026
PZ7_Bujnicki_1.pdb	GU	18.639694024543804
PZ7_Bujnicki_1.pdb	AU	14.36753344480427
PZ7_Bujnicki_1.pdb	UU	13.526588653329728
PZ7_Bujnicki_1.pdb	UU	11.724991422745246
PZ7_Bujnicki_1.pdb	GU	10.99939458404406
PZ7_Bujnicki_1.pdb	GU	11.664559261674341
PZ7_Bujnicki_1.pdb	UU	14.816589872227912
PZ7_Bujnicki_1.pdb	AU	17.41601054918031
PZ7_Bujnicki_1.pdb	GU	19.117656638490978
PZ7_Bujnicki_1.pdb	CU	18.938036996734713
PZ7_Bujnicki_1.pdb	AC	18.854876836473803
PZ7_Bujnicki_1.pdb	AC	16.479370615640654
PZ7_Bujnicki_1.pdb	CC	15.036378207894344
PZ7_Bujnicki_1.pdb	AC	14.43338149481887
PZ7_Bujnicki_1.pdb	CC	14.45007578746107
PZ7_Bujnicki_1.pdb	AC	15.418873268691803
PZ7_Bujnicki_1.pdb	CU	16.87077187250862
PZ7_Bujnicki_1.pdb	CU	17.285995372722805
PZ7_Bujnicki_1.pdb	CG	16.10326730880303
PZ7_Bujnicki_1.pdb	CU	15.135254113740418
PZ7_Bujnicki_1.pdb	CC	19.082929820621878
PZ7_Bujnicki_1.pdb	CU	19.57073316920072
PZ7_Bujnicki_1.pdb	AC	18.448234363214517
PZ7_Bujnicki_1.pdb	CU	18.122132767184855
PZ7_Bujnicki_1.pdb	CG	18.22230841265046
PZ7_Bujnicki_1.pdb	CU	17.420293390961
PZ7_Bujnicki_1.pdb	CG	13.477197975763113
PZ7_Bujnicki_1.pdb	AC	9.430409947198418
PZ7_Bujnicki_1.pdb	CU	10.15993281137477
PZ7_Bujnicki_1.pdb	CU	9.492330055446262
PZ7_Bujnicki_1.pdb	CG	11.541578197233244
PZ7_Bujnicki_1.pdb	CG	14.667515934632537
PZ7_Bujnicki_1.pdb	CU	18.93099089413832
PZ7_Bujnicki_1.pdb	CG	19.005862252386294
PZ7_Bujnicki_1.pdb	AC	18.89825574581452
PZ7_Bujnicki_1.pdb	AC	15.94315139706927
PZ7_Bujnicki_1.pdb	AC	14.978396138834718
PZ7_Bujnicki_1.pdb	CC	15.634962458462068
PZ7_Bujnicki_1.pdb	AC	16.49752176035736
PZ7_Bujnicki_1.pdb	CC	16.734778545478214
PZ7_Bujnicki_1.pdb	AC	16.89409048138483
PZ7_Bujnicki_1.pdb	CU	17.05644699470902
PZ7_Bujnicki_1.pdb	CU	16.255270127506805
PZ7_Bujnicki_1.pdb	CG	14.621403550013346
PZ7_Bujnicki_1.pdb	CU	14.594813473612891
PZ7_Bujnicki_1.pdb	CC	17.19755302637848
PZ7_Bujnicki_1.pdb	AC	17.52675807606602
PZ7_Bujnicki_1.pdb	CU	15.426050937831912
PZ7_Bujnicki_1.pdb	CG	14.037677037826532
PZ7_Bujnicki_1.pdb	CU	12.419343145241209
PZ7_Bujnicki_1.pdb	CG	8.240073524851331
PZ7_Bujnicki_1.pdb	AC	6.3792887053524385
PZ7_Bujnicki_1.pdb	CU	10.390457371251387
PZ7_Bujnicki_1.pdb	CU	12.227999456257837
PZ7_Bujnicki_1.pdb	CG	16.077086628127127
PZ7_Bujnicki_1.pdb	CG	19.979217889169796
PZ7_Bujnicki_1.pdb	AA	14.998102626369558
PZ7_Bujnicki_1.pdb	AA	13.0827078232403
PZ7_Bujnicki_1.pdb	AA	14.315350421644304
PZ7_Bujnicki_1.pdb	AC	16.64396349950962
PZ7_Bujnicki_1.pdb	AA	18.028509770854292
PZ7_Bujnicki_1.pdb	AC	17.856628320715323
PZ7_Bujnicki_1.pdb	AA	16.994817065283836
PZ7_Bujnicki_1.pdb	AU	15.933786783755826
PZ7_Bujnicki_1.pdb	AU	14.35727651486784
PZ7_Bujnicki_1.pdb	AG	13.308256343815003
PZ7_Bujnicki_1.pdb	AU	15.217773603117069
PZ7_Bujnicki_1.pdb	AC	17.132625180200105
PZ7_Bujnicki_1.pdb	AU	17.41045863616714
PZ7_Bujnicki_1.pdb	AG	14.028684188650324
PZ7_Bujnicki_1.pdb	AU	10.251693340296603
PZ7_Bujnicki_1.pdb	AG	6.0113494638421745
PZ7_Bujnicki_1.pdb	AA	8.329928575443988
PZ7_Bujnicki_1.pdb	AU	13.525121711420365
PZ7_Bujnicki_1.pdb	AU	17.024241885388147
PZ7_Bujnicki_1.pdb	AA	11.590595698315699
PZ7_Bujnicki_1.pdb	AA	14.858073895867998
PZ7_Bujnicki_1.pdb	AC	17.810489323867838
PZ7_Bujnicki_1.pdb	AA	18.91250931468747
PZ7_Bujnicki_1.pdb	AC	17.992578163536038
PZ7_Bujnicki_1.pdb	AA	16.113447963907543
PZ7_Bujnicki_1.pdb	AU	14.086143456485859
PZ7_Bujnicki_1.pdb	AU	12.440944506144634
PZ7_Bujnicki_1.pdb	AG	13.066712340582008
PZ7_Bujnicki_1.pdb	AU	16.96635843015115
PZ7_Bujnicki_1.pdb	AC	19.089338814938582
PZ7_Bujnicki_1.pdb	AG	18.11121322323674
PZ7_Bujnicki_1.pdb	AU	13.065683316822625
PZ7_Bujnicki_1.pdb	AG	9.847206231866632
PZ7_Bujnicki_1.pdb	AA	12.984968335625227
PZ7_Bujnicki_1.pdb	AU	17.596265213845328
PZ7_Bujnicki_1.pdb	AU	15.199615906906718
PZ7_Bujnicki_1.pdb	CU	17.73550303777353
PZ7_Bujnicki_1.pdb	AU	18.07587752476111
PZ7_Bujnicki_1.pdb	CU	16.434028634212975
PZ7_Bujnicki_1.pdb	AU	13.98887227582455
PZ7_Bujnicki_1.pdb	UU	11.927958189156252
PZ7_Bujnicki_1.pdb	UU	11.719159476434806
PZ7_Bujnicki_1.pdb	GU	14.685853018145655
PZ7_Bujnicki_1.pdb	UU	19.70833224017877
PZ7_Bujnicki_1.pdb	UU	18.585829753581848
PZ7_Bujnicki_1.pdb	GU	15.45613055146041
PZ7_Bujnicki_1.pdb	AU	17.786578901449733
PZ7_Bujnicki_1.pdb	CG	15.973338028935173
PZ7_Bujnicki_1.pdb	AG	16.054800139850737
PZ7_Bujnicki_1.pdb	CG	14.714014875193717
PZ7_Bujnicki_1.pdb	AG	13.206701436982812
PZ7_Bujnicki_1.pdb	GU	12.904418425723843
PZ7_Bujnicki_1.pdb	GU	14.909127207519276
PZ7_Bujnicki_1.pdb	GG	19.03904819206795
PZ7_Bujnicki_1.pdb	AA	16.621724589328267
PZ7_Bujnicki_1.pdb	AC	17.32668314896761
PZ7_Bujnicki_1.pdb	AA	17.47898967242292
PZ7_Bujnicki_1.pdb	AU	17.976258448599545
PZ7_Bujnicki_1.pdb	AU	19.501437849544583
PZ7_Bujnicki_1.pdb	AC	16.5663485122676
PZ7_Bujnicki_1.pdb	AA	18.0762539389134
PZ7_Bujnicki_1.pdb	AU	19.50410137774745
PZ7_Bujnicki_1.pdb	AG	18.656226687068266
PZ7_Bujnicki_1.pdb	AA	17.714654469118845
PZ7_Bujnicki_1.pdb	AG	19.954442560733607
PZ7_Bujnicki_1.pdb	CU	19.601736509173413
PZ7_Bujnicki_1.pdb	CG	19.75518171536766
PZ7_Bujnicki_1.pdb	AU	18.58456993750198
PZ7_Bujnicki_1.pdb	AA	19.53734589419498
PZ7_Bujnicki_1.pdb	AU	19.872513761395624
PZ7_Bujnicki_1.pdb	GU	19.46485910879283
PZ7_Bujnicki_1.pdb	AU	17.988706883373016
PZ7_Bujnicki_1.pdb	UU	18.358512959270076
PZ7_Bujnicki_1.pdb	UU	19.13225788777358
PZ7_Bujnicki_1.pdb	GU	16.33416486242109
PZ7_Bujnicki_1.pdb	AU	15.314969938020024
PZ7_Bujnicki_1.pdb	UU	15.835421536388347
PZ7_Bujnicki_1.pdb	GG	19.261434338383822
PZ7_Bujnicki_1.pdb	GU	15.239091254746821
PZ7_Bujnicki_1.pdb	GG	13.161898176264607
PZ7_Bujnicki_1.pdb	AG	11.56109851497171
PZ7_Bujnicki_1.pdb	GU	11.579601752578636
PZ7_Bujnicki_1.pdb	GU	16.59353172190184
PZ7_Bujnicki_1.pdb	UU	19.161551570311627
PZ7_Bujnicki_1.pdb	GU	19.456724382573558
PZ7_Bujnicki_1.pdb	UU	19.990988328473016
PZ7_Bujnicki_1.pdb	AU	19.980049009643036
PZ7_Bujnicki_1.pdb	UU	18.910744231661244
PZ7_Bujnicki_1.pdb	GU	17.38704087170188
PZ7_Bujnicki_1.pdb	UU	15.027258293956049
PZ7_Bujnicki_1.pdb	GU	13.514080909633805
PZ7_Bujnicki_1.pdb	AU	9.903924371238078
PZ7_Bujnicki_1.pdb	UU	7.388413707385596
PZ7_Bujnicki_1.pdb	UU	12.343139233348454
PZ7_Bujnicki_1.pdb	GU	16.095658096450702
PZ7_Bujnicki_1.pdb	GU	19.506562910644284
PZ7_Bujnicki_1.pdb	CC	18.26091603098615
PZ7_Bujnicki_1.pdb	CU	17.382719973720036
PZ7_Bujnicki_1.pdb	CG	18.467797425792565
PZ7_Bujnicki_1.pdb	CU	18.95536827008561
PZ7_Bujnicki_1.pdb	CU	18.869742294713635
PZ7_Bujnicki_1.pdb	AC	17.761465000165938
PZ7_Bujnicki_1.pdb	CU	16.011576991522418
PZ7_Bujnicki_1.pdb	CG	14.15583363613655
PZ7_Bujnicki_1.pdb	CU	12.552801575723104
PZ7_Bujnicki_1.pdb	CG	13.137378609733162
PZ7_Bujnicki_1.pdb	AC	11.079052016280796
PZ7_Bujnicki_1.pdb	CU	9.811583691164412
PZ7_Bujnicki_1.pdb	CU	15.014538526866419
PZ7_Bujnicki_1.pdb	CG	19.7895374160003
PZ7_Bujnicki_1.pdb	AG	18.989867477302347
PZ7_Bujnicki_1.pdb	CG	17.341149802258514
PZ7_Bujnicki_1.pdb	GU	17.402016861845052
PZ7_Bujnicki_1.pdb	GG	18.60603465350918
PZ7_Bujnicki_1.pdb	GU	18.563146488374525
PZ7_Bujnicki_1.pdb	GU	17.715839710503158
PZ7_Bujnicki_1.pdb	AG	15.858342008788316
PZ7_Bujnicki_1.pdb	GU	13.657576540278969
PZ7_Bujnicki_1.pdb	GG	12.103339973820827
PZ7_Bujnicki_1.pdb	GU	12.395071576051578
PZ7_Bujnicki_1.pdb	GG	14.875105786652306
PZ7_Bujnicki_1.pdb	AG	14.118782269396458
PZ7_Bujnicki_1.pdb	GU	13.815219253130365
PZ7_Bujnicki_1.pdb	GU	18.224567066691897
PZ7_Bujnicki_1.pdb	AU	18.7645818036485
PZ7_Bujnicki_1.pdb	CU	18.20229003143454
PZ7_Bujnicki_1.pdb	UU	18.351587656062726
PZ7_Bujnicki_1.pdb	GU	18.965443979641737
PZ7_Bujnicki_1.pdb	UU	18.096659277614854
PZ7_Bujnicki_1.pdb	UU	16.442538093187757
PZ7_Bujnicki_1.pdb	AU	14.087603948179316
PZ7_Bujnicki_1.pdb	UU	12.044425127814694
PZ7_Bujnicki_1.pdb	GU	11.730326983722048
PZ7_Bujnicki_1.pdb	UU	14.192191330856284
PZ7_Bujnicki_1.pdb	GU	17.39130557334046
PZ7_Bujnicki_1.pdb	AU	17.04361116410324
PZ7_Bujnicki_1.pdb	UU	17.105844015878546
PZ7_Bujnicki_1.pdb	AU	19.08833918990201
PZ7_Bujnicki_1.pdb	AA	18.704076044430483
PZ7_Bujnicki_1.pdb	AC	18.643376230573043
PZ7_Bujnicki_1.pdb	AU	18.31012891031516
PZ7_Bujnicki_1.pdb	AG	18.021441416132223
PZ7_Bujnicki_1.pdb	AU	16.40487327505359
PZ7_Bujnicki_1.pdb	AU	14.385972772970911
PZ7_Bujnicki_1.pdb	AA	12.501462837993051
PZ7_Bujnicki_1.pdb	AU	12.08520331055956
PZ7_Bujnicki_1.pdb	AG	14.046160404493229
PZ7_Bujnicki_1.pdb	AU	18.143753409761487
PZ7_Bujnicki_1.pdb	AU	19.87694531769264
PZ7_Bujnicki_1.pdb	AG	19.428313082239654
PZ7_Bujnicki_1.pdb	CG	17.52585836799869
PZ7_Bujnicki_1.pdb	GU	17.458188168297713
PZ7_Bujnicki_1.pdb	AG	17.83650011060019
PZ7_Bujnicki_1.pdb	CG	17.763077606013216
PZ7_Bujnicki_1.pdb	GU	16.71346374412827
PZ7_Bujnicki_1.pdb	GG	15.603241547467835
PZ7_Bujnicki_1.pdb	GU	13.853122197479179
PZ7_Bujnicki_1.pdb	GU	12.698952742970148
PZ7_Bujnicki_1.pdb	AG	12.945711014079068
PZ7_Bujnicki_1.pdb	GU	15.07091561874899
PZ7_Bujnicki_1.pdb	GG	18.725616991659802
PZ7_Bujnicki_1.pdb	CU	19.80857458747469
PZ7_Bujnicki_1.pdb	CG	17.60986019645743
PZ7_Bujnicki_1.pdb	AC	16.895305414784797
PZ7_Bujnicki_1.pdb	CC	16.653884352637412
PZ7_Bujnicki_1.pdb	CU	17.832095761821982
PZ7_Bujnicki_1.pdb	AC	18.372309478569388
PZ7_Bujnicki_1.pdb	CC	17.841351261710415
PZ7_Bujnicki_1.pdb	CU	15.889702435571603
PZ7_Bujnicki_1.pdb	CG	13.881775610656199
PZ7_Bujnicki_1.pdb	CU	12.216107711830956
PZ7_Bujnicki_1.pdb	CU	12.360942581286684
PZ7_Bujnicki_1.pdb	AC	14.646611428450125
PZ7_Bujnicki_1.pdb	CU	18.356528131597724
PZ7_Bujnicki_1.pdb	AG	13.379539959421543
PZ7_Bujnicki_1.pdb	AA	14.509754378682116
PZ7_Bujnicki_1.pdb	AC	15.792364436180002
PZ7_Bujnicki_1.pdb	AU	17.393450557237127
PZ7_Bujnicki_1.pdb	AA	17.45562235226381
PZ7_Bujnicki_1.pdb	AC	16.233872184342385
PZ7_Bujnicki_1.pdb	AU	13.641924628582306
PZ7_Bujnicki_1.pdb	AG	11.527216984700647
PZ7_Bujnicki_1.pdb	AU	11.431856159601837
PZ7_Bujnicki_1.pdb	AU	13.9757330614275
PZ7_Bujnicki_1.pdb	AA	17.99605169179211
PZ7_Bujnicki_1.pdb	AG	12.931782886688223
PZ7_Bujnicki_1.pdb	CG	15.111981047439887
PZ7_Bujnicki_1.pdb	GU	16.47463156800521
PZ7_Bujnicki_1.pdb	AG	15.852577922467603
PZ7_Bujnicki_1.pdb	CG	14.155099047461693
PZ7_Bujnicki_1.pdb	GU	11.7383874069071
PZ7_Bujnicki_1.pdb	GG	10.958444864677801
PZ7_Bujnicki_1.pdb	GU	13.359248526213863
PZ7_Bujnicki_1.pdb	GU	17.648278846213437
PZ7_Bujnicki_1.pdb	CU	15.024399582545481
PZ7_Bujnicki_1.pdb	UU	15.679416217453253
PZ7_Bujnicki_1.pdb	AU	14.391929116143201
PZ7_Bujnicki_1.pdb	CU	12.698890567226947
PZ7_Bujnicki_1.pdb	UU	11.60249517714924
PZ7_Bujnicki_1.pdb	GU	13.086841425415521
PZ7_Bujnicki_1.pdb	UU	17.241115388802115
PZ7_Bujnicki_1.pdb	UU	16.967150738689035
PZ7_Bujnicki_1.pdb	AU	16.96063560209684
PZ7_Bujnicki_1.pdb	CU	16.571569691935704
PZ7_Bujnicki_1.pdb	UU	16.43646285192332
PZ7_Bujnicki_1.pdb	GU	17.995232263285754
PZ7_Bujnicki_1.pdb	AG	16.444503018321647
PZ7_Bujnicki_1.pdb	CG	17.718009535606363
PZ7_Bujnicki_1.pdb	GU	18.465206868002678
PZ7_Bujnicki_1.pdb	GG	19.98558387267897
PZ7_Bujnicki_1.pdb	AC	17.82577602923189
PZ7_Bujnicki_1.pdb	AU	19.896671253946764
PZ7_Bujnicki_1.pdb	CU	18.715693587640516
PZ7_Bujnicki_1.pdb	AU	19.882141040300482
PZ7_Bujnicki_1.pdb	UU	18.511389282857323
PZ7_Bujnicki_1.pdb	UU	18.398994739112133
PZ7_Bujnicki_1.pdb	GU	19.900191178130918
PZ7_Bujnicki_1.pdb	GU	16.529501136670213
PZ7_Bujnicki_1.pdb	GU	14.801347576050203
PZ7_Bujnicki_1.pdb	GG	15.85134475411439
PZ7_Bujnicki_1.pdb	GG	19.586856368106528
PZ7_Bujnicki_1.pdb	AU	19.131920099302896
PZ7_Bujnicki_1.pdb	UU	15.119316698897439
PZ7_Bujnicki_1.pdb	UU	12.545657569159783
PZ7_Bujnicki_1.pdb	GU	14.225811055806615
PZ7_Bujnicki_1.pdb	GU	18.905959184610097
PZ7_Bujnicki_1.pdb	AU	16.73042066747967
PZ7_Bujnicki_1.pdb	UU	14.348606179435345
PZ7_Bujnicki_1.pdb	UU	12.154261922303219
PZ7_Bujnicki_1.pdb	GU	15.191421250316084
PZ7_Bujnicki_1.pdb	AG	16.844763025783607
PZ7_Bujnicki_1.pdb	AA	14.165175946002503
PZ7_Bujnicki_1.pdb	AU	13.886289542380247
PZ7_Bujnicki_1.pdb	AU	13.30794727653282
PZ7_Bujnicki_1.pdb	AG	17.700035200226974
PZ7_Bujnicki_1.pdb	AU	11.866429393013018
PZ7_Bujnicki_1.pdb	UU	13.758612504770111
PZ7_Bujnicki_1.pdb	UU	15.212149341088912
PZ7_Bujnicki_1.pdb	GU	13.954154786678691
PZ7_Bujnicki_1.pdb	GU	17.22421319178141
PZ7_Bujnicki_1.pdb	UU	18.189460917251036
PZ7_Bujnicki_1.pdb	GG	18.821424463311104
PZ7_Bujnicki_1.pdb	AG	18.670713602464062
PZ7_Bujnicki_1.pdb	GU	18.315933093202787
PZ7_Bujnicki_1.pdb	CG	19.18809497337038
PZ7_Bujnicki_1.pdb	UU	17.429304625631303
PZ7_Bujnicki_1.pdb	CG	18.389148441989096
PZ7_Bujnicki_1.pdb	GU	17.249198925172106
PZ7_Bujnicki_1.pdb	GU	19.119608422772323
PZ7_Bujnicki_1.pdb	GG	17.088728413141055
PZ7_Bujnicki_1.pdb	GU	19.959872932101916
PZ7_Bujnicki_1.pdb	AU	18.793379726524183
PZ7_Bujnicki_1.pdb	GU	19.881548282194615
PZ7_Bujnicki_1.pdb	GU	19.80231180605815
PZ7_Bujnicki_1.pdb	AG	19.353933686563234
PZ7_Bujnicki_1.pdb	CU	19.584295250890005
PZ7_Bujnicki_1.pdb	GU	19.733630227122003
PZ7_Bujnicki_1.pdb	AG	19.17466202260247
PZ7_Bujnicki_1.pdb	AC	19.212336436380422
PZ7_Bujnicki_1.pdb	GG	19.947607310762344
PZ7_Bujnicki_1.pdb	CU	19.643534888928215
PZ7_Bujnicki_1.pdb	AC	19.94514996065462
PZ7_Bujnicki_1.pdb	CG	19.886677711578116
PZ7_Bujnicki_1.pdb	CG	17.143036866999612
PZ7_Bujnicki_1.pdb	AG	19.80150789754138
PZ7_Bujnicki_1.pdb	AC	15.387659869547916
PZ7_Bujnicki_1.pdb	CC	17.57683534649962
PZ7_Bujnicki_1.pdb	AC	18.401664348271897
PZ7_Bujnicki_1.pdb	CG	18.9513132592958
PZ7_Bujnicki_1.pdb	AC	19.251641359331437
PZ7_Bujnicki_1.pdb	AG	18.70821032254635
PZ7_Bujnicki_1.pdb	GG	19.895937323662213
PZ7_Bujnicki_1.pdb	CG	17.136221438207535
PZ7_Bujnicki_1.pdb	CC	19.9400571370216
PZ7_Bujnicki_1.pdb	AC	18.21334421420973
PZ7_Bujnicki_1.pdb	AA	18.933661087884534
PZ7_Bujnicki_1.pdb	AA	19.13660978910036
PZ7_Bujnicki_1.pdb	AG	18.3280216355242
PZ7_Bujnicki_1.pdb	AC	15.854488574492402
PZ7_Bujnicki_1.pdb	CC	16.786404994586352
PZ7_Bujnicki_1.pdb	AC	15.982496052151964
PZ7_Bujnicki_1.pdb	AC	13.847849026396421
PZ7_Bujnicki_1.pdb	CG	12.731202642738463
PZ7_Bujnicki_1.pdb	CC	14.801653493270114
PZ7_Bujnicki_1.pdb	CC	18.909542634196416
PZ7_Bujnicki_1.pdb	AC	12.721565363025746
PZ7_Bujnicki_1.pdb	AA	12.74431357542608
PZ7_Bujnicki_1.pdb	AA	11.605630494277717
PZ7_Bujnicki_1.pdb	AG	10.717201028372056
PZ7_Bujnicki_1.pdb	AC	12.104610051237348
PZ7_Bujnicki_1.pdb	AC	15.268791281544104
PZ7_Bujnicki_1.pdb	AC	19.57231441230704
PZ7_Bujnicki_1.pdb	AG	13.004135512363154
PZ7_Bujnicki_1.pdb	AG	14.093237504335999
PZ7_Bujnicki_1.pdb	GG	14.28135296708122
PZ7_Bujnicki_1.pdb	CG	14.938265821186322
PZ7_Bujnicki_1.pdb	CG	16.33848230927718
PZ7_Bujnicki_1.pdb	CG	18.75985922036251
PZ7_Bujnicki_1.pdb	AC	17.92255861948066
PZ7_Bujnicki_1.pdb	CG	19.305970215232584
PZ7_Bujnicki_1.pdb	AG	17.596238111177907
PZ7_Bujnicki_1.pdb	AC	19.89708641309429
PZ7_Bujnicki_1.pdb	CC	17.92211514941299
PZ7_Bujnicki_1.pdb	AC	18.48930153470492
PZ7_Bujnicki_1.pdb	CU	19.706595781531004
PZ7_Bujnicki_1.pdb	GG	19.71559922008374
PZ7_Bujnicki_1.pdb	CC	19.9926196512407
PZ7_Bujnicki_1.pdb	AC	19.40908277947822
PZ7_Bujnicki_1.pdb	AU	19.33825423965669
PZ7_Bujnicki_1.pdb	GU	19.79745452526925
PZ7_Bujnicki_1.pdb	AC	19.947518992777702
PZ7_Chen_1.pdb	GU	19.59848841214431
PZ7_Chen_1.pdb	AG	16.696512574784954
PZ7_Chen_1.pdb	GU	13.516825857869089
PZ7_Chen_1.pdb	GU	12.35638121346239
PZ7_Chen_1.pdb	AG	13.577610266104212
PZ7_Chen_1.pdb	CG	16.306534273741704
PZ7_Chen_1.pdb	AG	18.17944526958503
PZ7_Chen_1.pdb	GG	18.07329795220659
PZ7_Chen_1.pdb	CG	16.85268525642313
PZ7_Chen_1.pdb	GG	15.719659619881135
PZ7_Chen_1.pdb	CG	16.344351887907738
PZ7_Chen_1.pdb	AC	19.866095659302815
PZ7_Chen_1.pdb	CG	18.687549983186422
PZ7_Chen_1.pdb	AC	15.459104744379937
PZ7_Chen_1.pdb	CU	14.726426572204211
PZ7_Chen_1.pdb	CU	14.801266705087311
PZ7_Chen_1.pdb	AC	16.44957032316945
PZ7_Chen_1.pdb	CC	18.515417738467203
PZ7_Chen_1.pdb	AC	19.199790469100094
PZ7_Chen_1.pdb	CG	17.876678381317614
PZ7_Chen_1.pdb	CC	15.769975039887095
PZ7_Chen_1.pdb	CG	14.18919505988311
PZ7_Chen_1.pdb	CC	14.686926213462
PZ7_Chen_1.pdb	GU	19.889462512957213
PZ7_Chen_1.pdb	GG	19.275560918401194
PZ7_Chen_1.pdb	AG	18.513919117075478
PZ7_Chen_1.pdb	GG	18.82431856666293
PZ7_Chen_1.pdb	AG	16.83317806147829
PZ7_Chen_1.pdb	GU	17.442826204534278
PZ7_Chen_1.pdb	GU	17.123484710724114
PZ7_Chen_1.pdb	AG	17.826446323252583
PZ7_Chen_1.pdb	CG	18.530631612711378
PZ7_Chen_1.pdb	AG	17.827448988141654
PZ7_Chen_1.pdb	GG	15.488271319735249
PZ7_Chen_1.pdb	CG	13.076449102715078
PZ7_Chen_1.pdb	GG	12.11217552035268
PZ7_Chen_1.pdb	CG	13.838088127325381
PZ7_Chen_1.pdb	CG	19.452490975392056
PZ7_Chen_1.pdb	CC	18.279729471369063
PZ7_Chen_1.pdb	CG	16.224456272056266
PZ7_Chen_1.pdb	AC	17.398398337460673
PZ7_Chen_1.pdb	CG	18.829373230673696
PZ7_Chen_1.pdb	AC	17.677130780750367
PZ7_Chen_1.pdb	CU	19.01897406806753
PZ7_Chen_1.pdb	CU	18.13271337725668
PZ7_Chen_1.pdb	AC	17.939306687174955
PZ7_Chen_1.pdb	CC	17.493384641230783
PZ7_Chen_1.pdb	AC	15.855001877703891
PZ7_Chen_1.pdb	CG	13.432510692714606
PZ7_Chen_1.pdb	CC	12.160280331758779
PZ7_Chen_1.pdb	CG	13.286941768021407
PZ7_Chen_1.pdb	CC	16.813275630676827
PZ7_Chen_1.pdb	UU	18.363973050275675
PZ7_Chen_1.pdb	CU	15.639760867378376
PZ7_Chen_1.pdb	GU	15.256376083398791
PZ7_Chen_1.pdb	AU	18.363852466921976
PZ7_Chen_1.pdb	AU	19.287530881673856
PZ7_Chen_1.pdb	UU	18.88571792543109
PZ7_Chen_1.pdb	AU	17.616321084484
PZ7_Chen_1.pdb	CU	16.00966965652324
PZ7_Chen_1.pdb	AU	13.738614989388449
PZ7_Chen_1.pdb	GU	12.098874856014564
PZ7_Chen_1.pdb	CU	12.91000009811369
PZ7_Chen_1.pdb	GU	16.081618221113917
PZ7_Chen_1.pdb	GG	18.279293791515606
PZ7_Chen_1.pdb	CG	15.600773940508057
PZ7_Chen_1.pdb	GG	16.372048587519714
PZ7_Chen_1.pdb	GU	18.50449371848623
PZ7_Chen_1.pdb	AG	16.204167675935985
PZ7_Chen_1.pdb	CG	13.779710322245295
PZ7_Chen_1.pdb	AG	11.83550533215511
PZ7_Chen_1.pdb	GG	12.437703614687816
PZ7_Chen_1.pdb	CG	15.585628719815022
PZ7_Chen_1.pdb	GU	17.355647488866598
PZ7_Chen_1.pdb	CU	15.884620895696575
PZ7_Chen_1.pdb	GU	16.269331986751258
PZ7_Chen_1.pdb	AU	18.642987951066736
PZ7_Chen_1.pdb	UU	18.761785134173902
PZ7_Chen_1.pdb	UU	16.003113576726737
PZ7_Chen_1.pdb	AU	13.946168659188142
PZ7_Chen_1.pdb	CU	12.575408409699733
PZ7_Chen_1.pdb	AU	12.915625083033891
PZ7_Chen_1.pdb	GU	15.755243431095145
PZ7_Chen_1.pdb	CU	19.69920438108174
PZ7_Chen_1.pdb	CG	19.187394486347284
PZ7_Chen_1.pdb	GG	19.0744765925117
PZ7_Chen_1.pdb	GG	18.31459736467382
PZ7_Chen_1.pdb	CG	17.497918293533786
PZ7_Chen_1.pdb	GG	16.83616569034356
PZ7_Chen_1.pdb	AG	19.477397605425555
PZ7_Chen_1.pdb	GG	18.599327299070662
PZ7_Chen_1.pdb	AG	16.338017417974367
PZ7_Chen_1.pdb	GU	15.937177401071255
PZ7_Chen_1.pdb	GU	13.571912301656846
PZ7_Chen_1.pdb	AG	12.721623492771828
PZ7_Chen_1.pdb	CG	13.47373703059358
PZ7_Chen_1.pdb	AG	16.046230383997333
PZ7_Chen_1.pdb	GG	19.93709993447221
PZ7_Chen_1.pdb	AU	19.281078819663783
PZ7_Chen_1.pdb	CU	16.402263441209563
PZ7_Chen_1.pdb	GU	15.49245344833114
PZ7_Chen_1.pdb	GU	17.582453190319544
PZ7_Chen_1.pdb	GU	18.955384527743874
PZ7_Chen_1.pdb	CU	17.544703541325923
PZ7_Chen_1.pdb	GU	15.239535545274528
PZ7_Chen_1.pdb	AU	16.18044180726406
PZ7_Chen_1.pdb	GU	14.1403871733347
PZ7_Chen_1.pdb	AU	11.715467956826773
PZ7_Chen_1.pdb	UU	11.816942530100539
PZ7_Chen_1.pdb	UU	11.301341700734175
PZ7_Chen_1.pdb	AU	13.134062057514186
PZ7_Chen_1.pdb	CU	16.146284021377852
PZ7_Chen_1.pdb	AU	19.663032096691264
PZ7_Chen_1.pdb	AC	17.21877177523663
PZ7_Chen_1.pdb	CU	18.282551457693028
PZ7_Chen_1.pdb	CC	15.325826741580228
PZ7_Chen_1.pdb	CC	19.801083683873358
PZ7_Chen_1.pdb	CG	13.611571918588378
PZ7_Chen_1.pdb	CG	14.288208960945047
PZ7_Chen_1.pdb	CU	16.245956130955076
PZ7_Chen_1.pdb	AC	18.041354946588996
PZ7_Chen_1.pdb	CC	19.779240047534664
PZ7_Chen_1.pdb	CG	16.12640797601275
PZ7_Chen_1.pdb	AC	14.849337383684917
PZ7_Chen_1.pdb	CG	11.260828992119896
PZ7_Chen_1.pdb	AC	8.866653941997194
PZ7_Chen_1.pdb	CU	9.703477739734385
PZ7_Chen_1.pdb	CU	11.873729353508136
PZ7_Chen_1.pdb	AC	15.957276613193962
PZ7_Chen_1.pdb	GU	16.653646397900427
PZ7_Chen_1.pdb	CG	14.970048115363461
PZ7_Chen_1.pdb	CG	18.137344505883394
PZ7_Chen_1.pdb	GG	12.195135197037787
PZ7_Chen_1.pdb	GG	11.250094459145984
PZ7_Chen_1.pdb	GU	12.46139953106637
PZ7_Chen_1.pdb	AG	15.982795236771567
PZ7_Chen_1.pdb	GG	18.161823316526455
PZ7_Chen_1.pdb	AG	15.512204951232576
PZ7_Chen_1.pdb	GG	11.351232710168782
PZ7_Chen_1.pdb	AG	10.548084017778638
PZ7_Chen_1.pdb	GU	12.478145600599795
PZ7_Chen_1.pdb	GU	16.16728645250418
PZ7_Chen_1.pdb	CC	15.337014208052484
PZ7_Chen_1.pdb	CC	17.136235300527076
PZ7_Chen_1.pdb	CG	12.465819348619291
PZ7_Chen_1.pdb	CG	10.279383728281452
PZ7_Chen_1.pdb	CU	10.988823159917612
PZ7_Chen_1.pdb	AC	16.592064687743534
PZ7_Chen_1.pdb	CG	18.54957435353923
PZ7_Chen_1.pdb	CC	14.52646676255068
PZ7_Chen_1.pdb	AC	16.968382348593167
PZ7_Chen_1.pdb	CG	19.3827879556948
PZ7_Chen_1.pdb	CC	18.149659154812095
PZ7_Chen_1.pdb	AC	19.26393177812714
PZ7_Chen_1.pdb	CG	15.37775049666103
PZ7_Chen_1.pdb	AC	15.781134772597936
PZ7_Chen_1.pdb	CU	17.884278226904076
PZ7_Chen_1.pdb	AU	16.642957903243246
PZ7_Chen_1.pdb	AG	19.93238024570297
PZ7_Chen_1.pdb	AC	13.8729206681795
PZ7_Chen_1.pdb	AG	10.512012875807674
PZ7_Chen_1.pdb	AG	9.954262402865863
PZ7_Chen_1.pdb	AU	12.866936656924224
PZ7_Chen_1.pdb	AA	18.966828726177113
PZ7_Chen_1.pdb	AC	19.10301273868636
PZ7_Chen_1.pdb	AG	13.950350200711107
PZ7_Chen_1.pdb	AC	10.979801283037865
PZ7_Chen_1.pdb	AA	12.760286477080419
PZ7_Chen_1.pdb	AG	14.39581036771226
PZ7_Chen_1.pdb	AC	13.380863005762977
PZ7_Chen_1.pdb	AA	18.081563027882453
PZ7_Chen_1.pdb	AG	19.740491127730163
PZ7_Chen_1.pdb	AG	16.031433088232443
PZ7_Chen_1.pdb	AG	19.148537892687347
PZ7_Chen_1.pdb	AC	13.585548834155128
PZ7_Chen_1.pdb	AG	11.63600143170345
PZ7_Chen_1.pdb	AG	13.399493953069042
PZ7_Chen_1.pdb	AU	17.61727673460302
PZ7_Chen_1.pdb	AG	17.343826039294033
PZ7_Chen_1.pdb	AA	17.0759615778282
PZ7_Chen_1.pdb	AC	15.13503580105628
PZ7_Chen_1.pdb	AG	15.110565175515333
PZ7_Chen_1.pdb	AG	17.125103707583815
PZ7_Chen_1.pdb	AC	15.178760314706242
PZ7_Chen_1.pdb	AG	10.232564353409224
PZ7_Chen_1.pdb	AC	10.230656941800781
PZ7_Chen_1.pdb	AA	11.58206079271965
PZ7_Chen_1.pdb	AG	11.856800523005143
PZ7_Chen_1.pdb	AC	11.88370698632962
PZ7_Chen_1.pdb	AA	17.229817091954814
PZ7_Chen_1.pdb	CU	17.18361509210589
PZ7_Chen_1.pdb	CU	15.444271809059117
PZ7_Chen_1.pdb	GU	13.756038645767584
PZ7_Chen_1.pdb	GU	17.40426312966832
PZ7_Chen_1.pdb	GU	15.36968890803673
PZ7_Chen_1.pdb	AU	13.172434949296184
PZ7_Chen_1.pdb	CU	10.20446862828654
PZ7_Chen_1.pdb	GU	10.611365295610183
PZ7_Chen_1.pdb	GU	14.221978999501983
PZ7_Chen_1.pdb	UU	19.78395964102001
PZ7_Chen_1.pdb	CU	15.73710257752725
PZ7_Chen_1.pdb	GU	11.933041419848019
PZ7_Chen_1.pdb	CU	14.749343627974012
PZ7_Chen_1.pdb	AU	16.035348902735734
PZ7_Chen_1.pdb	GU	15.101575642371463
PZ7_Chen_1.pdb	CU	15.514624537096385
PZ7_Chen_1.pdb	CC	19.061877015010257
PZ7_Chen_1.pdb	AC	15.565569932573
PZ7_Chen_1.pdb	AC	19.624684027091146
PZ7_Chen_1.pdb	CG	16.35366292598358
PZ7_Chen_1.pdb	CC	11.84132813589647
PZ7_Chen_1.pdb	CG	9.556090298248199
PZ7_Chen_1.pdb	CG	14.539844247617149
PZ7_Chen_1.pdb	CG	17.073228596390052
PZ7_Chen_1.pdb	AC	14.94515973888602
PZ7_Chen_1.pdb	CC	13.49231757033113
PZ7_Chen_1.pdb	CG	15.541378836738634
PZ7_Chen_1.pdb	CG	17.295907057352917
PZ7_Chen_1.pdb	CC	18.99625604647333
PZ7_Chen_1.pdb	AC	19.663690217466648
PZ7_Chen_1.pdb	CG	18.17354936520755
PZ7_Chen_1.pdb	CC	16.559240452758
PZ7_Chen_1.pdb	CU	19.498263167588057
PZ7_Chen_1.pdb	CU	16.324118631018813
PZ7_Chen_1.pdb	AU	14.553514550225605
PZ7_Chen_1.pdb	AU	19.347417038857046
PZ7_Chen_1.pdb	GU	17.312346291916896
PZ7_Chen_1.pdb	CU	14.450527230245008
PZ7_Chen_1.pdb	GU	14.32097343625535
PZ7_Chen_1.pdb	GU	19.568353906531044
PZ7_Chen_1.pdb	UU	18.790553050038184
PZ7_Chen_1.pdb	GU	13.253301401977366
PZ7_Chen_1.pdb	AU	9.886149933944491
PZ7_Chen_1.pdb	CU	9.056579941582873
PZ7_Chen_1.pdb	GU	12.627730856301374
PZ7_Chen_1.pdb	GU	18.218721684786306
PZ7_Chen_1.pdb	GU	17.73547393109409
PZ7_Chen_1.pdb	GU	18.750902502711373
PZ7_Chen_1.pdb	CU	17.80231185832539
PZ7_Chen_1.pdb	AG	19.235537708047925
PZ7_Chen_1.pdb	CG	19.12254426248103
PZ7_Chen_1.pdb	CG	16.471053645372887
PZ7_Chen_1.pdb	CG	13.335697194163028
PZ7_Chen_1.pdb	AG	13.045287115869801
PZ7_Chen_1.pdb	AG	17.79489429700776
PZ7_Chen_1.pdb	GG	16.802303844874224
PZ7_Chen_1.pdb	CG	15.767591521820158
PZ7_Chen_1.pdb	GG	17.696307217850443
PZ7_Chen_1.pdb	GU	14.616140949338064
PZ7_Chen_1.pdb	GG	9.33873619173174
PZ7_Chen_1.pdb	AG	6.12157952071908
PZ7_Chen_1.pdb	CG	8.676819661371058
PZ7_Chen_1.pdb	GG	13.742364673546511
PZ7_Chen_1.pdb	GG	19.586776742620522
PZ7_Chen_1.pdb	GG	19.280724107146167
PZ7_Chen_1.pdb	GG	18.925672404011923
PZ7_Chen_1.pdb	CG	17.974612000215675
PZ7_Chen_1.pdb	CG	17.350068008151176
PZ7_Chen_1.pdb	CG	17.948079271500845
PZ7_Chen_1.pdb	CG	16.33588185728438
PZ7_Chen_1.pdb	CC	16.19167743549142
PZ7_Chen_1.pdb	CC	14.809388527360579
PZ7_Chen_1.pdb	CC	11.458933455218745
PZ7_Chen_1.pdb	AC	12.458752093142268
PZ7_Chen_1.pdb	AC	16.290156056685543
PZ7_Chen_1.pdb	CG	16.35550842625528
PZ7_Chen_1.pdb	CC	17.290852903069975
PZ7_Chen_1.pdb	CG	16.903077368886468
PZ7_Chen_1.pdb	CU	10.909385936731365
PZ7_Chen_1.pdb	CG	7.713778825714528
PZ7_Chen_1.pdb	AC	7.552599636116659
PZ7_Chen_1.pdb	CC	12.662858045767344
PZ7_Chen_1.pdb	CG	17.855257363364213
PZ7_Chen_1.pdb	CG	19.835575275591996
PZ7_Chen_1.pdb	CC	18.520509588718465
PZ7_Chen_1.pdb	AC	19.736921223476855
PZ7_Chen_1.pdb	GG	16.24618517738138
PZ7_Chen_1.pdb	GG	17.213791665413407
PZ7_Chen_1.pdb	CG	16.61546052638841
PZ7_Chen_1.pdb	CG	18.576856364029403
PZ7_Chen_1.pdb	GG	13.41639114365657
PZ7_Chen_1.pdb	GG	11.135194001917124
PZ7_Chen_1.pdb	CG	10.888244945075462
PZ7_Chen_1.pdb	CG	10.576285684405486
PZ7_Chen_1.pdb	CG	8.35334935062109
PZ7_Chen_1.pdb	AG	11.898428451238336
PZ7_Chen_1.pdb	AG	15.039495193636933
PZ7_Chen_1.pdb	GG	17.27157694578202
PZ7_Chen_1.pdb	CG	19.889176686464456
PZ7_Chen_1.pdb	GG	19.132686684921914
PZ7_Chen_1.pdb	AG	18.274427874571487
PZ7_Chen_1.pdb	GG	19.602496370124914
PZ7_Chen_1.pdb	GU	14.342273981359138
PZ7_Chen_1.pdb	GG	12.97578976475804
PZ7_Chen_1.pdb	AG	12.975606001120694
PZ7_Chen_1.pdb	CG	17.940150812162734
PZ7_Chen_1.pdb	AG	16.38952268082599
PZ7_Chen_1.pdb	AC	16.727612679521563
PZ7_Chen_1.pdb	AG	18.282772057942772
PZ7_Chen_1.pdb	AU	19.22321909369805
PZ7_Chen_1.pdb	AC	16.30870601588847
PZ7_Chen_1.pdb	AG	12.22439086342325
PZ7_Chen_1.pdb	AG	12.080010625658078
PZ7_Chen_1.pdb	AC	13.871512477662133
PZ7_Chen_1.pdb	AC	15.173961078863227
PZ7_Chen_1.pdb	AC	13.057929343614468
PZ7_Chen_1.pdb	AA	16.015805518043173
PZ7_Chen_1.pdb	AA	17.80767606424156
PZ7_Chen_1.pdb	AG	19.810839401382925
PZ7_Chen_1.pdb	AU	18.15447740295257
PZ7_Chen_1.pdb	AG	13.972689142350605
PZ7_Chen_1.pdb	AA	13.950605669726189
PZ7_Chen_1.pdb	AG	16.295860354227944
PZ7_Chen_1.pdb	AU	12.345765221867232
PZ7_Chen_1.pdb	AG	13.45152659556593
PZ7_Chen_1.pdb	AA	15.280758315597058
PZ7_Chen_1.pdb	AC	14.664117432796298
PZ7_Chen_1.pdb	AG	17.467229272669822
PZ7_Chen_1.pdb	AU	19.899583858347405
PZ7_Chen_1.pdb	AC	18.664646594748504
PZ7_Chen_1.pdb	AG	14.60658414650407
PZ7_Chen_1.pdb	AG	14.079118207609506
PZ7_Chen_1.pdb	AC	14.876186179935857
PZ7_Chen_1.pdb	AC	16.18311634765936
PZ7_Chen_1.pdb	AC	13.693602376609208
PZ7_Chen_1.pdb	AA	16.172050505056365
PZ7_Chen_1.pdb	AA	16.19136297000362
PZ7_Chen_1.pdb	AG	18.995703631635784
PZ7_Chen_1.pdb	AU	18.223736920933536
PZ7_Chen_1.pdb	AU	15.935285337834719
PZ7_Chen_1.pdb	AG	12.429154383680995
PZ7_Chen_1.pdb	AA	10.613796185155591
PZ7_Chen_1.pdb	AC	16.098270271000285
PZ7_Chen_1.pdb	AU	17.962741572588037
PZ7_Chen_1.pdb	AG	17.707748574706088
PZ7_Chen_1.pdb	AU	15.066897202184945
PZ7_Chen_1.pdb	AG	17.55684526291023
PZ7_Chen_1.pdb	GG	19.562266746521274
PZ7_Chen_1.pdb	GG	18.56628576794003
PZ7_Chen_1.pdb	GG	17.91211457375767
PZ7_Chen_1.pdb	GG	16.347406539177353
PZ7_Chen_1.pdb	CG	15.510019640720529
PZ7_Chen_1.pdb	CG	16.269644419609758
PZ7_Chen_1.pdb	CG	13.776103540959493
PZ7_Chen_1.pdb	AG	15.801588962429705
PZ7_Chen_1.pdb	AG	14.183094799123616
PZ7_Chen_1.pdb	GG	18.118644906692
PZ7_Chen_1.pdb	GG	18.460449096441128
PZ7_Chen_1.pdb	GG	17.59686110553751
PZ7_Chen_1.pdb	GG	19.242119747630444
PZ7_Chen_1.pdb	AG	19.38491739510783
PZ7_Chen_1.pdb	GG	19.27482728374923
PZ7_Chen_1.pdb	GU	17.905950415628098
PZ7_Chen_1.pdb	GG	15.159034999575118
PZ7_Chen_1.pdb	AG	11.323605883681498
PZ7_Chen_1.pdb	CG	15.5896271594779
PZ7_Chen_1.pdb	GU	15.92098553790908
PZ7_Chen_1.pdb	GU	19.501046782045165
PZ7_Chen_1.pdb	GU	19.38458116803299
PZ7_Chen_1.pdb	GG	19.086085092647686
PZ7_Chen_1.pdb	GG	19.803830575340015
PZ7_Chen_1.pdb	GG	17.19086249799291
PZ7_Chen_1.pdb	CG	14.876668335009654
PZ7_Chen_1.pdb	CG	15.369053024714825
PZ7_Chen_1.pdb	CG	13.98223727531602
PZ7_Chen_1.pdb	AG	16.399577007153653
PZ7_Chen_1.pdb	AG	14.057046115086782
PZ7_Chen_1.pdb	GG	19.339272857055256
PZ7_Chen_1.pdb	AG	18.55936182325964
PZ7_Chen_1.pdb	GG	17.226374110557078
PZ7_Chen_1.pdb	GG	18.15457530890761
PZ7_Chen_1.pdb	GG	18.70012125916767
PZ7_Chen_1.pdb	AG	13.797646571115978
PZ7_Chen_1.pdb	CG	17.22871395896691
PZ7_Chen_1.pdb	GU	17.201895023548328
PZ7_Chen_1.pdb	CG	17.61127476901895
PZ7_Chen_1.pdb	GG	14.301760514906727
PZ7_Chen_1.pdb	GU	19.15979961601432
PZ7_Chen_1.pdb	GG	16.703254932947726
PZ7_Chen_1.pdb	GG	14.349065156188185
PZ7_Chen_1.pdb	CG	12.891032788004653
PZ7_Chen_1.pdb	CG	15.220955738587994
PZ7_Chen_1.pdb	CG	15.914605943655292
PZ7_Chen_1.pdb	AG	19.92355039270014
PZ7_Chen_1.pdb	AG	18.610816699974464
PZ7_Chen_1.pdb	GU	19.53205571397694
PZ7_Chen_1.pdb	GG	16.768922598323574
PZ7_Chen_1.pdb	AG	11.575848271892445
PZ7_Chen_1.pdb	CG	15.047911058139494
PZ7_Chen_1.pdb	GU	16.82261775029891
PZ7_Chen_1.pdb	CG	11.713751655338339
PZ7_Chen_1.pdb	CU	16.052974145210154
PZ7_Chen_1.pdb	CC	17.977598330454665
PZ7_Chen_1.pdb	CG	13.391922888188876
PZ7_Chen_1.pdb	CG	10.416300039181706
PZ7_Chen_1.pdb	CC	9.167741585052314
PZ7_Chen_1.pdb	CC	12.937521794562102
PZ7_Chen_1.pdb	CC	15.667169878499292
PZ7_Chen_1.pdb	CG	17.60967979882232
PZ7_Chen_1.pdb	AC	13.334388900463956
PZ7_Chen_1.pdb	CC	17.586030989841632
PZ7_Chen_1.pdb	GU	14.991772447346047
PZ7_Chen_1.pdb	CG	17.98847208122581
PZ7_Chen_1.pdb	GG	14.59812851187459
PZ7_Chen_1.pdb	GG	12.215276783771953
PZ7_Chen_1.pdb	CG	11.973406352188585
PZ7_Chen_1.pdb	CG	16.44187229126731
PZ7_Chen_1.pdb	AG	17.341569908780016
PZ7_Chen_1.pdb	CU	15.95424949351064
PZ7_Chen_1.pdb	GU	14.327401489529949
PZ7_Chen_1.pdb	GU	14.00637594869252
PZ7_Chen_1.pdb	CU	15.830037962264223
PZ7_Chen_1.pdb	GU	18.50140117399266
PZ7_Chen_1.pdb	AU	15.62159010966354
PZ7_Chen_1.pdb	CU	18.025164060127636
PZ7_Chen_1.pdb	CG	15.132684315501898
PZ7_Chen_1.pdb	CG	16.675288296515216
PZ7_Chen_1.pdb	CC	19.96415561596352
PZ7_Chen_1.pdb	CU	19.21660860478254
PZ7_Chen_1.pdb	CG	17.339371465860175
PZ7_Chen_1.pdb	AC	15.780371531309187
PZ7_Chen_1.pdb	CC	17.12772228494665
PZ7_Chen_1.pdb	GG	12.199293640610659
PZ7_Chen_1.pdb	CG	16.31260246736842
PZ7_Chen_1.pdb	GU	14.339412973775268
PZ7_Chen_1.pdb	GG	11.477965590425269
PZ7_Chen_1.pdb	AG	10.294433181352797
PZ7_Chen_1.pdb	CG	13.453312125789815
PZ7_Chen_1.pdb	GU	19.812925347939164
PZ7_Chen_1.pdb	CU	18.252901485130668
PZ7_Chen_1.pdb	UU	15.686162685331675
PZ7_Chen_1.pdb	GU	12.731123557161416
PZ7_Chen_1.pdb	AU	13.779356236273093
PZ7_Chen_1.pdb	CU	17.102297543411602
PZ7_Chen_1.pdb	CU	17.09732226369535
PZ7_Chen_1.pdb	CG	13.337356785044879
PZ7_Chen_1.pdb	AC	15.535331254626184
PZ7_Chen_1.pdb	CG	18.55795172819398
PZ7_Chen_1.pdb	GU	18.04471878142994
PZ7_Chen_1.pdb	GG	13.517953860679235
PZ7_Chen_1.pdb	AG	13.930869051439085
PZ7_Chen_1.pdb	CG	19.646021642324285
PZ7_Chen_1.pdb	GG	16.773800302552633
PZ7_Chen_1.pdb	AG	15.551034564383237
PZ7_Chen_1.pdb	AC	18.363527511549705
PZ7_Chen_1.pdb	AC	18.31169883348741
PZ7_Chen_1.pdb	CG	19.2036731146476
PZ7_Chen_1.pdb	CC	16.868553484805833
PZ7_Chen_1.pdb	CG	18.588000924163662
PZ7_Chen_1.pdb	AC	18.19461152893472
PZ7_Chen_1.pdb	CU	17.436034292966877
PZ7_Chen_1.pdb	AG	14.843855970712161
PZ7_Chen_1.pdb	AG	19.49805961179966
PZ7_Chen_1.pdb	AG	17.73071025951854
PZ7_Chen_1.pdb	AG	18.548942603435112
PZ7_Chen_1.pdb	AU	19.537642607308328
PZ7_Chen_1.pdb	AG	17.82634819430598
PZ7_Chen_1.pdb	AA	18.225780456367776
PZ7_Chen_1.pdb	AC	19.45275596068109
PZ7_Chen_1.pdb	AA	19.157318237686166
PZ7_Chen_1.pdb	AG	18.852018084284197
PZ7_Chen_1.pdb	AC	16.66417417645806
PZ7_Chen_1.pdb	AU	12.872486202936306
PZ7_Chen_1.pdb	AU	17.32696677275898
PZ7_Chen_1.pdb	AG	19.70988959327022
PZ7_Chen_1.pdb	AC	17.354438230013898
PZ7_Chen_1.pdb	AA	16.87492836511475
PZ7_Chen_1.pdb	AG	12.564240121714102
PZ7_Chen_1.pdb	AG	13.889040761514936
PZ7_Chen_1.pdb	AG	18.804236023384686
PZ7_Chen_1.pdb	AA	18.701842213068353
PZ7_Chen_1.pdb	AC	19.694433147876925
PZ7_Chen_1.pdb	AG	15.525001641834505
PZ7_Chen_1.pdb	AC	13.878896361308396
PZ7_Chen_1.pdb	AU	11.081116485834123
PZ7_Chen_1.pdb	AU	15.662685224399837
PZ7_Chen_1.pdb	AG	19.939565946220554
PZ7_Chen_1.pdb	GU	19.577220891296474
PZ7_Chen_1.pdb	CG	19.24923614853373
PZ7_Chen_1.pdb	AG	18.96833741748482
PZ7_Chen_1.pdb	GG	13.911649198714024
PZ7_Chen_1.pdb	GG	13.551699054659217
PZ7_Chen_1.pdb	GG	17.716493888810955
PZ7_Chen_1.pdb	GU	19.440578653170032
PZ7_Chen_1.pdb	GG	18.885091401251433
PZ7_Chen_1.pdb	CG	14.799322547495247
PZ7_Chen_1.pdb	AG	13.437100490826301
PZ7_Chen_1.pdb	CG	17.875819713885743
PZ7_Chen_1.pdb	CG	16.393655612788667
PZ7_Chen_1.pdb	GG	12.405249267180961
PZ7_Chen_1.pdb	CG	12.135985603162815
PZ7_Chen_1.pdb	GU	11.666622583727586
PZ7_Chen_1.pdb	GU	17.07389082839085
PZ7_Chen_1.pdb	GG	19.973627205750855
PZ7_Chen_1.pdb	AC	18.164016635846927
PZ7_Chen_1.pdb	CG	19.116615991671125
PZ7_Chen_1.pdb	CG	18.425092462433504
PZ7_Chen_1.pdb	CG	18.287379064002728
PZ7_Chen_1.pdb	AC	19.68439563496876
PZ7_Chen_1.pdb	AC	19.211700586385227
PZ7_Chen_1.pdb	CG	16.777578312954873
PZ7_Chen_1.pdb	CC	11.804089051535469
PZ7_Chen_1.pdb	AC	12.643882999584871
PZ7_Chen_1.pdb	CC	17.888265725935796
PZ7_Chen_1.pdb	CC	17.836500005504185
PZ7_Chen_1.pdb	CG	13.687397315496032
PZ7_Chen_1.pdb	CC	13.356789325764481
PZ7_Chen_1.pdb	CU	13.504987723626982
PZ7_Chen_1.pdb	CU	18.68457265953732
PZ7_Chen_1.pdb	GG	18.59893079625555
PZ7_Chen_1.pdb	AG	19.898831042453086
PZ7_Chen_1.pdb	GG	18.89104225734157
PZ7_Chen_1.pdb	CG	14.92234549940503
PZ7_Chen_1.pdb	AG	17.274526227835583
PZ7_Chen_1.pdb	GG	16.138556015826108
PZ7_Chen_1.pdb	CG	14.63743337530331
PZ7_Chen_1.pdb	GU	14.52204575505816
PZ7_Chen_1.pdb	GU	18.70027355308201
PZ7_Chen_1.pdb	GG	18.363099164058884
PZ7_Chen_1.pdb	GG	18.81159025613969
PZ7_Chen_1.pdb	AG	19.29431036876531
PZ7_Chen_1.pdb	GG	18.195488068018044
PZ7_Chen_1.pdb	GU	18.418037902984114
PZ7_Chen_1.pdb	CG	19.390129456241496
PZ7_Chen_1.pdb	AG	19.234591738929954
PZ7_Chen_1.pdb	GG	19.338411737761337
PZ7_Chen_1.pdb	CG	15.229293679393226
PZ7_Chen_1.pdb	AG	17.129137072465788
PZ7_Chen_1.pdb	CG	18.25638741539434
PZ7_Chen_1.pdb	GG	14.536491052794027
PZ7_Chen_1.pdb	CG	14.467849014260226
PZ7_Chen_1.pdb	GU	16.74225967459129
PZ7_Chen_1.pdb	GG	19.383383506209004
PZ7_Chen_1.pdb	CG	19.8514781950747
PZ7_Chen_1.pdb	GG	17.510230384050637
PZ7_Chen_1.pdb	AG	16.489198288648957
PZ7_Chen_1.pdb	GG	15.382891905190029
PZ7_Chen_1.pdb	AG	18.451713540941423
PZ7_Chen_1.pdb	CU	18.79627952307773
PZ7_Chen_1.pdb	CU	18.12427450296679
PZ7_Chen_1.pdb	GU	15.726544603488655
PZ7_Chen_1.pdb	CU	16.68559056663924
PZ7_Chen_1.pdb	GU	17.02175833099026
PZ7_Chen_1.pdb	AU	14.1801818800455
PZ7_Chen_1.pdb	GU	13.155161270991732
PZ7_Chen_1.pdb	AU	17.3832390482645
PZ7_Chen_1.pdb	AC	17.181098864697013
PZ7_Chen_1.pdb	AG	14.424624361661516
PZ7_Chen_1.pdb	AC	14.495434819671456
PZ7_Chen_1.pdb	AU	18.932435626932545
PZ7_Chen_1.pdb	AG	17.74765824566616
PZ7_Chen_1.pdb	AC	15.781772753176735
PZ7_Chen_1.pdb	AG	12.412607499732317
PZ7_Chen_1.pdb	AA	10.00053887488853
PZ7_Chen_1.pdb	AG	11.485495377646942
PZ7_Chen_1.pdb	AA	17.05550163824625
PZ7_Chen_1.pdb	CG	18.219234012444165
PZ7_Chen_1.pdb	CG	15.133697128504547
PZ7_Chen_1.pdb	GG	12.49139045386561
PZ7_Chen_1.pdb	CG	12.268617840893324
PZ7_Chen_1.pdb	GU	17.43297046981034
PZ7_Chen_1.pdb	GU	18.275992270532843
PZ7_Chen_1.pdb	GG	15.444584244744133
PZ7_Chen_1.pdb	CG	13.76360725719849
PZ7_Chen_1.pdb	GG	12.14816371247442
PZ7_Chen_1.pdb	AG	11.925917814703183
PZ7_Chen_1.pdb	GG	15.388090909717691
PZ7_Chen_1.pdb	CU	18.59452973786553
PZ7_Chen_1.pdb	CU	18.389900046580923
PZ7_Chen_1.pdb	CU	14.928819401577544
PZ7_Chen_1.pdb	GU	11.855014217333128
PZ7_Chen_1.pdb	CU	10.454054640198377
PZ7_Chen_1.pdb	UU	15.332351731512208
PZ7_Chen_1.pdb	UU	15.044802018857833
PZ7_Chen_1.pdb	GU	12.796892361615672
PZ7_Chen_1.pdb	CU	12.240631104040489
PZ7_Chen_1.pdb	GU	13.11785208901647
PZ7_Chen_1.pdb	AU	15.261953629666774
PZ7_Chen_1.pdb	GU	19.507856527115802
PZ7_Chen_1.pdb	AC	17.133894028357496
PZ7_Chen_1.pdb	AG	14.311720521821691
PZ7_Chen_1.pdb	AC	12.189241111260621
PZ7_Chen_1.pdb	AU	15.85865023364216
PZ7_Chen_1.pdb	AU	14.127574104032648
PZ7_Chen_1.pdb	AG	12.93397922633153
PZ7_Chen_1.pdb	AC	13.598171392641492
PZ7_Chen_1.pdb	AG	16.498585926750895
PZ7_Chen_1.pdb	AA	19.982108366407363
PZ7_Chen_1.pdb	AG	16.93516656364891
PZ7_Chen_1.pdb	AC	17.84872959422722
PZ7_Chen_1.pdb	AG	14.877531690736925
PZ7_Chen_1.pdb	AC	12.295057166409944
PZ7_Chen_1.pdb	AU	14.545972150420132
PZ7_Chen_1.pdb	AU	12.445761230275552
PZ7_Chen_1.pdb	AG	13.462975178085744
PZ7_Chen_1.pdb	AC	16.283976711799188
PZ7_Chen_1.pdb	GG	18.295821372359892
PZ7_Chen_1.pdb	CG	17.74527917045105
PZ7_Chen_1.pdb	GG	15.12251649867114
PZ7_Chen_1.pdb	CG	13.063699390594683
PZ7_Chen_1.pdb	GU	14.307855364204748
PZ7_Chen_1.pdb	GU	13.141040704595527
PZ7_Chen_1.pdb	GG	16.25209174133043
PZ7_Chen_1.pdb	CG	18.172475030285092
PZ7_Chen_1.pdb	AC	19.21622588477432
PZ7_Chen_1.pdb	AC	17.246211503507364
PZ7_Chen_1.pdb	CG	16.940720276886868
PZ7_Chen_1.pdb	CC	18.71930971957801
PZ7_Chen_1.pdb	CC	15.24798324878308
PZ7_Chen_1.pdb	CG	13.889454859108552
PZ7_Chen_1.pdb	CC	13.761553826157648
PZ7_Chen_1.pdb	CU	15.59439674206643
PZ7_Chen_1.pdb	CU	16.429141353512055
PZ7_Chen_1.pdb	AA	14.546045121561315
PZ7_Chen_1.pdb	AU	15.857544126374789
PZ7_Chen_1.pdb	AU	17.661454345054192
PZ7_Chen_1.pdb	AA	17.926336692798138
PZ7_Chen_1.pdb	AA	14.628778779541879
PZ7_Chen_1.pdb	AG	16.262185094004263
PZ7_Chen_1.pdb	AC	19.735749858249147
PZ7_Chen_1.pdb	AC	18.654471984063036
PZ7_Chen_1.pdb	AC	15.79281177895415
PZ7_Chen_1.pdb	AG	15.618156222963982
PZ7_Chen_1.pdb	AC	16.752319734704923
PZ7_Chen_1.pdb	AU	18.47393468965543
PZ7_Chen_1.pdb	GU	19.108982427760015
PZ7_Chen_1.pdb	CG	19.877295948665772
PZ7_Chen_1.pdb	AG	18.145125132964885
PZ7_Chen_1.pdb	AG	15.167989856116812
PZ7_Chen_1.pdb	GG	17.152669703654364
PZ7_Chen_1.pdb	CG	19.1693337665098
PZ7_Chen_1.pdb	CG	16.832316210768788
PZ7_Chen_1.pdb	CG	12.944733700997622
PZ7_Chen_1.pdb	GG	11.937330567458467
PZ7_Chen_1.pdb	CG	13.33731222851189
PZ7_Chen_1.pdb	GU	15.16112331026468
PZ7_Chen_1.pdb	GU	18.23303155017065
PZ7_Chen_1.pdb	AG	19.650146278717898
PZ7_Chen_1.pdb	GG	19.705624091559976
PZ7_Chen_1.pdb	GU	18.31066780774107
PZ7_Chen_1.pdb	AG	17.37975516063765
PZ7_Chen_1.pdb	CG	19.470366697817525
PZ7_Chen_1.pdb	AG	18.578873263637636
PZ7_Chen_1.pdb	CG	17.37859120519706
PZ7_Chen_1.pdb	AG	16.759130066382287
PZ7_Chen_1.pdb	CG	14.63277273142131
PZ7_Chen_1.pdb	AG	14.350339459398992
PZ7_Chen_1.pdb	AG	12.885244980788542
PZ7_Chen_1.pdb	GG	16.513809293334198
PZ7_Chen_1.pdb	CG	17.611962855480115
PZ7_Chen_1.pdb	CG	15.063536021749565
PZ7_Chen_1.pdb	CG	12.126621559682444
PZ7_Chen_1.pdb	GG	12.929289374633326
PZ7_Chen_1.pdb	CG	16.152098643446777
PZ7_Chen_1.pdb	GU	18.733926157578967
PZ7_Chen_1.pdb	GU	18.13772105823206
PZ7_Chen_1.pdb	AG	15.647596348047259
PZ7_Chen_1.pdb	GG	15.023409708684518
PZ7_Chen_1.pdb	GU	16.858111960473444
PZ7_Chen_1.pdb	AG	19.80929610678361
PZ7_Chen_1.pdb	GG	18.833662193756723
PZ7_Chen_1.pdb	AG	16.941631903014297
PZ7_Chen_1.pdb	CG	17.339587683400083
PZ7_Chen_1.pdb	AG	14.623325206054155
PZ7_Chen_1.pdb	GG	16.48253885393441
PZ7_Chen_1.pdb	CG	13.374060919021028
PZ7_Chen_1.pdb	AG	12.560752009080476
PZ7_Chen_1.pdb	CG	9.254365017725533
PZ7_Chen_1.pdb	AG	10.231894526504725
PZ7_Chen_1.pdb	AG	11.431695808965829
PZ7_Chen_1.pdb	GG	16.750493146102283
PZ7_Chen_1.pdb	CG	17.471157513858635
PZ7_Chen_1.pdb	CG	15.709276338175359
PZ7_Chen_1.pdb	CG	14.788182556764355
PZ7_Chen_1.pdb	GG	17.4068392300307
PZ7_Chen_1.pdb	AG	19.392779475108455
PZ7_Chen_1.pdb	AU	14.440705038539832
PZ7_Chen_1.pdb	AA	13.324019518908388
PZ7_Chen_1.pdb	AG	14.431736818076079
PZ7_Chen_1.pdb	AA	18.049106733013875
PZ7_Chen_1.pdb	AU	17.71186485631188
PZ7_Chen_1.pdb	AG	19.963381057592102
PZ7_Chen_1.pdb	AA	16.547672033182405
PZ7_Chen_1.pdb	AU	11.993551204907853
PZ7_Chen_1.pdb	AU	15.490513955840559
PZ7_Chen_1.pdb	AG	16.136556734714354
PZ7_Chen_1.pdb	AG	18.790338799966204
PZ7_Chen_1.pdb	AU	16.759796082445604
PZ7_Chen_1.pdb	AA	17.542816336280058
PZ7_Chen_1.pdb	AG	17.95397348541101
PZ7_Chen_1.pdb	AA	18.1396066186627
PZ7_Chen_1.pdb	AG	18.908801364102906
PZ7_Chen_1.pdb	AC	16.38477589456206
PZ7_Chen_1.pdb	AA	14.551576578930089
PZ7_Chen_1.pdb	AC	9.100939022355051
PZ7_Chen_1.pdb	AA	6.658503608078877
PZ7_Chen_1.pdb	AA	9.592900565748803
PZ7_Chen_1.pdb	AG	15.769204929474345
PZ7_Chen_1.pdb	AC	17.821142800512362
PZ7_Chen_1.pdb	AC	17.620874326232407
PZ7_Chen_1.pdb	AC	17.91970221487993
PZ7_Chen_1.pdb	AA	15.563593344962397
PZ7_Chen_1.pdb	AC	17.62484406338694
PZ7_Chen_1.pdb	AG	19.74987478817964
PZ7_Chen_1.pdb	AU	15.193700663640957
PZ7_Chen_1.pdb	AA	14.064380544202228
PZ7_Chen_1.pdb	AG	14.42814302091357
PZ7_Chen_1.pdb	AC	19.795123290832507
PZ7_Chen_1.pdb	AU	17.741208692556068
PZ7_Chen_1.pdb	AA	13.347017931496776
PZ7_Chen_1.pdb	AU	13.370082343863837
PZ7_Chen_1.pdb	AG	16.700745441416746
PZ7_Chen_1.pdb	AA	17.4317218419039
PZ7_Chen_1.pdb	AU	14.155187844150962
PZ7_Chen_1.pdb	AU	16.812100798190162
PZ7_Chen_1.pdb	AG	14.967391804844556
PZ7_Chen_1.pdb	AG	16.02894110499759
PZ7_Chen_1.pdb	AU	13.17280499745621
PZ7_Chen_1.pdb	AA	13.925265546907223
PZ7_Chen_1.pdb	AG	14.610677683304697
PZ7_Chen_1.pdb	AA	15.321406971854794
PZ7_Chen_1.pdb	AG	16.51039330058604
PZ7_Chen_1.pdb	AG	18.37034645381208
PZ7_Chen_1.pdb	AA	18.208222953821284
PZ7_Chen_1.pdb	AG	16.934346165622387
PZ7_Chen_1.pdb	AC	15.496088059766516
PZ7_Chen_1.pdb	AA	13.087372931408398
PZ7_Chen_1.pdb	AC	6.766832891884562
PZ7_Chen_1.pdb	AA	5.384641419331862
PZ7_Chen_1.pdb	AA	11.404304203855904
PZ7_Chen_1.pdb	AG	17.540387033626974
PZ7_Chen_1.pdb	AC	18.85128003733947
PZ7_Chen_1.pdb	AC	19.626748694663064
PZ7_Chen_1.pdb	CC	16.074179108552492
PZ7_Chen_1.pdb	CU	16.801543305795708
PZ7_Chen_1.pdb	AC	15.661900268810548
PZ7_Chen_1.pdb	CG	15.407166982436543
PZ7_Chen_1.pdb	CC	19.786874134054962
PZ7_Chen_1.pdb	CU	19.19254002755065
PZ7_Chen_1.pdb	CU	14.184880223523546
PZ7_Chen_1.pdb	AC	9.408637584360893
PZ7_Chen_1.pdb	CU	10.484957299234276
PZ7_Chen_1.pdb	CG	15.066229573292091
PZ7_Chen_1.pdb	AC	19.899594603826912
PZ7_Chen_1.pdb	CU	18.064080757799424
PZ7_Chen_1.pdb	CG	17.05745716958941
PZ7_Chen_1.pdb	CG	16.874819614791157
PZ7_Chen_1.pdb	CU	13.889070095260287
PZ7_Chen_1.pdb	AC	14.656158174869505
PZ7_Chen_1.pdb	CG	15.468711911769542
PZ7_Chen_1.pdb	AC	14.072295146974248
PZ7_Chen_1.pdb	CG	14.190648331447802
PZ7_Chen_1.pdb	CG	16.296018612779452
PZ7_Chen_1.pdb	CC	19.75911926518923
PZ7_Chen_1.pdb	AC	19.846780373261932
PZ7_Chen_1.pdb	CG	17.255347636641268
PZ7_Chen_1.pdb	CC	17.476541517005916
PZ7_Chen_1.pdb	AC	15.29307717429594
PZ7_Chen_1.pdb	CC	10.078688138530403
PZ7_Chen_1.pdb	AC	10.390922016196008
PZ7_Chen_1.pdb	AC	16.50065394498882
PZ7_Chen_1.pdb	UU	19.934338261536997
PZ7_Chen_1.pdb	AU	19.005730725575745
PZ7_Chen_1.pdb	GU	18.447668834740348
PZ7_Chen_1.pdb	UU	17.364445001372065
PZ7_Chen_1.pdb	UU	12.32241643721477
PZ7_Chen_1.pdb	AU	8.087945469299006
PZ7_Chen_1.pdb	UU	10.25549989890822
PZ7_Chen_1.pdb	GU	15.325987825973758
PZ7_Chen_1.pdb	GU	19.70436083282156
PZ7_Chen_1.pdb	UU	17.13125622484516
PZ7_Chen_1.pdb	AU	17.97462870791009
PZ7_Chen_1.pdb	GU	18.908361665436736
PZ7_Chen_1.pdb	AU	15.912206458803555
PZ7_Chen_1.pdb	GU	14.900493206780045
PZ7_Chen_1.pdb	GU	16.935344357549667
PZ7_Chen_1.pdb	AU	19.77665740783561
PZ7_Chen_1.pdb	CU	15.638773964405177
PZ7_Chen_1.pdb	AU	16.394764433736412
PZ7_Chen_1.pdb	CC	17.01674971001555
PZ7_Chen_1.pdb	AC	17.505761156574174
PZ7_Chen_1.pdb	CU	19.617627936234893
PZ7_Chen_1.pdb	CU	15.8616856775213
PZ7_Chen_1.pdb	AC	10.807635968788778
PZ7_Chen_1.pdb	CU	9.764399232713135
PZ7_Chen_1.pdb	CG	13.007097969476982
PZ7_Chen_1.pdb	CU	18.322802696505672
PZ7_Chen_1.pdb	CG	18.04966914231446
PZ7_Chen_1.pdb	CG	16.307657963316505
PZ7_Chen_1.pdb	CU	14.915443791957662
PZ7_Chen_1.pdb	AC	17.001519015193615
PZ7_Chen_1.pdb	CG	19.37745331994367
PZ7_Chen_1.pdb	AC	17.32602132741021
PZ7_Chen_1.pdb	CG	17.97950421619192
PZ7_Chen_1.pdb	CC	18.598196942621662
PZ7_Chen_1.pdb	AC	17.3421829899168
PZ7_Chen_1.pdb	AC	18.715088533575393
PZ7_Chen_1.pdb	AA	15.403645678007518
PZ7_Chen_1.pdb	AC	13.26555145828449
PZ7_Chen_1.pdb	AA	14.517744705841992
PZ7_Chen_1.pdb	AU	16.355160598066725
PZ7_Chen_1.pdb	AU	18.091671196869985
PZ7_Chen_1.pdb	AA	12.599500279784033
PZ7_Chen_1.pdb	AU	8.605052236839368
PZ7_Chen_1.pdb	AG	9.033000701125983
PZ7_Chen_1.pdb	AU	13.28371196256223
PZ7_Chen_1.pdb	AG	16.80378083073607
PZ7_Chen_1.pdb	AA	17.916886614757512
PZ7_Chen_1.pdb	AU	18.88927431498561
PZ7_Chen_1.pdb	AU	18.969403984622414
PZ7_Chen_1.pdb	AG	13.96757782737034
PZ7_Chen_1.pdb	AG	13.017383712300791
PZ7_Chen_1.pdb	AU	13.791508671273414
PZ7_Chen_1.pdb	AA	17.5799523507433
PZ7_Chen_1.pdb	AA	17.18626593678668
PZ7_Chen_1.pdb	CC	18.261259382063386
PZ7_Chen_1.pdb	AC	18.220359286666675
PZ7_Chen_1.pdb	CC	14.301600854768592
PZ7_Chen_1.pdb	AC	12.580289686304237
PZ7_Chen_1.pdb	CC	12.666493234031396
PZ7_Chen_1.pdb	AC	15.034340606132265
PZ7_Chen_1.pdb	CU	16.295001594137723
PZ7_Chen_1.pdb	CG	19.98253754805827
PZ7_Chen_1.pdb	CC	19.4638368446281
PZ7_Chen_1.pdb	AC	16.792082111407122
PZ7_Chen_1.pdb	CU	11.478241111893691
PZ7_Chen_1.pdb	CG	8.668890881822914
PZ7_Chen_1.pdb	CU	10.07516472573542
PZ7_Chen_1.pdb	CG	12.549017832871732
PZ7_Chen_1.pdb	AC	14.554048427484101
PZ7_Chen_1.pdb	CU	16.24731069059917
PZ7_Chen_1.pdb	CU	15.084463114188084
PZ7_Chen_1.pdb	CG	10.222637164613763
PZ7_Chen_1.pdb	CG	10.426885066410517
PZ7_Chen_1.pdb	CU	13.69851683036301
PZ7_Chen_1.pdb	AC	18.683440350335992
PZ7_Chen_1.pdb	AC	17.847052209049465
PZ7_Chen_1.pdb	AC	19.28931529437869
PZ7_Chen_1.pdb	AC	16.073411786643128
PZ7_Chen_1.pdb	CC	12.14829772766637
PZ7_Chen_1.pdb	AC	12.60850397514419
PZ7_Chen_1.pdb	CC	15.071952875471716
PZ7_Chen_1.pdb	AC	18.27088530910424
PZ7_Chen_1.pdb	CU	19.121712375112764
PZ7_Chen_1.pdb	CU	16.413027370731996
PZ7_Chen_1.pdb	CG	12.416839895744632
PZ7_Chen_1.pdb	CU	10.923194114551356
PZ7_Chen_1.pdb	CG	11.118840601393341
PZ7_Chen_1.pdb	AC	13.695220034493286
PZ7_Chen_1.pdb	CU	15.677969920560086
PZ7_Chen_1.pdb	CU	12.815884148797986
PZ7_Chen_1.pdb	CG	8.739271168030635
PZ7_Chen_1.pdb	CG	9.981565509628032
PZ7_Chen_1.pdb	CU	15.11783881008177
PZ7_Chen_1.pdb	AC	19.818152154246608
PZ7_Chen_1.pdb	AU	15.345309494048443
PZ7_Chen_1.pdb	UU	17.578564866298628
PZ7_Chen_1.pdb	GU	19.692448800956054
PZ7_Chen_1.pdb	AU	17.832614049461988
PZ7_Chen_1.pdb	AU	17.63808597084289
PZ7_Chen_1.pdb	AU	12.46475759162837
PZ7_Chen_1.pdb	CU	7.40401513562755
PZ7_Chen_1.pdb	AU	10.816564991687171
PZ7_Chen_1.pdb	CU	14.017265295121623
PZ7_Chen_1.pdb	AU	16.6171288673724
PZ7_Chen_1.pdb	UU	16.626677413372022
PZ7_Chen_1.pdb	UU	18.014458036998825
PZ7_Chen_1.pdb	GU	17.415303434111607
PZ7_Chen_1.pdb	UU	17.769662831166038
PZ7_Chen_1.pdb	CU	19.465043978388664
PZ7_Chen_1.pdb	UU	18.766695273738748
PZ7_Chen_1.pdb	GU	13.541902924764019
PZ7_Chen_1.pdb	UU	9.36121987088559
PZ7_Chen_1.pdb	GU	10.153285571721351
PZ7_Chen_1.pdb	AU	14.94337739139342
PZ7_Chen_1.pdb	UU	18.627790034099327
PZ7_Chen_1.pdb	UU	16.231731242409456
PZ7_Chen_1.pdb	GU	13.989024966243914
PZ7_Chen_1.pdb	GU	16.10626833005825
PZ7_Chen_1.pdb	CU	17.796655566179677
PZ7_Chen_1.pdb	AC	19.34140376841084
PZ7_Chen_1.pdb	AC	19.08281643545333
PZ7_Chen_1.pdb	AC	14.703747549705241
PZ7_Chen_1.pdb	CC	10.024207505016962
PZ7_Chen_1.pdb	AC	15.613450165907478
PZ7_Chen_1.pdb	CC	19.15948748675122
PZ7_Chen_1.pdb	CU	19.919129421678175
PZ7_Chen_1.pdb	CU	19.381878162677364
PZ7_Chen_1.pdb	CG	17.83987721346675
PZ7_Chen_1.pdb	CU	17.355960887326855
PZ7_Chen_1.pdb	CC	19.991536268316388
PZ7_Chen_1.pdb	CG	17.585123972319682
PZ7_Chen_1.pdb	CU	12.077112408852027
PZ7_Chen_1.pdb	CG	10.622448925994709
PZ7_Chen_1.pdb	AC	15.637359481443761
PZ7_Chen_1.pdb	CU	19.89484008593413
PZ7_Chen_1.pdb	CU	17.393491965333347
PZ7_Chen_1.pdb	CG	17.24161102868281
PZ7_Chen_1.pdb	CG	18.427284999169295
PZ7_Chen_1.pdb	AC	18.3500186432856
PZ7_Chen_1.pdb	AC	19.80456243029912
PZ7_Chen_1.pdb	AC	16.387390279401554
PZ7_Chen_1.pdb	CC	11.322069532805745
PZ7_Chen_1.pdb	AC	17.209531482767844
PZ7_Chen_1.pdb	CC	19.60600784314725
PZ7_Chen_1.pdb	AC	19.8770855081234
PZ7_Chen_1.pdb	CU	17.479996437653785
PZ7_Chen_1.pdb	CU	15.297078327537783
PZ7_Chen_1.pdb	CG	13.415960282124507
PZ7_Chen_1.pdb	CU	13.403443560632972
PZ7_Chen_1.pdb	CC	17.32413577955752
PZ7_Chen_1.pdb	CG	17.66694454804931
PZ7_Chen_1.pdb	CU	11.518113187837242
PZ7_Chen_1.pdb	CG	11.29114059410087
PZ7_Chen_1.pdb	AC	16.98408859846298
PZ7_Chen_1.pdb	AA	18.262959929984447
PZ7_Chen_1.pdb	AA	18.81229811450102
PZ7_Chen_1.pdb	AC	13.908375253624044
PZ7_Chen_1.pdb	AA	19.10470052149769
PZ7_Chen_1.pdb	AA	18.831046231464555
PZ7_Chen_1.pdb	AU	15.28304569776774
PZ7_Chen_1.pdb	AU	11.385335653893918
PZ7_Chen_1.pdb	AG	9.423948860413445
PZ7_Chen_1.pdb	AU	10.641757578571887
PZ7_Chen_1.pdb	AC	15.717756050767274
PZ7_Chen_1.pdb	AG	18.26267650039191
PZ7_Chen_1.pdb	AU	12.45923793499056
PZ7_Chen_1.pdb	AG	13.807820770117027
PZ7_Chen_1.pdb	AA	19.452559426903242
PZ7_Chen_1.pdb	AA	18.32794330501177
PZ7_Chen_1.pdb	AA	16.847882671566968
PZ7_Chen_1.pdb	AC	12.879788375476291
PZ7_Chen_1.pdb	AA	17.432744694493888
PZ7_Chen_1.pdb	AC	18.07134227399943
PZ7_Chen_1.pdb	AA	16.420137848629306
PZ7_Chen_1.pdb	AU	13.301744917678887
PZ7_Chen_1.pdb	AU	9.211726581126014
PZ7_Chen_1.pdb	AG	10.07797577833752
PZ7_Chen_1.pdb	AU	13.707164002090254
PZ7_Chen_1.pdb	AC	18.817458134859063
PZ7_Chen_1.pdb	AG	19.85765644810516
PZ7_Chen_1.pdb	AU	14.703110093896822
PZ7_Chen_1.pdb	AG	17.630452292878196
PZ7_Chen_1.pdb	AU	15.237307463256094
PZ7_Chen_1.pdb	CU	12.86065827735816
PZ7_Chen_1.pdb	AU	15.817836472647002
PZ7_Chen_1.pdb	CU	15.802619603753786
PZ7_Chen_1.pdb	AU	14.075166861751342
PZ7_Chen_1.pdb	UU	12.23873401374333
PZ7_Chen_1.pdb	UU	9.465962573456054
PZ7_Chen_1.pdb	GU	13.15395979872333
PZ7_Chen_1.pdb	UU	18.099518551031185
PZ7_Chen_1.pdb	UU	17.69404493954939
PZ7_Chen_1.pdb	CG	13.278992855461667
PZ7_Chen_1.pdb	AG	14.408976693918174
PZ7_Chen_1.pdb	CG	14.455345132625046
PZ7_Chen_1.pdb	AG	13.964380837489319
PZ7_Chen_1.pdb	GU	14.427029434965227
PZ7_Chen_1.pdb	GU	13.896850827292063
PZ7_Chen_1.pdb	GG	18.490846173282474
PZ7_Chen_1.pdb	AA	11.479644501272519
PZ7_Chen_1.pdb	AC	13.431624318220358
PZ7_Chen_1.pdb	AA	15.322913325557058
PZ7_Chen_1.pdb	AU	17.055554336644263
PZ7_Chen_1.pdb	AU	17.63105133569783
PZ7_Chen_1.pdb	AC	15.386056452151912
PZ7_Chen_1.pdb	AA	19.160906547654573
PZ7_Chen_1.pdb	AA	16.836544471729397
PZ7_Chen_1.pdb	AU	19.14991221612798
PZ7_Chen_1.pdb	AU	19.51380933347328
PZ7_Chen_1.pdb	CU	15.262479402994325
PZ7_Chen_1.pdb	CU	16.57152517242357
PZ7_Chen_1.pdb	CG	18.12547069119557
PZ7_Chen_1.pdb	CG	17.821653600309308
PZ7_Chen_1.pdb	CU	13.819022031859122
PZ7_Chen_1.pdb	CG	16.546485652268977
PZ7_Chen_1.pdb	AU	18.103094189328953
PZ7_Chen_1.pdb	AG	17.42746240742135
PZ7_Chen_1.pdb	AU	15.626898640386495
PZ7_Chen_1.pdb	AG	19.557290742155175
PZ7_Chen_1.pdb	CG	19.050989377691288
PZ7_Chen_1.pdb	CU	18.30372351509821
PZ7_Chen_1.pdb	CG	15.543368695129525
PZ7_Chen_1.pdb	CU	15.271700474578711
PZ7_Chen_1.pdb	AU	19.590102823909536
PZ7_Chen_1.pdb	AU	16.635477416224496
PZ7_Chen_1.pdb	AG	14.260657517463995
PZ7_Chen_1.pdb	AU	14.420166082837154
PZ7_Chen_1.pdb	CU	16.70715960497114
PZ7_Chen_1.pdb	AU	19.393589546579346
PZ7_Chen_1.pdb	UU	15.773132032954928
PZ7_Chen_1.pdb	GU	12.760362125157778
PZ7_Chen_1.pdb	UU	12.055052036173434
PZ7_Chen_1.pdb	GU	18.14688242749881
PZ7_Chen_1.pdb	UU	19.600892097531908
PZ7_Chen_1.pdb	GU	15.800917259698025
PZ7_Chen_1.pdb	UU	13.157849674298522
PZ7_Chen_1.pdb	GU	18.242357669685695
PZ7_Chen_1.pdb	GU	18.291377666457322
PZ7_Chen_1.pdb	GG	14.140039855516056
PZ7_Chen_1.pdb	GU	10.846681854670907
PZ7_Chen_1.pdb	GG	14.698052183889152
PZ7_Chen_1.pdb	AG	19.246803675249573
PZ7_Chen_1.pdb	CU	19.589621505135575
PZ7_Chen_1.pdb	UU	17.771556960368766
PZ7_Chen_1.pdb	GU	13.644799792736046
PZ7_Chen_1.pdb	UU	10.237586932136837
PZ7_Chen_1.pdb	GU	11.710934930144237
PZ7_Chen_1.pdb	AU	15.217530437085493
PZ7_Chen_1.pdb	AC	18.685757570652694
PZ7_Chen_1.pdb	CC	15.058083301071468
PZ7_Chen_1.pdb	CU	16.629261236911006
PZ7_Chen_1.pdb	CG	17.638414237352553
PZ7_Chen_1.pdb	CU	19.085075762752652
PZ7_Chen_1.pdb	AC	17.73911095380092
PZ7_Chen_1.pdb	CU	14.562166531694707
PZ7_Chen_1.pdb	CG	11.725016853773704
PZ7_Chen_1.pdb	CU	10.654378225681585
PZ7_Chen_1.pdb	CG	11.459289381261383
PZ7_Chen_1.pdb	AC	12.822953061678131
PZ7_Chen_1.pdb	CU	17.31570436168848
PZ7_Chen_1.pdb	CG	19.793385222038324
PZ7_Chen_1.pdb	GU	16.318131179989226
PZ7_Chen_1.pdb	AG	14.740726772718018
PZ7_Chen_1.pdb	CG	11.414219884252905
PZ7_Chen_1.pdb	GU	14.153989310961153
PZ7_Chen_1.pdb	GG	15.18798650152849
PZ7_Chen_1.pdb	GU	18.216298995568444
PZ7_Chen_1.pdb	GU	16.742342812070753
PZ7_Chen_1.pdb	AG	15.714377679602391
PZ7_Chen_1.pdb	GU	13.84165513437338
PZ7_Chen_1.pdb	GG	13.030547936982586
PZ7_Chen_1.pdb	GU	14.144288408906622
PZ7_Chen_1.pdb	GG	13.75576894151028
PZ7_Chen_1.pdb	AG	12.29744418067588
PZ7_Chen_1.pdb	GU	15.053330789721231
PZ7_Chen_1.pdb	GU	19.691306566017385
PZ7_Chen_1.pdb	AU	19.16929492667422
PZ7_Chen_1.pdb	UU	14.71074173325756
PZ7_Chen_1.pdb	AU	15.021977714633529
PZ7_Chen_1.pdb	CU	12.131051644804385
PZ7_Chen_1.pdb	UU	14.788413349517489
PZ7_Chen_1.pdb	GU	14.709522246982804
PZ7_Chen_1.pdb	UU	16.57455768738634
PZ7_Chen_1.pdb	UU	14.598146177898464
PZ7_Chen_1.pdb	AU	13.429922753231054
PZ7_Chen_1.pdb	UU	13.018935264919604
PZ7_Chen_1.pdb	GU	14.30805315627398
PZ7_Chen_1.pdb	UU	17.262213844151518
PZ7_Chen_1.pdb	GU	16.629427641997793
PZ7_Chen_1.pdb	AU	13.39310201189986
PZ7_Chen_1.pdb	UU	13.843450167576831
PZ7_Chen_1.pdb	UU	19.11806809099143
PZ7_Chen_1.pdb	AU	18.426882130030855
PZ7_Chen_1.pdb	AG	16.920074073701738
PZ7_Chen_1.pdb	AU	18.98185308150094
PZ7_Chen_1.pdb	AC	19.800303759027564
PZ7_Chen_1.pdb	AU	13.94393645623461
PZ7_Chen_1.pdb	AA	15.50372086958367
PZ7_Chen_1.pdb	AC	13.083922754118612
PZ7_Chen_1.pdb	AU	14.977256422542377
PZ7_Chen_1.pdb	AG	14.006716341883157
PZ7_Chen_1.pdb	AU	14.886865631337528
PZ7_Chen_1.pdb	AU	13.298847326454348
PZ7_Chen_1.pdb	AA	13.207680640670947
PZ7_Chen_1.pdb	AU	14.986179995860343
PZ7_Chen_1.pdb	AG	18.01017898904652
PZ7_Chen_1.pdb	AA	18.13804394834261
PZ7_Chen_1.pdb	AU	17.224974177301398
PZ7_Chen_1.pdb	AC	18.655564918639076
PZ7_Chen_1.pdb	AA	18.098174266027446
PZ7_Chen_1.pdb	GU	17.72480017292715
PZ7_Chen_1.pdb	GU	16.78476326734198
PZ7_Chen_1.pdb	AG	19.00085597638706
PZ7_Chen_1.pdb	CG	16.92364371236736
PZ7_Chen_1.pdb	GU	17.511902185872685
PZ7_Chen_1.pdb	GG	15.385007801921525
PZ7_Chen_1.pdb	GU	14.556337403398372
PZ7_Chen_1.pdb	GU	13.358039189455726
PZ7_Chen_1.pdb	AG	14.259185426931916
PZ7_Chen_1.pdb	GU	17.827719253450425
PZ7_Chen_1.pdb	AG	15.39353582374703
PZ7_Chen_1.pdb	GG	18.207625429800046
PZ7_Chen_1.pdb	CG	17.088006944615746
PZ7_Chen_1.pdb	AG	18.99858407673926
PZ7_Chen_1.pdb	CU	18.20106371328407
PZ7_Chen_1.pdb	CC	19.505764060305243
PZ7_Chen_1.pdb	CU	16.246403433153706
PZ7_Chen_1.pdb	AC	17.835393227183026
PZ7_Chen_1.pdb	CC	15.93708402359761
PZ7_Chen_1.pdb	CU	15.38916994583171
PZ7_Chen_1.pdb	CG	13.281954317056318
PZ7_Chen_1.pdb	CU	12.832341098143504
PZ7_Chen_1.pdb	CU	13.737022264300732
PZ7_Chen_1.pdb	AC	16.73301850766646
PZ7_Chen_1.pdb	AC	19.173324770200967
PZ7_Chen_1.pdb	CG	19.575396623618587
PZ7_Chen_1.pdb	AC	17.666839363966776
PZ7_Chen_1.pdb	AG	19.665257089155592
PZ7_Chen_1.pdb	AC	19.564842921658347
PZ7_Chen_1.pdb	AU	17.47156576193052
PZ7_Chen_1.pdb	AA	17.7470716434683
PZ7_Chen_1.pdb	AC	15.92813827536861
PZ7_Chen_1.pdb	AU	13.798691256225029
PZ7_Chen_1.pdb	AG	11.951733255535393
PZ7_Chen_1.pdb	AU	12.24862865624824
PZ7_Chen_1.pdb	AU	15.359632055988907
PZ7_Chen_1.pdb	AA	19.914259116673588
PZ7_Chen_1.pdb	AG	17.51691096486262
PZ7_Chen_1.pdb	CG	15.362336533134272
PZ7_Chen_1.pdb	GU	14.81093504662068
PZ7_Chen_1.pdb	AG	15.238156135706479
PZ7_Chen_1.pdb	CG	14.936350179660442
PZ7_Chen_1.pdb	GU	13.946529928814325
PZ7_Chen_1.pdb	GG	14.223576301112878
PZ7_Chen_1.pdb	GU	16.436085770903613
PZ7_Chen_1.pdb	GU	19.840788713290355
PZ7_Chen_1.pdb	CU	10.643235807821796
PZ7_Chen_1.pdb	UU	12.457150365261741
PZ7_Chen_1.pdb	AU	13.981655346606077
PZ7_Chen_1.pdb	CU	15.707500140817544
PZ7_Chen_1.pdb	UU	16.63682232671163
PZ7_Chen_1.pdb	GU	18.446366717217966
PZ7_Chen_1.pdb	UU	12.390238304237192
PZ7_Chen_1.pdb	AU	15.102575878633987
PZ7_Chen_1.pdb	CU	18.447379580349935
PZ7_Chen_1.pdb	AG	18.324186933355037
PZ7_Chen_1.pdb	CU	19.386836801642186
PZ7_Chen_1.pdb	GU	18.194134687179083
PZ7_Chen_1.pdb	CU	18.037799497382267
PZ7_Chen_1.pdb	AU	18.67254452799828
PZ7_Chen_1.pdb	GU	17.62784379958999
PZ7_Chen_1.pdb	GU	19.9212393264309
PZ7_Chen_1.pdb	AA	19.758529178508468
PZ7_Chen_1.pdb	AC	18.641941598633604
PZ7_Chen_1.pdb	AA	18.11905865208634
PZ7_Chen_1.pdb	AU	15.21983389901735
PZ7_Chen_1.pdb	UU	16.602450435978607
PZ7_Chen_1.pdb	UU	19.145658624183486
PZ7_Chen_1.pdb	GU	16.530033403274945
PZ7_Chen_1.pdb	GU	18.286559742495758
PZ7_Chen_1.pdb	UU	18.595107092959456
PZ7_Chen_1.pdb	CU	19.624947859194563
PZ7_Chen_1.pdb	AU	16.900754012745967
PZ7_Chen_1.pdb	GU	15.006103742414703
PZ7_Chen_1.pdb	GU	16.698106221393747
PZ7_Chen_1.pdb	GG	14.492439765852133
PZ7_Chen_1.pdb	GG	17.179910625220696
PZ7_Chen_1.pdb	GU	19.270042248750766
PZ7_Chen_1.pdb	AG	18.901714116498468
PZ7_Chen_1.pdb	UU	16.209045378268762
PZ7_Chen_1.pdb	GU	15.09205876459128
PZ7_Chen_1.pdb	GU	18.646256807486214
PZ7_Chen_1.pdb	GG	12.757103859498315
PZ7_Chen_1.pdb	GG	17.8597224256807
PZ7_Chen_1.pdb	AG	17.001234090124967
PZ7_Chen_1.pdb	AA	17.156182935311314
PZ7_Chen_1.pdb	AA	19.029359275716818
PZ7_Chen_1.pdb	UU	17.441181940732907
PZ7_Chen_1.pdb	CU	19.331187631666683
PZ7_Chen_1.pdb	AU	12.829015840201125
PZ7_Chen_1.pdb	AU	13.865852421038905
PZ7_Chen_1.pdb	GU	17.982535584182152
PZ7_Chen_1.pdb	AU	19.905474119695214
PZ7_Chen_1.pdb	AU	14.104426714514132
PZ7_Chen_1.pdb	AU	13.711654585586208
PZ7_Chen_1.pdb	GU	16.1115280812678
PZ7_Chen_1.pdb	GG	19.767090023280616
PZ7_Chen_1.pdb	CG	19.372629170889518
PZ7_Chen_1.pdb	AG	12.384820464872698
PZ7_Chen_1.pdb	AG	13.26516919749656
PZ7_Chen_1.pdb	GG	15.75433208585903
PZ7_Chen_1.pdb	AG	19.554604644930052
PZ7_Chen_1.pdb	CG	19.07512963170234
PZ7_Chen_1.pdb	AG	13.197161722993034
PZ7_Chen_1.pdb	AG	14.109105643734859
PZ7_Chen_1.pdb	GG	15.563576598171817
PZ7_Chen_1.pdb	CG	18.799913277987738
PZ7_Chen_1.pdb	GU	18.721669904551476
PZ7_Chen_1.pdb	AU	18.482353034805634
PZ7_Chen_1.pdb	CU	14.59471976714055
PZ7_Chen_1.pdb	AU	10.25855766839835
PZ7_Chen_1.pdb	AU	11.767700327129408
PZ7_Chen_1.pdb	GU	13.760134724501972
PZ7_Chen_1.pdb	CU	15.37829360115484
PZ7_Chen_1.pdb	CU	19.256159435168925
PZ7_Chen_1.pdb	AC	19.05461721379162
PZ7_Chen_1.pdb	AA	14.86335942479753
PZ7_Chen_1.pdb	AC	12.711941231702822
PZ7_Chen_1.pdb	AA	11.004267227562556
PZ7_Chen_1.pdb	AA	11.991421553867301
PZ7_Chen_1.pdb	AG	13.414992187620586
PZ7_Chen_1.pdb	AC	12.821400342098485
PZ7_Chen_1.pdb	AC	16.339754981221713
PZ7_Chen_1.pdb	GG	18.718112321673363
PZ7_Chen_1.pdb	CG	15.009859046662585
PZ7_Chen_1.pdb	AG	10.921208557310248
PZ7_Chen_1.pdb	CG	10.958466135709266
PZ7_Chen_1.pdb	AG	12.281358191667724
PZ7_Chen_1.pdb	AG	13.184759330209674
PZ7_Chen_1.pdb	GG	14.69360729657895
PZ7_Chen_1.pdb	CG	12.107814688273075
PZ7_Chen_1.pdb	CG	14.347758612754486
PZ7_Chen_1.pdb	CG	19.38729632707098
PZ7_Chen_1.pdb	AG	15.950957277402596
PZ7_Chen_1.pdb	AC	14.129520728866469
PZ7_Chen_1.pdb	AA	10.948686394509707
PZ7_Chen_1.pdb	AC	11.704513817606642
PZ7_Chen_1.pdb	AA	15.137259432379745
PZ7_Chen_1.pdb	AA	17.8946849843802
PZ7_Chen_1.pdb	AC	17.928621099044197
PZ7_Chen_1.pdb	AC	19.31643665341193
PZ7_Chen_1.pdb	AG	18.63130145312101
PZ7_Chen_1.pdb	GG	12.324826296349995
PZ7_Chen_1.pdb	CG	12.798179055208696
PZ7_Chen_1.pdb	AG	11.255152033613141
PZ7_Chen_1.pdb	CG	12.80485214184499
PZ7_Chen_1.pdb	AG	18.01726282547123
PZ7_Chen_1.pdb	CG	18.793121189575782
PZ7_Chen_1.pdb	AG	14.820454543938535
PZ7_Chen_1.pdb	GG	8.323204672090233
PZ7_Chen_1.pdb	CG	11.313411931008792
PZ7_Chen_1.pdb	AG	11.852912085730258
PZ7_Chen_1.pdb	CG	14.332619927166977
PZ7_Chen_1.pdb	CC	16.944104652523784
PZ7_Chen_1.pdb	AC	13.114963118011243
PZ7_Chen_1.pdb	CG	8.074868635482689
PZ7_Chen_1.pdb	CC	13.43184763437898
PZ7_Chen_1.pdb	AC	15.569005593953158
PZ7_Chen_1.pdb	CC	18.084334778186044
PZ7_Chen_1.pdb	AU	19.401490464339453
PZ7_Chen_1.pdb	CU	14.119507968434755
PZ7_Chen_1.pdb	AU	10.504282867426006
PZ7_Chen_1.pdb	GU	8.562681969335353
PZ7_Chen_1.pdb	CU	14.572662925451592
PZ7_Chen_1.pdb	AU	17.67567559776354
PZ7_Chen_1.pdb	CU	19.889911096610337
PZ7_Chen_1.pdb	AG	18.66305695714508
PZ7_Chen_1.pdb	AC	19.97140652788292
PZ7_Chen_1.pdb	AA	17.948804443877496
PZ7_Chen_1.pdb	AC	12.39857217482298
PZ7_Chen_1.pdb	AA	10.629452581505557
PZ7_Chen_1.pdb	AG	11.888177326244088
PZ7_Chen_1.pdb	AC	17.170873151150886
PZ7_Chen_1.pdb	AA	18.89164722142597
PZ7_Chen_1.pdb	AC	17.921409410559214
PZ7_Chen_1.pdb	AG	16.89600318923625
PZ7_Chen_1.pdb	AC	18.17047895320808
PZ7_Chen_1.pdb	AA	16.715727254725618
PZ7_Chen_1.pdb	AC	11.596315755312721
PZ7_Chen_1.pdb	AA	11.164936975415145
PZ7_Chen_1.pdb	AG	15.51982878323881
PZ7_Chen_1.pdb	AC	19.688796382037744
PZ7_Chen_1.pdb	GU	18.087460391307875
PZ7_Chen_1.pdb	AG	17.651596891664465
PZ7_Chen_1.pdb	CG	17.362619269462634
PZ7_Chen_1.pdb	GG	16.10495344960883
PZ7_Chen_1.pdb	CG	16.825364954277784
PZ7_Chen_1.pdb	AG	15.89974588787099
PZ7_Chen_1.pdb	CG	12.106963433390348
PZ7_Chen_1.pdb	AG	13.054748845151819
PZ7_Chen_1.pdb	GG	18.893292053468222
PZ7_Chen_1.pdb	AU	18.229667131865938
PZ7_Chen_1.pdb	UU	17.109897766659838
PZ7_Chen_1.pdb	AU	17.274177165970517
PZ7_Chen_1.pdb	CU	16.99222020467678
PZ7_Chen_1.pdb	CU	19.181810073221364
PZ7_Chen_1.pdb	GU	19.190927971506035
PZ7_Chen_1.pdb	AU	19.87232112475869
PZ7_Chen_1.pdb	GU	14.659635731689043
PZ7_Chen_1.pdb	CU	14.803307027397532
PZ7_Chen_1.pdb	AU	15.025411836874886
PZ7_Chen_1.pdb	CU	13.367095384015894
PZ7_Chen_1.pdb	AU	16.164105140378002
PZ7_Chen_1.pdb	GG	18.441822982973786
PZ7_Chen_1.pdb	AG	19.006160405849194
PZ7_Chen_1.pdb	AG	16.376594821881643
PZ7_Chen_1.pdb	GU	15.801894961479602
PZ7_Chen_1.pdb	AG	16.073189368651946
PZ7_Chen_1.pdb	CG	15.728140262248921
PZ7_Chen_1.pdb	CG	16.444186954496203
PZ7_Chen_1.pdb	GG	15.98927371339263
PZ7_Chen_1.pdb	AG	18.605574241246188
PZ7_Chen_1.pdb	GG	13.870864808493794
PZ7_Chen_1.pdb	CG	14.470514196173358
PZ7_Chen_1.pdb	AG	16.65528861510392
PZ7_Chen_1.pdb	CG	16.749694796004334
PZ7_Chen_1.pdb	AG	18.613991459722993
PZ7_Chen_1.pdb	AC	18.448936243386992
PZ7_Chen_1.pdb	AC	18.677205949704437
PZ7_Chen_1.pdb	AA	17.224544457767202
PZ7_Chen_1.pdb	AA	15.523315165852155
PZ7_Chen_1.pdb	AU	16.287145147737743
PZ7_Chen_1.pdb	AA	17.410217070428015
PZ7_Chen_1.pdb	AC	17.696846995993354
PZ7_Chen_1.pdb	AC	17.337100737608743
PZ7_Chen_1.pdb	AG	16.77663983558391
PZ7_Chen_1.pdb	AG	17.301588303092995
PZ7_Chen_1.pdb	AC	18.10165603815493
PZ7_Chen_1.pdb	AC	19.46201275865907
PZ7_Chen_1.pdb	AC	17.15956313883191
PZ7_Chen_1.pdb	CG	16.886308651406654
PZ7_Chen_1.pdb	CC	18.44286023808844
PZ7_Chen_1.pdb	CC	19.973932931699387
PZ7_Chen_1.pdb	AC	18.566591570946684
PZ7_Chen_1.pdb	AC	16.67833305598635
PZ7_Chen_1.pdb	CU	16.94435920369898
PZ7_Chen_1.pdb	AC	17.308781112692554
PZ7_Chen_1.pdb	CC	17.217403497266695
PZ7_Chen_1.pdb	CC	15.3911741497689
PZ7_Chen_1.pdb	CG	14.70586123065519
PZ7_Chen_1.pdb	CG	17.972242258473877
PZ7_Chen_1.pdb	CC	19.627656171397028
PZ7_Chen_1.pdb	GU	17.517506737568795
PZ7_Chen_1.pdb	AG	16.50683696343562
PZ7_Chen_1.pdb	GG	17.67248572367188
PZ7_Chen_1.pdb	AG	19.995192924947137
PZ7_Chen_1.pdb	AG	17.518837283915552
PZ7_Chen_1.pdb	GU	16.74357209429085
PZ7_Chen_1.pdb	AG	16.090118642281656
PZ7_Chen_1.pdb	CG	15.68551159292848
PZ7_Chen_1.pdb	CG	12.886386805689183
PZ7_Chen_1.pdb	GG	12.790659648761237
PZ7_Chen_1.pdb	CG	18.894766456656104
PZ7_Chen_1.pdb	AG	19.982396465245017
PZ7_Chen_1.pdb	GG	18.50597882004052
PZ7_Chen_1.pdb	GU	19.088525224634346
PZ7_Chen_1.pdb	AG	18.911846573873774
PZ7_Chen_1.pdb	AG	18.748889577725965
PZ7_Chen_1.pdb	GU	16.462890171066796
PZ7_Chen_1.pdb	AG	14.375171401659307
PZ7_Chen_1.pdb	CG	13.604497009395654
PZ7_Chen_1.pdb	CG	10.297445733467564
PZ7_Chen_1.pdb	GG	11.701352426373555
PZ7_Chen_1.pdb	CG	17.685304313969628
PZ7_Chen_1.pdb	AG	19.511296847882623
PZ7_Chen_1.pdb	GG	19.287512979442994
PZ7_Chen_1.pdb	AU	19.988907988468135
PZ7_Chen_1.pdb	AU	18.664285767892764
PZ7_Chen_1.pdb	UU	15.85719685667371
PZ7_Chen_1.pdb	AU	13.709772111697301
PZ7_Chen_1.pdb	CU	14.009756782188582
PZ7_Chen_1.pdb	CU	12.135713456477529
PZ7_Chen_1.pdb	GU	15.182698242104113
PZ7_Chen_1.pdb	AA	16.50207066838579
PZ7_Chen_1.pdb	AU	13.470834360721552
PZ7_Chen_1.pdb	AA	12.200781022622358
PZ7_Chen_1.pdb	AC	14.436942209695184
PZ7_Chen_1.pdb	AC	15.00291092996927
PZ7_Chen_1.pdb	AG	19.19036422641929
PZ7_Chen_1.pdb	CU	18.886458846847194
PZ7_Chen_1.pdb	UU	19.760990996670934
PZ7_Chen_1.pdb	AU	17.754818678291247
PZ7_Chen_1.pdb	AU	19.190629884931187
PZ7_Chen_1.pdb	AU	16.2128549326646
PZ7_Chen_1.pdb	AU	13.51760030821738
PZ7_Chen_1.pdb	UU	12.204154025833576
PZ7_Chen_1.pdb	AU	13.568905139511426
PZ7_Chen_1.pdb	CU	17.48349184307028
PZ7_Chen_1.pdb	CU	19.194034238257924
PZ7_Chen_1.pdb	GU	17.614178046062275
PZ7_Chen_1.pdb	UU	17.32768582575558
PZ7_Chen_1.pdb	AU	16.65040913510186
PZ7_Chen_1.pdb	AU	18.51026071343881
PZ7_Chen_1.pdb	GU	18.286232465764307
PZ7_Chen_1.pdb	CU	17.8444567846825
PZ7_Chen_1.pdb	CU	16.493422784945317
PZ7_Chen_1.pdb	AU	12.780149996139665
PZ7_Chen_1.pdb	AU	11.67828078479911
PZ7_Chen_1.pdb	UU	12.77771744117235
PZ7_Chen_1.pdb	AU	16.430656296629035
PZ7_Chen_1.pdb	GU	16.579486543834815
PZ7_Chen_1.pdb	AG	17.44135954712212
PZ7_Chen_1.pdb	AG	19.455641349979974
PZ7_Chen_1.pdb	GG	17.95504494100308
PZ7_Chen_1.pdb	CG	16.034621657326234
PZ7_Chen_1.pdb	CG	13.772183460870743
PZ7_Chen_1.pdb	AG	11.298764534013158
PZ7_Chen_1.pdb	AG	12.566114634704913
PZ7_Chen_1.pdb	GU	15.83011814662744
PZ7_Chen_1.pdb	AG	17.023499523997
PZ7_Chen_1.pdb	AG	19.07424068514514
PZ7_Chen_1.pdb	GG	16.75055664661108
PZ7_Chen_1.pdb	CG	14.091424615626053
PZ7_Chen_1.pdb	CG	12.261126706877551
PZ7_Chen_1.pdb	AG	12.541685587386885
PZ7_Chen_1.pdb	AG	15.848332908307672
PZ7_Chen_1.pdb	AC	14.971817471292947
PZ7_Chen_1.pdb	CG	13.397249083962816
PZ7_Chen_1.pdb	CC	12.464153771001978
PZ7_Chen_1.pdb	CC	13.504285221406132
PZ7_Chen_1.pdb	AC	15.453770145068908
PZ7_Chen_1.pdb	AC	18.897798764587524
PZ7_Chen_1.pdb	GG	11.442157110958682
PZ7_Chen_1.pdb	CG	12.555831200317687
PZ7_Chen_1.pdb	CG	15.868711790959678
PZ7_Chen_1.pdb	AG	18.77049600044483
PZ7_Chen_1.pdb	CU	15.709394323120074
PZ7_Chen_1.pdb	CU	19.43500142686643
PZ7_Chen_1.pdb	AC	18.401348600310815
PZ7_Chen_1.pdb	AA	19.852506245035553
PZ7_Chen_1.pdb	AA	18.28101721762086
PZ7_Chen_1.pdb	AA	19.91882505243413
PZ7_Chen_1.pdb	AG	17.368975695659515
PZ7_Chen_1.pdb	GU	19.806482189302333
PZ7_Chen_1.pdb	AA	19.91969671777478
PZ7_Chen_1.pdb	AG	17.88065312120607
PZ7_Chen_1.pdb	AC	14.53158272087298
PZ7_Chen_1.pdb	CG	13.221369549490387
PZ7_Chen_1.pdb	CC	18.62504925606123
PZ7_Chen_1.pdb	CG	11.35437844373032
PZ7_Chen_1.pdb	CC	16.769173767428985
PZ7_Chen_1.pdb	CG	13.354322616365769
PZ7_Chen_1.pdb	AG	18.781874628724843
PZ7_Chen_1.pdb	CG	19.896197598945548
PZ7_Chen_1.pdb	AC	18.077571970526044
PZ7_Chen_1.pdb	CC	19.973619178758128
PZ7_Chen_1.pdb	AC	15.207838698561693
PZ7_Chen_1.pdb	AG	17.598860504060998
PZ7_Chen_1.pdb	CG	19.026346723865267
PZ7_Chen_1.pdb	CC	17.481153686326245
PZ7_Chen_1.pdb	AC	12.484754635192699
PZ7_Chen_1.pdb	AA	15.795425268153664
PZ7_Chen_1.pdb	AC	19.34662929095325
PZ7_Chen_1.pdb	AC	18.449600294713758
PZ7_Chen_1.pdb	AG	18.451182325910754
PZ7_Chen_1.pdb	AC	15.198029018136086
PZ7_Chen_1.pdb	CC	18.429564417721707
PZ7_Chen_1.pdb	AC	14.412507378085637
PZ7_Chen_1.pdb	AG	19.351172358899063
PZ7_Chen_1.pdb	AC	18.158282675869184
PZ7_Chen_1.pdb	CC	18.926692986195725
PZ7_Chen_1.pdb	CC	16.557903414167072
PZ7_Chen_1.pdb	CC	17.72821275452957
PZ7_Chen_1.pdb	AG	18.3326610837445
PZ7_Chen_1.pdb	AC	15.45108224067344
PZ7_Chen_1.pdb	AC	13.9347545504626
PZ7_Chen_1.pdb	AC	16.224390213088
PZ7_Chen_1.pdb	CC	15.443151873227675
PZ7_Chen_1.pdb	CC	15.167485645044154
PZ7_Chen_1.pdb	CC	17.371907928216377
PZ7_Chen_1.pdb	AC	15.438960995580754
PZ7_Chen_1.pdb	AC	17.846572908821003
PZ7_Chen_1.pdb	AC	13.477687550306095
PZ7_Chen_1.pdb	AG	18.43637298669969
PZ7_Chen_1.pdb	GG	17.59561444453473
PZ7_Chen_1.pdb	GG	16.868168570954293
PZ7_Chen_1.pdb	CG	19.67089556597902
PZ7_Chen_1.pdb	CC	14.808723328480104
PZ7_Chen_1.pdb	CG	16.830604098604024
PZ7_Chen_1.pdb	AC	19.88307069622459
PZ7_Chen_1.pdb	GU	17.623083381457004
PZ7_Chen_1.pdb	AC	19.288111425126456
PZ7_Chen_1.pdb	GU	19.187868572403737
PZ7_Chen_1.pdb	AU	19.829153332252595
PZ7_Chen_1.pdb	GU	19.511810995728897
PZ7_Chen_1.pdb	AC	18.232344711514397
PZ7_Chen_1.pdb	CG	18.85863376793229
